Title,Date,Text,Similarity
,2021-11-09 05:07:30,"Alright I guess that really good then, I thought there was something wrong since I heard many people talking about withdrawal stories. But thank you !",0.114574105
,2021-11-09 05:04:52,"For alcohol the only thing I can say is to take it slow and avoid drinking fast to test your limits. For me personally it got me more drunk than usual for the first few times drinking but after that my tolerance went back to normal. This doesn’t mean it goes well for everyone because it does affect everyone differently.
And about the dosage, if the 75mg are helping you then that’s already good but if you don’t feel a difference going up would be a better option since 150mg is still not an overly high dosage.",0.27932656
Cold turkey,2021-11-09 04:59:34,I’ve been taking bupropion 300mg for 3 months now and about a week ago I forgot to take it for 2 days and didn’t feel any difference so I decided to keep going to see if I would feel any withdrawals or any different in general. ( I know this sounds dumb but I just wanted to see what would happen ) and so far nothing has changed. Have I not been on it long enough to feel any withdrawals? Or could it be that the drug doesn’t affect me much either way because I don’t really remember if it changed anything for me for the past 3 months.,0.23918627
,2021-11-03 03:09:20,This is so cute !,0.047900975
,2021-10-25 00:34:59,Yeah really hope that future doctors will start to look at interactions more in general because there’s no point in taking additional drugs without much of a difference. And yeah a friend of mine used mdma a lot but he was on an ssri so Idek how and why he did that.,0.10896444
,2021-10-25 00:32:15,Oh damn didn’t know that either thanks!,0.14279862
,2021-10-25 00:31:45,Yeah that’s why I was wondering since etizolam isn’t a traditional benzo it’s slightly different but same results,0.109996766
,2021-10-24 20:03:35,Oo yeah that makes sense I’ll try that out soon thanks !,0.09062626
,2021-10-24 20:01:35,I see thank you !,0.1258444
,2021-10-24 20:00:17,Wow that’s crazy considering quite some people get both of them prescribed for adhd+depression,0.2182058
,2021-10-24 19:59:04,That’s very interesting so maybe it has something to do with the dosage too or the time when it’s used. Thank you!,0.31007123
Grapefruit,2021-10-24 19:51:54,So it’s said that drinking/eating grapefruit makes xanax stay in you system longer hence increasing the effects. Does the same thing happen with etizolam or is it exclusive to alpazolam.,0.2671786
,2021-10-19 02:33:21,Aw man guess I wasted my money buying it again but thank you for the answer :-))),0.1258495
,2021-10-19 01:39:10,Wait this is so weird because bupropion blocks the effects of Ritalin for me but when I wasn’t on bupropion I took Ritalin with speed and it amplified it I was up for 4 days from just one session.,0.12442085
,2021-10-19 01:31:46,Correct me if I’m wrong this may be stupid but I always thought vyvanse capsules need to be swallowed because they activate through some enzymes (making them less prone to be abused cuz you can’t snort it effectively) So there is a chance that the vyvanse didn’t even “activate” if you snorted it.,0.23196508
Bupropion increasing tolerance to other stimulants ?,2021-10-19 01:20:46,I used to be on 10mg Ritalin which worked pretty well for me even though I used it nearly everyday. ( only 2 hours of focus tho). I’ve been off it for around a year now and started taking bupropion 3 months ago. Recently I tried taking the same 10mg Ritalin again and it had no effect on me whatsoever even though i never really built up a tolerance and even had a year break. I don’t know if it’s because bupropion is technically a stimulant which could make it increase ones tolerance or if it’s something else. Has anyone else had a similar experience?,0.26017845
,2021-10-19 01:13:25,"For me it only made a difference in the first week of switching to 300mg after that my tolerance went back to normal, but I reckon it’s still pretty dangerous so I guess don’t try to drink lots alone and slowly test your limits",0.29836842
,2021-10-19 01:08:53,That’s so weird I’ve been on 300mg for 3 months or something and caffeine barely has an effect on me anymore. I wake up take my meds with coffee and still be able to fall asleep afterwards,0.16417214
Alliance formed,2021-07-21 22:26:16,,-0.057228804
,2021-05-05 20:33:51,Thank you :-)),0.09826599
,2021-05-05 20:33:42,I guess so when I finally get an appointment with a psychiatrist or doctor and they give it to me I would try. I’m glad that it has worked for you though that’s nice to hear,0.122576624
,2021-05-05 20:32:25,Well I used to smoke but I stopped cuz I got more anxiety from it and now when I try again I stay up even longer than when I’m sober for some reason ahhaha,0.23016137
,2021-04-10 22:13:57,Thank you that’s pretty interesting I think I’ll try that :-)),0.112955615
Helpless,2021-04-10 22:02:19,"Hello
I’ve had insomnia for 7 years and I’ve never taken any medications to sleep because I’m scared of getting addicted to them since I’m pretty young. But I can’t seem to get my sleep schedule sorted or actually fall asleep until it’s already way too late. I really don’t know where to go from here. It really just isn’t fun anymore. I’ve treues multiple supplements or melatonin but it doesn’t seem to work at all. I really don’t want to go on stronger medication but I just want to go to sleep like a normal person or at least before 5am for once. I‘m sorry for the rant but I don’t know what to do anymore
Thank you",0.20409428
,2021-03-17 11:46:38,"literally my legs. spaghetti from the side, elephant from the front",0.13073982
,2021-03-12 01:06:12,"You’re right I will try doing that, and thank you :-))",0.10009675
,2021-03-12 01:05:34,Thanks I will try that! I mean staying sober has been working for me but you’re right it’s Time to work on the actual Problem and stop associating it with weed. Thank you very much for the advice :-)),0.21669607
,2021-03-10 15:36:44,This is so cute I want it as a pet,0.08540117
anxiety with sobriety,2021-03-10 12:32:22,"Hi, I've been sober from weed for 2 years now after smoking everyday for 1.5 years. ( not too much i know) I had a lot of anxiety specifically social anxiety before smoking weed and during those 1.5 years i barely had any symptoms which I loved. But after stopping the symptoms came back and it's been getting worse than it was before I started. I really want to feel at ease again but even after trying weed once again about a year ago i can't stand the feeling of being high and the paranoia i get from it now. I even get small seizure like symptoms on weed and no sleep at all even if I'm tired. I honestly thought about going back to weed about a year ago because of the social anxiety but now that i can't even tolerate it anymore i feel kind of hopeless.",0.17050272
,2021-03-10 11:52:05,yesss sometimes i even get these flashes of light when i'm sober,0.18183272
,2021-01-23 17:54:31,Scratch butt,-0.04507363
Tramadol,2021-01-12 18:54:04,[removed],-0.03906689
,2020-12-05 01:49:11,Why does this look like ear wax,0.07559279
,2020-09-10 03:27:51,Yeahh basically it can just get very intense but in a good way,0.13077526
,2020-09-10 01:50:12,I personally did 50mg Ritalin and random amounts of speed once and it just felt like an overpowered Ritalin high tbh. I guess the most it will do is stop you from sleeping for a really long time.,0.19822143
,2020-08-05 07:27:45,Chads are too powerful,0.10819808
Is this a real card and if yes would it be worth something?,2020-08-02 02:20:13,,-0.057228804
Weird reaction to weed help,2020-07-23 23:39:04,"I used to smoke a lot of weed everyday for a few years but stopped for a year to focus on school. Recently I got back into it but my tolerance is insanely low to the point where I can completely black out after one hit and actually dislike the high. I’ve been trying to get my tolerance up so I can enjoy it like I used to but I keep on getting way too high from barely anything to the point where I can’t speak or function.
Does anyone know why this is happening because my tolerance wasn’t even that low when I first started?",0.2522529
,2020-07-04 22:41:48,Even though this situation is very weird. I don’t think she’s mainly upset about the peeing. She is upset that you lied to her. Twice in one moment. Maybe try talking to her about that since it may be connected to her past. Even though it’s very small insignificant lies can be very hurtful in relationships if it builds up.,0.13693711
,2020-06-18 10:37:06,Nothing feels better than looking at your badges after polishing them for 5 minutes straight,0.05500008
,2020-04-13 05:40:22,Double kill,0.03166423
,2020-04-06 07:11:25,That’s a good choice. I don’t want to stop you or anything but if you text most vape stores in your location they will deliver it to you. But still stay strong king,0.13260823
,2020-04-04 14:01:59,Dances a lot and looks brain dead when talked to about sophisticated things.,0.070557155
,2020-04-04 11:39:10,Make it a song,0.07428615
,2020-04-04 06:55:19,Dudeeee thank you. And no worries I forgot about  what I said too. But I’m glad someone gets it cuz this stuff isn’t even bad.,0.1143256
,2020-04-03 08:14:51,Chilli,-0.018747361
,2020-04-03 06:34:37,A bit sad but it’s the least thing I’m worried about at the moment.,0.07133262
,2020-04-02 04:02:42,Cute!,0.05646403
,2020-04-01 12:32:17,You gay,0.107178256
,2020-04-01 06:32:46,Should have expected that,0.17039663
,2020-03-31 19:54:32,Hmmm what’s above god?,0.122725144
,2020-03-31 17:01:10,Ah yes truest form of originality,0.10915971
,2020-03-31 16:54:02,I agree with your choice for GOD,0.18052137
,2020-03-31 15:29:20,I was high and came out of a revolutionary shower,-0.0047524367
,2020-03-31 09:57:11,Sometimes it be like that,0.12884185
,2020-03-31 09:31:25,I feel you and I’m sorry. After we did our mocks my predicted grades went from 37 to 31 because of how badly I did in the mocks. Didn’t study cuz I was doing university application exams and needed to prioritise. I hope you still do well in the mocks and get the grade you deserve.,0.12019315
,2020-03-30 12:51:26,Darude sandstorm,0.063339196
,2020-03-30 06:14:59,I dropped it in my toilet after peeing,0.05239677
,2020-03-30 05:11:31,Confusing as fuck. But I started listening to English songs and repeated the things they said and then saw based on the reaction of others what it meant ?? Not quite sure how I Mariah Carey was the best artist to learn from,0.114603445
,2020-03-29 08:38:30,Yup but I’d add some milk if it’s with vodka. Get the White Russian vibe,0.13442457
,2020-03-28 17:54:14,Damn my dad calls me ugly if I don’t dress nice and tells me to change into something less homeless,0.1182633
,2020-03-28 17:22:46,What if we make April fools the ideal day because having a good day will look like a joke this year.,0.13412571
,2020-03-27 18:50:17,“ we had an eeveenly distributed profit annually so can make that work “,0.08938614
,2020-03-27 18:44:19,"I understand why you may feel uncomfortable with it but if it’s just pictures with her in underwear it might just a girl thing. Some girls like to share the underwear they have with their friends to get validation or to see if it’s cute enough to send to you. I personally would say it’s harmless but if you feel uncomfortable it’s also completely fine and you should talk to her.
(I’m a female and have sent pictures of my bras to my girlfriends who do the same to me to simply share new bras and validate)",0.10199316
,2020-03-27 17:22:49,“ it’s about time to get eevee - n on our raise this year “,0.054538727
,2020-03-27 16:36:52,I honestly don’t know I was focused on playing and only later on realised the crap I produced,0.15759407
It’s an eevee conference,2020-03-27 14:59:21,,-0.057228804
My mans got a curfew so he needs to deliver in day time now,2020-03-27 07:48:07,,-0.057228804
,2020-03-26 07:21:26,Wow that sounds like an amazing time!  it’s so cool that your mom joined lmao,0.12185983
,2020-03-25 06:49:13,I wanted to make poached eggs but I was lazy so I tried in the microwave. The eggs exploded in the microwave. Was a bitch to clean up,0.20623049
,2020-03-24 20:40:17,No it’s nuts.,0.13201341
,2020-03-24 07:21:42,I had a mock exam during the same time when I was taking my university entry exam which I had to study a lot for as they gave me lots of content to study from so I didn’t study for my mocks or complete my chem IA at a good quality. Now I may get into uni but I have completely failed my mocks and may get 27 instead of 37 points if mock exams and IAs are valued a lot. So that feels kinda shit.,0.0463918
,2020-03-20 01:43:36,Speed is you,0.34072945
Home school plan?,2020-03-19 09:39:10,,-0.057228804
,2020-03-18 06:04:53,Ooo that’s so cute have fun !!,0.16754034
Nooo why is timmy beating up eggy,2020-03-17 14:10:21,,-0.057228804
,2020-03-17 14:05:48,"How is this even possible, I am amazed",0.10850475
,2020-03-17 00:01:43,"It smells good, very specific smell tho you can’t compare it to bud and the taste varies a lot since I also mix it with tobacco most of the time. And the high is good it mostly makes you feel very calm and giggly. It varies a lot tho I’ve had bricks that made me run around like crazy haha",0.13436233
,2020-03-16 03:05:11,Bruhaps that’s true,0.057311177
,2020-03-15 23:51:28,Fair enough I barely have normal weed cuz it’s much more expensive where I live but when I do it’s a treat,0.11109349
,2020-03-15 23:49:18,I doubt my dealer was gracious and gave me a kilo for 45$ which is my usual price for 50g hahahah but if that’s the case I’d be happy,0.08695638
,2020-03-15 13:28:33,:-((( but this one is nice,0.06193497
,2020-03-15 13:27:41,It really is and it’s strong so I had a good time for a month or two,0.119433105
,2020-03-14 17:05:26,Happy 3D triangle day!,0.050517216
,2020-03-14 03:49:02,Yeah it’s strong. In some places in Asia (where I live ) you can’t get bud for reasonable prices so the brick is just fine,-0.00021967106
,2020-03-14 03:22:30,Around 45$,0.007945731
Respect the brick (50g),2020-03-13 13:57:33,,-0.057228804
,2020-03-11 11:18:53,"10% luck 20% skill 15% concentrated power of will 5% pleasure 50% pain and 100% reason to remember the name
Congrats tho that’s amazing!",0.053438615
I made cute rice,2020-03-11 07:55:07,,-0.057228804
,2020-03-03 15:09:29,Anything that interests you to be honest. But personally I find writing about memory or sociocultural psychology the easiest as can have lots of personal engagement like globalisation. Good luck!,0.11128266
,2020-03-03 14:58:13,Actually the second time but the first time was years ago so it was still so much fun,0.102840476
Platinum league done !!! :D,2020-03-02 12:09:42,,-0.057228804
That is not how the tongue is suppose to work. I'd ask for a refund.,2019-12-25 19:46:47,,-0.057228804
