Title,Date,Text,Similarity
,2021-11-21 22:22:31,That is so fake. A calorie at 8am is the same calorie at 8pm.,0.16290462
,2021-11-21 22:21:37,"I love cheese. Calcium, protein, and tasty. I like to eat it with salami.",0.32941934
Anyone in Dallas area use Genesis Lifestyle Medicine?,2021-11-14 19:18:01,DM me ! I have 2 coupons for 100 dollars off a procedure after visiting them. I’ll update when they have been claimed. It is for their frisco or Dallas locations,-0.068455786
,2021-11-11 08:02:17,What has helped me is that my big issue was ordering doordash all the time so now if I want food I HAVE to go out and get it. Sometimes I am not motivated enough to go out and buy it or even if I end up going a lot of the time I end up not even buying all the binge foods Bc I’m thinking abt how I’m going to have to lug it up to my apartment wtc,0.3301734
,2021-11-10 05:56:19,I’ve spent thousands from my binges due to living alone and hiding it very well. You aren’t alone. I’m working to fix my problem because my bills and debt are also getting my to be problematic; hope u can too!!,0.09683165
,2021-11-09 02:55:33,"the same thing happened to me. I should have gotten a therapist for my ED/ Eating Disorder bc all i ended up doing by going ""all in"" is replacing my restrictive ED with a Binge-purge ED. I was a fool. two years later still undoing the damage of my decision",0.21149415
,2021-11-09 02:30:40,its not his fault he sounds like jafar's parrot Iago :'( xD,-0.015120201
,2021-11-07 16:22:04,My arms to the point that I’ve had several Coolsculpting and lipo consults to get them to slim down :[,0.15003562
,2021-11-05 02:58:14,literally what happened to me :\[,-0.04863627
,2021-11-05 02:57:56,felt,0.008658451
,2021-11-04 05:44:44,FELT that :/ I was never smart I just work hard,0.10961506
,2021-11-04 03:39:31,I have a similar situation; and it’s so heart wrenching bc I want to stay in my disordered ways and he wants me to get better :(,0.019853577
I told my bf I relapsed to piss him off and push him away and make him want to leave me and instead he is trying to help me stop;Ik should be grateful but instead im so upset bc he deserves someone who isnt a mentally ill fat binging bitch who throws up every chsnce she gets,2021-11-02 17:57:08,,-0.057228804
,2021-11-02 06:26:21,fr tho :((((,-0.04090628
,2021-11-02 06:19:12,ah shit i thought I was the only one who did that,0.1279014
,2021-10-31 23:22:10,Haha me tho. I literally gained the COVID >!40!,0.04173023
