Title,Date,Text,Similarity
,2021-11-18 20:09:59,"I'm a student full time + I work about 20 to 25h a week, so I do work weekends. It's hard to not have any day off, but I have to do it to pay rent and food so yeah",0.15382758
,2021-11-18 15:40:36,"No one gives a shit about anyone, but yeah i read it keep it up bro i feel you",0.112632886
,2021-11-18 15:05:43,The Oedipus Complex,-0.011170479
,2021-11-17 18:27:39,"Genderfluid, but trying to keep an androgynous look so ye",0.14556608
,2021-11-15 20:09:34,"Last screen : You should add ""Not responsible"" in the choices...",0.13606371
,2021-11-15 19:53:40,"You should include a ""Non-Binary"" or ""Other"" for your first question, as a possible choice",0.17892528
,2021-11-15 19:36:02,"Where can i get one of those?

​

Asking for a friend",0.034375913
,2021-11-15 18:56:14,I would say to let them express themselves. It's hard to communicate and express opinions with a Narcissistc Parent.,0.11894297
,2021-11-15 18:42:31,Waking up,0.0009716246
,2021-11-15 18:41:50,He's gonna save us all,-0.043567307
,2021-11-15 18:40:45,"She's getting mad because you want some automony/privacy, then proceeds to block you. Is she trying to do some reverse psychology here or what?",0.14656049
,2021-11-09 20:29:02,Sledgehammer,-0.003377214
,2021-11-09 20:24:52,"That's why I have a second account now

Edit : grammar",0.010779342
,2021-11-09 20:22:11,Ice Teaception,0.062063288
,2021-11-09 19:46:09,Chocolate coverd blueberries,0.19956125
,2021-11-04 17:20:33,insane,0.030123852
,2021-10-28 14:51:00,"It's really hard go get out, since you said the pay was good, and that you were doing all this to support your kids :/",0.20622003
,2021-10-28 14:46:12,"Can't take vacation since they're lacking employees i guess? Even then, it's not your fault and they shouldn't punish you for this... And pay you your vacations.",0.15253854
,2021-10-26 16:32:22,I SEA what you did there,0.10484709
,2021-10-26 16:28:22,"I'm really proud of you for taking this descision. Its really hard go get out of a toxic relationship, and you did it! :)",0.110391885
,2021-10-26 15:42:27,Sounds like he's the one having issues,0.05733087
,2021-05-07 15:32:59,"Lmao he did ask for it, good for him xd Being an ass like that, he deserved that",0.043808248
,2021-02-22 14:03:33,Yup,0.026003918
,2020-11-01 03:47:21,add me xiba99 psn,-0.08057126
,2020-07-16 00:50:02,Truuuuueee,0.11094884
,2020-07-16 00:36:55,"Would be worth even more ""idiots"" lmaoo",0.043615267
"""An image is Worth a thousand words.""",2020-07-16 00:32:55,,-0.057228804
,2020-06-13 15:43:54,I must have,0.18687838
,2020-06-04 01:42:35,"""Emboutisseur""... its the first time I see that word. And my first language is french.",0.038011543
,2020-05-17 13:31:57,I think it's more child abuse than sexual abuse on this case.,0.15447363
,2020-04-29 15:00:01,What are these name tags dammmnnnn you guy had the funds for it uhh,0.12523024
,2020-04-28 15:55:04,"I mostly wear black and camo, and use sometimes red as an accent color. Oh and I shop in the men section since I don't like fit clothes that much.

I used to wear, as a teenager, the clothes my mother would buy me (she isn't INTJ) and I would hate it. My self confidence improved a lot since I started to buy clothes by myself, and now I'm actually comfortable in my clothes.",0.10072063
,2020-04-27 21:00:05,That's the truth right there,0.03282749
,2020-04-27 03:08:00,imma try to do the same if i ever have a kid,0.09328514
,2020-04-19 02:48:41,"Mix my ashes with fertilizer and soil, and use that to grow a weeping willow tree that will later be planed in a cemetery. I wanna give shadow and protection from the weather to my fellow fallen people.",0.027676696
,2020-04-19 02:39:12,That's so adorable,0.07336653
