Title,Date,Text,Similarity
,2021-10-28 19:20:36,So hard to pick a favorite animal (´°̥̥̥̥̥̥̥̥ω°̥̥̥̥̥̥̥̥｀),0.07465902
,2021-10-27 23:38:39,I’m not from America so I just selected a random state hope that’s ok as it said “all welcome”,0.06612691
,2021-05-12 18:58:45,"I'm not sure if you get marked down for asking but maybe just clarify if they mean the private road or not. If they do that route for basically all tests though you'd hope that they would know that the clarification is necessary

and good luck on your test!",0.19740137
,2021-05-12 18:51:45,"thank you for the advice! it's in-person unfortunately and I am allowed notes to read off, but I think I'm getting marked on 'engaging with my audience' (yikes) and that I get marked down if I just read off a sheet

It would be great if something happened that meant that it had to be online though",0.09885369
,2021-05-12 08:58:17,"ah sorry, I'm not very good at understanding social cues : (",0.13185361
,2021-05-12 08:51:00,"as a girl (admittedly not one with any interest in guys) if someone kissed me after two dates I would probably feel a bit weird, I've never kissed anyone in like the first month of seeing them. but i guess it depends on how comfortable you both are. Also even if they were hoping for that, they should still try and be understanding if its not what you also want",0.15763535
anyone else's ragdoll obsessed with going outside?,2021-05-11 21:34:46,,-0.057228804
reverse presentation curse,2021-05-11 21:16:44,"I'm not sure how to really explain this but my whole life I've always somehow got out of doing presentations or speeches, so much that this thing has been given its own name 'the reverse presentation curse'. whether it's that they just don't get round to me or the person I'm presenting to has to leave, I've basically never had to do one. its called the reverse curse because there is nothing worse I can think of than giving a presentation, but its still a curse because one day I will have to do one and it will be my first time ever (and I'll be expected to not freak out because I should have experience). I've been dreading it for the last 6 months and now there's only 1 left until my first one, and there is no way that I can get out of it unless the world ends or I go into a coma. the curse has sort of worked because I'm doing it in front of 2 people instead of the 10 it was meant to be. the only time I've ever had to do something close to a presentation, my voice cracked so much that you couldn't understand what I was saying, and I started crying to the point that the person just took pity and told me I could stop halfway. time to spend the next month just freaking out :')",0.088345855
,2021-05-11 21:05:14,"maybe if someone makes a comment about offering to teach you how you could say yes please because you're a bit worried about it. that way people know you're not just being rude, you get to bond with your co-worker over making, and hopefully, you won't be as worried about doing it anymore if you know the exact protocol. unfortunately, I guess that's a bit dependent on someone bringing it up again. (I've never been in an office in my life though so I'm sorry if that's not quite how it works)",0.14018786
,2021-05-11 21:00:00,"I can't say that I have much experience as I'm in a similar situation, but if you tell them you feel nervous that might ease the tension a bit especially as you won't have to worry about hiding it if the relationship progresses. also if they have a bad reaction then they maybe aren't someone that is very considerate anyways. as for fear of an intimate moment, you should never have to feel pressure to do something that you don't feel comfortable doing, even if that's just a hug, and whoever you are with should respect that :)",0.094277725
,2021-05-11 20:48:47,"I'm a high school student and used to have an English teacher that I think probably felt the same way. she was shy but she was a good teacher so we all respected her and were thankful that she was doing a good job of teaching us, despite how nervous it may have made her. I get that won't make the nerves go away but thank you for teaching despite how hard it is for you, and that until you can feel confident in front of a class you're still doing an applaudable job :)

(side note- I see your username and I hope you do not eat cats)",0.09504497
,2021-05-11 20:38:41,walk along the side of a main road or go swimming,0.15657394
,2021-05-11 20:30:48,"absolutely. I feel like everything pandemic-related has just made me able to not have to confront as many social situations/ made them easier, especially masks where I don't have to worry about getting facial expressions right, and if you talk too quiet people just put it down to being the mask. when it all goes back to normal I'm worried everything will be even harder than before :(",0.11488052
,2021-04-12 09:03:48,Basically :D,-0.06105748
,2021-04-11 21:11:11,"its fine, thank you for taking the time to complete it :D",0.08316098
,2021-04-11 21:10:37,thank you!,0.13484871
,2021-04-11 21:10:28,"thank you for taking the time to complete it, and also that is part of a point of the study, so I am (sorry if this sounds mean) sort of glad that bit was kind of hard :)",0.24337749
[Academic] reviewing beetroot pictures (all welcome),2021-04-11 10:45:44,"Hi there! this is a survey for a project I'm doing on scientific t illustration. It should take about 2 minutes to complete if you're interested :D

the aim of this research is to look into the application of different methods of scientific communication

there are 3 surveys, it doesn't matter which you choose to complete

[https://forms.gle/EuSjKEGH52oYSqUE7](https://forms.gle/EuSjKEGH52oYSqUE7)

[https://forms.gle/AZpQVPzsPqRW3cH77](https://forms.gle/AZpQVPzsPqRW3cH77)

[https://forms.gle/GTGms5ybZ9wM1GQP7](https://forms.gle/GTGms5ybZ9wM1GQP7)

Thank you!",0.067233175
