Title,Date,Text,Similarity
,2021-10-30 03:54:42,"Same here with Part 3, Task 4 of 4. I had to redo it and go through the 5 hour timer for a second time! ://",0.05525062
,2021-04-08 05:46:55,"I’d definitely be willing to move in with relatives in the meantime. I just don’t know the right way to approach them about it.
Plus, even though its a toxic environment, I know my parents love me and they don’t do any of these things in order to purposefully cause me harm or distress. Its that thought that makes me wonder whether I’m strong enough to leave like that, knowing the pain it would cause them. If I were moving out because “oh, I’m becoming independent”, I’m sure they’d be proud, but to leave as a mean to escape them, its hurtful.",0.10171467
,2021-04-07 17:17:35,"Its a work in progress. My parents don't really want me getting a job. I've wanted to work since I turned 16 when it was legal to work and be paid as a minor. Thing is whenever I mention it my dad gets skeptical because ""its dangerous to be out in the world"" and my mom wants me to focus on my studies as much as possible. I'm an adult, I can make the decision without their consent. Its just a job after all, I'm not asking much. But yeah, we clearly don't have a healthy relationship and I get too scared to confront them about things. So for now I'm just making side money by tutoring students from Uni at times or selling things in Redbubble.",0.052390095
,2021-03-22 16:05:08,"To be honest, I would’ve thought the same thing you did if the scenarios were reversed.  But yeah, it happens xD",0.10171083
,2021-03-22 03:25:25,xD,-0.036354408
,2021-03-22 03:00:40,"You're actually not wrong, I'll be sure to do so. Thank you.",0.16035168
,2021-03-22 02:32:12,To be completely honest I have no idea how Patreon actually works. Could I do that?,0.06355302
,2021-02-27 18:38:13,I know its tough but I appreciate the advice so much! :),0.10871814
,2021-02-26 17:39:17,"I find myself in a similar situation and fall into 3 of those categories you just mentioned. I deal with my mother's hoarding, which she denies frequently, and both my physical and mental health has taken a toll ever since the pandemic begun since I have little to no ways of escaping this house filled with unnecessary items and trash. She won't even throw out food that is expired...

I've tried to take it upon myself to clean, throw out some of the smaller stuff so she wouldn't notice, but its so minimal that not even I notice the difference and instead just panic at the thought she'll find out. I agree that moving out is the best solution, but what do you suggest people who aren't economically stable (I'm 19 with student debt already) enough to do ?",0.21009362
,2021-02-18 23:11:45,"I was under the impression that this reddit community helps and supports each other, not judges other aspiring scientists. I did not ask anyone to do the research for me, I merely asked if anyone who already had any information could be kind enough to share it. You see, people have different resources, so I figured there might be people here who could give me some additional information I might have not been able to find for whatever reason. As a matter a fact, this doesn’t only help me, but also provides information for any other person who might be interested in the topic. But, for your information, I’ve done my research and already have several articles at hand found by yours truly.",0.09496156
,2021-02-18 19:51:59,Thank you so much!! I appreciate the support 🤍,0.1431116
The Differences in Humpback Whale Songs,2021-02-18 16:07:42,"I'm doing a dissertation on the differences in humpback whale songs between whales that are geographically isolated from each other.  For example, Indian Ocean humpbacks sound very different from Pacific Ocean humpbacks. If anyone has any journals or articles you've come across regarding this topic I'd greatly appreciate it! Thank you so much :)",0.08829236
,2021-02-16 20:07:21,"I'm  meant to read this book as a reference resource for an essay I am  writing, but it is so intense. I am really enjoying it, but I find  myself needing constant breaks from it because of the heavy writing. I  only need to reference part 4, so I was thinking of skipping ahead to  read what I need (I don't mind spoilers) and then return to read the  parts I skipped when I am less pressed for time. Would I understand the  plot of part 4 if I do this skip or do I absolutely need to read  everything else?",0.1147328
,2021-02-03 17:08:03,The only class I've been able to complete is Potions.,0.07651609
,2021-01-18 20:35:39,That beige-looking dorm set is so beautiful! I'm so sad I missed it ://,0.06726818
,2021-01-09 16:28:31,The House of the Scorpion by Nancy Farmer has that sort of vibe and is not that well known (imo).,0.16495332
,2021-01-09 04:29:55,"I haven’t read the PJO books in a while so I don’t actually know for sure but I feel like if there was one person he would have told (somewhat) comfortably, its Bianca.",0.07316011
,2021-01-08 21:29:52,"I absolutely adore Love and Gelato by Jenna Evans Welch. Its sweet without being too overwhelming and it gives you a sense of what it feels like to be in Italy. Its not too short nor too long and while yes, technically things could have been resolved much earlier if the protagonist was straight forward, I think its a plot hole worth overlooking due to the beautiful places described and the story telling. Ultimately, I think its just wholesome.",0.09335588
,2020-12-28 04:33:48,"This happens to me quite frequently. I contacted JC and they just recommended to force stop the app. I guess that works, but it stills happens from time to time so I wouldn’t say its exactly 100% reliable.",0.04073231
,2020-12-21 16:45:25,"I don't think HoO was bad at all! It's my favorite series out of all of Riordan's books. I was just saying that in that last book I would have liked to see only one or two chapters from Percy and Annabeth's pov. I completely understand the idea of shifting the focus to other characters since House of Hades was so centered on them, but 4 small chapters from them would have nice.",0.08819929
,2020-12-21 04:57:43,Completely agree! It didn’t even have to be Percy or Annabeth as predominant characters throughout the book. Just include 4 small chapters like they did with a few of the characters in House of Hades just to get a small idea of what it is they’re going through directly from them rather than what the others perceived.,0.04422725
,2020-12-02 18:54:34,"Same here! I looked all over the place for a definition but never found it. I’m guessing it’s probably soundtracks, including but not limited to scores. That’s why it didn’t appear as “scorecore”.",0.17924425
,2020-11-21 05:16:10,When this happens I tend to go with the food. That way you can feed the already maxed out creatures which might reward you coins.,0.31415918
,2020-11-19 22:58:54,Thanks!,0.086926796
,2020-10-04 15:46:16,"Exactly, which is why (as a spectator) I would have found it odd. Under regular circumstances, he would’ve had to kill him, so why bring him back just to kill him yourself later on.",0.061436035
ITAP of a jellyfish,2020-09-24 03:36:14,,-0.057228804
Possible TW (Body Dismorphia),2021-09-27 01:48:21,"I'm 21yrs old (F) and I've been struggling with food since I was about 13-14. I've gotten a lot better with my recovery since then. I stopped one of my habits around 16 and the others haven't fully stopped but I've managed to keep it under control and be, for the most part, healthy.
These past few days though, I've been doing something I've never done before. I was trying on outfits for a small party and I kept getting so frustrated at myself for not looking the way I wanted in the clothes that I began punching my stomach. I even left some bruises :3 I don't know if this can be called a relapse as it doesn't directly have much to do with food and everything to do with body dismorphia. I'm not proud of it, but I also can't say its something I'll never do again..
Has anyone ever experienced something similar? Regardless of the bad days, I really do want to get better, so any and all support is much appreciated.",0.36386895
Friend referral code,2021-09-07 23:53:01,"Referral Code: 6KDUPT4SG

People who've added me: 1/5

Ty :)",-0.013206524
Do you expect your father (or parents in general) to know the name of your partner's sibling?,2021-09-07 21:14:51,"Me and my bf have known each other for 4 years and been together for 3 years. His sister and I are friends and I've mentioned her, not constantly, but enough for my dad to at least recognize who I'm talking about when I say her name. And yet, 3 years later, he still asks me who that is.

Its not that I expect him to know every single thing about her and the things we do together, that would make me uncomfortable on a whole other level, but I can't understand how self centered you have to be to not even know the name of who your daughter hangs out with. Just her name. Specially since she isn't just a random friend, but the sister of the man your daughter has been dating for over 3 years.

I don't know if I'm putting too much importance over this, but it bugs me that he doesn't know who I'm referring too in a casual conversation. I'm 21, it shouldn't matter that he doesn't know, but it just reminds me of how little attention he pays to me the times I decide to dedicate the time and patience to speak to him. Then again, he doesn't listen about how I'm doing at university or how I'm feeling, what makes me thing he would listen when I talk about my friends and even more, remember what it is I say.",0.11355658
Is it normal to have roaches in the house?,2021-04-27 04:51:33,"I know, random question to ask, specially in this subreddit. But I swear there’s a point to this.

So I live with toxic parents (I’m 20 and currently working to getting my own place but money is tight atm). One’s a hoarder, the other has diagnosed anger issues, both are in their own way controlling over me, amongst other problems. Now over the past few weeks, roaches have started to appear over the house (I’ve killed 12 in just over 10 minutes and I wasn’t even able to get to all the ones I saw). I’ve been vocal about my disgust towards this because they’re everywhere. I had to throw out my toothbrush because there was one standing on the brush. My dad’s bought a few generic roach strips with venom, but it’s barely done anything. Surprisingly enough, given his anger issues he’s barely demonstrated any disgust. No more than a regular person would be if he saw insects crawling a tree, which is certainly not the same reaction one should have to dozens of roaches in their home! My mom is pretty nonchalant about it too. She only kills them if she feels like it and if I ask her too cause I can’t alone. So here’s where my question comes in. By the way they’re reacting they are making me feel like I’m blowing this out of proportion and its actually normal to be living like this. So in your opinion, is it? Answer below and thank you :/

Also, please don’t go into too much detail about dangers and whatnot. I’m aware of them and I’m already panicked enough. I guess I’m just looking for some validation as many of us children of toxic parents do.",0.123722926
Mother hoarding food,2021-04-07 17:03:31,"What the title says :3 my mother hoards food that's been expired for months, sometimes years. She either hides it so nobody notices it or erases the expiration date on the container/bag and puts it in the freezer or fridge. She does hoard so many other things but this is actually harmful to our health you know. I used to be aware of this behavior and simply became extra picky on what I would eat around the house (which I think was a big part of why I developed an ED at 14). Now that I'm older though, I'm not only aware but she also does it in front of me and asks me to keep it a secret from my father. Although its not as if he didn't know, he helps me get new food whenever my S/O comes over cause well, obviously its gross to eat expired food but also because I was ashamed of having him come over and eating anything and he would just be here and be starving the entire time.

She does throw it away if anyone in the house points out that it looks visibly bad (if its rotten or has mold). But even then, she just kinda throws it all together in a container rather than putting it in the trash. And if me or my father take the initiative to throw it out, she looks through the trash and takes it out. We've gone as far as throwing it out in trash cans outside of the house, but I find it ridiculous that we have to go through such lengths to discard food that's just not eatable.

So the point of this is just that I find myself in a bad position because clearly what she's doing isn't okay. I'm 20 years old and at this point I'm just tired of being put in situations where one parent tells me to hide information from the other. ""Oh, don't tell your mom but I threw away all of these things"" and then she finds out and I have to deal with her frustration because we never told her. ""Oh, this is expired but I'm putting it in the freezer and erasing the expiration date so your dad doesn't find out and throws it out"" and then having to deal with the rants of my father who is diagnosed with anger issues. Its mentally draining.",0.28191546
Common or “side effect”?,2021-03-26 05:46:04,"So I’ve been wondering a lot lately, how do you tear a piece of toilet paper/paper towel? I live with a hoarder parent and its to an extent that we have cockroaches in the house (not a lot but enough for me to see at least 1 or 2 a day). Anyways, I’ve noticed lately that instead of tearing toilet paper/paper towel from the top, I do it from the bottom. Idk if that makes sense.

Take this emoji for instance: 🧻. If you turn the screen to the right you’d see the toilet paper in a different position that you’d see it if the screen is turned to the left. Well, I feel like the most natural way to tear a piece of this would be from the top (if the screen was to the right). Personally, I do it from the bottom (if the screen was to the left). I’m wondering, is this common or is it a “side effect” (for lack of a better word) of my situation? Because the way I see it, by doing it my way I would use the side of the paper that wasn’t exposed to the exterior where insects would have walked over it. But idk if that’s just a common train of thought for everyone, hoarder parent or not.

I’m sorry for not being the best at explaining. :3",0.054634605
The Minimalist,2021-03-22 02:22:33,"So, as a new minimalist, I did (what I feel is) the most cliché thing: I sent a text to The Minimalists to see if they could help guide me with some personal struggles I'm having. To my surprise, they saw it and mentioned it on their podcast. However, they merely read the question and said they would expand on it more in their Maximalist Patreon podcast. I'm really interested in knowing what they have to say on my situation but don't want to pay to listen to just one of their shows (since I don't have the money to pay a constant fee). If I reached out to them, do you think they would give me their insight without me having to join Patreon?

Edit: it was early 2020 and I had just turned 19 when I sent in the question. I was barely starting to understand how minimalism works (and I’m still learning tbh) and had no clue about the existence of Reddit, much less this specific subreddit. I had even forgotten I had done that until a friend notified me this March that she heard my question in a new episode. I mention this only because I don’t want anyone to get the idea that I value their opinions over any of you. :3",0.082733154
HPHM dream,2021-03-21 17:34:52,I had a dream I was playing HPHM. I was in the middle of an 8hr long class and one of the rewards to choose from was 52 energy right off the bat. And this is the story of how I realized I am obsessed... xD,0.088160984
Pregnant Patty,2021-03-11 03:35:37,Is it ever explained how Patty got pregnant with Phoebe and Paige when its said in That's so 70's (1x17) that she was said to be infertile? Obviously this wasn't the case xD I'm just curious if its explained.,0.2138752
Attribute grinding,2021-02-17 18:02:02,"So I'm a Year 4 and am ready to move to Year 5, but I want to level up my attributes before I continue with the story. I'm planning on grinding but I'm not sure if I should do it before starting Year 5 or do it right at the beginning? On one side, if I wait the activities would cost less, but if I did it right at the beginning of the next year I'd get 2 new classes (DADA and History of Magic) to help keep things like less of a routine. What would you recommend?

Thanks!",0.11221897
Detective Novel with Class Struggle theme?,2021-02-16 17:22:24,"I'm doing a dissertation regarding the presence of class struggle in novels, particularly detective novels. Think The South Seas (Las mares del Sur) by Manuel Vázquez Montalbán. If anyone has any novel recommendations that fit this criteria I'd greatly appreciate it. Thank you in advance!

(Preferably that has a translation from English to Spanish or is originally in Spanish :3)",0.033483393
Classic The Mummy (1999) Scene xD,2021-01-29 23:22:08,,-0.057228804
"Call me crazy, but isn’t 104 bigger than 100",2021-01-19 14:28:05,,-0.057228804
Snape inconsistency,2021-01-01 21:54:28,"I’m rewatching the first Harry Potter movie for the hundred time, yet its the first time I start questioning some of the events. As we learn towards the end of the movie, Snape spent most of the year trying to save Harry. Quirrell himself admits it, which means Voldemort knew as well. I mean sure, Occlumency helped him hide his true motives and his work with the Order, but Voldemort lived through the events of that first movie. He must have known how Snape suspected Quirrell’s intentions and actively defied him to prevent his resurrection, and yet he still took him back as a Death Eater. So, my question is, how did Snape manage to convince Voldemort that he was on his side when Voldemort himself knew he was part of the reason he never got the stone in the first place?",0.082212955
Next series to read decision,2020-12-29 07:04:03,"I am so unsure about what to read next. I’ve already read PJO and HoO multiple times. I love both series and would love to keep reading more by Riordan but I don’t know which series to start next. I though about Trials of Apollo but it being the end of the Percy Jackson universe just makes it bittersweet. Regardless, I’ll read whichever series is as good as the previous ones. What do you recommend?

[View Poll](https://www.reddit.com/poll/km8j4r)",0.10253196
Heroes of Olympus/Trials of Apollo connection?,2020-12-27 15:28:35,"At the end of the Heroes of Olympus series we know Zeus is furious with Apollo for his role in the war with Gaea. Is Trials of Apollo based on his punishment because of said war or is the book separate from what happened during the Blood of Olympus?
If so, does that mean that ToA is a sort of sequel to the Percy Jackson universe? Or is it something separate like Magnus Chase?",0.08872491
Blood Of Olympus pov’s,2020-12-21 03:00:28,"Is anyone else disappointed at the fact that Blood Of Olympus didn’t show any dialogue from Percy and/or Annabeth’s POV? Personally, I enjoyed the additional perspectives like Nico and Reyna. However, I think it would have been interesting to explore how they felt once back from Tartarus. I feel like we missed a key part of their relationship, watching them help each other overcome that certain PTSD they had to come back with.
Picture Katniss and Peeta’s relationship after the first Hunger Games, how they became closer because of that shared traumatic experience. Sure, Percy and Annabeth were no strangers to trauma, but the events from The House of Hades surpassed anything they had been through before.",0.08998914
Next event,2020-12-20 01:43:54,"Any idea what the next event will be? Or whether we’ll get anything that’ll require to use lots of energy? Trying to decide whether to unlock the MM now or wait a few more days in case I need the extra 175 energy.
(I already completed the new TLSQ)",0.15221348
Loving the random glitches,2020-11-25 16:54:19,,-0.057228804
Library bug?,2020-11-19 22:37:46,,-0.057228804
Did JC release a new TLSQ?,2020-11-12 23:59:39,[removed],-0.03906689
Should I watch past season 3?,2020-10-16 00:17:39,"This is the first time I watch the show but I grew up with it on TV and remember seeing the promos for next episodes and have read about some of the endings. From what I've read it seems like the series ""best"" moments were from seasons 1 through 3 and like it says above, should I watch past season 3 or just leave it there? Are the last 2 seasons worth it?",0.122168146
Hagrid's other sidequest,2020-10-07 21:17:22,"Is there a list of all of Hagrid's sidequests? I checked the spreadsheet but only found the creature sidequests (ie the fairy, chinese fireball, etc). Are there any other sidequests like the one with the Crup puppy?",0.13432017
Peeta revived,2020-10-04 01:40:27,"Ever since reading the books and seeing the movies there's something that's always bugged me.In *Catching Fire,* Peeta's heart stops after hitting the force field. While I get this was important because it showed Katniss' true feelings about him in a way not shown before, I find it incredibly odd that nobody questioned the fact that he was revived, and by no other than Finnick, rather than Katniss herself. As a spectator (from one of the lower districts, not the capitol itself) I would have found it incredibly odd that a man who only just met him would save his life, specially under the circumstances of The Games. How come nobody ever questioned Finnick's actions?


Edit: Also, I understand the reason why Finnick did what he did. My question is based in the POV of someone experiencing The Games without knowing about the rebellion plan.",0.050546337
ITAP: A sunset through a window,2020-09-26 00:50:33,,-0.057228804
,2020-09-23 17:27:52,Deep Impact maybe https://www.imdb.com/title/tt0120647/,0.08680968
