Title,Date,Text,Similarity
,2021-11-16 12:44:12,11,-0.029747572
,2021-11-13 13:34:51,Hi :),0.06451019
,2021-10-15 15:38:12,"I thought that Vegeta and Goku are 5 years apart, with Vegeta being born in age 732 and Goku in age 737.",0.06504092
,2021-10-14 17:37:35,Sandshrew :),0.0063717663
,2021-09-13 03:21:21,"I'm sorry that I have no name to contribute, but I want to say: Wow! I've never seen a ball python with that type of pattern. Similar maybe but he's a unique one for sure. Handsome little man.

Hm...Actually, I will also say that he looks like an Olli to me. Or Pistachio.",0.03975756
,2021-09-08 04:41:54,"Aww, I never thought DBS Broly was stupid or unintelligent. To me he's just very ignorant, naive and uneducated. Not being educated doesn't mean that someone is dumb.

That burn though...and the voice acting. Scathing.",0.16247436
,2021-09-06 18:02:42,Vizzy. Honestly not too bad of a name,0.12607047
,2021-08-31 20:07:56,I've never seen deadly horn jab hit a 1 hit KO. Is there a way to increase the chance of this happening? Inflict rate up XL gene?,0.24561006
,2021-08-31 05:07:45,Same but I'm 26 too. I don't like to think about it,0.15305814
,2021-07-29 05:35:24,"1. Inhaler, 2. Incense
Thank you for doing this and happy birthday :)",0.14477292
,2021-07-27 01:58:29,I like the mocha flavor and orange peach one but yeah...I wasn't happy after I looked up the nutritional info. Could be worse for 15% but I felt like that cute plastic ball was misleading,0.22060713
,2021-07-27 01:07:34,"Favorite dinosaur Archaeopteryx (if it still counts), favorite fossil Pokemon is either Aerodactyl or Tyrantrum! :)
Hope your surgery goes well and wishing you a speedy recovery.",0.13407561
,2021-06-17 07:26:36,"You are beautiful. That's all I want to say - not just physically, of course.

This gives me inspiration. Thank you, gorgeous :)",0.11488779
,2021-05-21 03:58:47,Thank you so much!,0.16498026
,2021-05-21 03:21:32,"I'd love one! IGN Teddy, code 9411 9411, prefer female if you've got any left",0.033010066
,2021-04-14 03:26:30,Joined,-0.04027839
,2021-03-06 23:03:45,Thanks! Love ball is my favorite,0.07134472
,2021-03-06 22:55:22,I'd love one! Let me know when you're able to trade. I'll pick out something special for ya :),-0.0038574412
,2021-03-01 03:23:50,Joined,-0.04027839
,2021-02-20 00:09:56,I'd love a code if/when you're able! Tysm for doing this.,0.050782178
,2021-02-10 20:02:50,"So...how are having a mental illness and not having any kids criminal? Or being in abusive relationships? It sounds like she's had a rough time. I'm not absolving the other things, but half of those are not ""criminal."" If anything they're obstacles to overcome, not be judged for.",0.16348584
,2021-01-02 07:36:01,"Wait where are you that a state school only costs $9.5k/yr?? I went to state schools (upstate NY) for both my undergrad and graduate studies; both were about $22k/yr. Grad school a tad less because I lived off-campus, but still. $9.5k/yr is crazy cheap to me.

...How sad is that, huh? :/",0.037627034
,2021-01-01 20:42:54,I figured lol,0.045343477
,2021-01-01 04:55:40,"Holy crap that's a big improvement in a short amount of time! Keep going, man. My favorite is the one with the horse (2nd to last); it has good movement and I like the minimalist shading style of it.",0.08089329
,2020-12-27 17:29:21,I'd love to join!! Horde or alliance? My horde toon is only 57 but I'm going to play her too,0.11050651
,2020-12-19 22:19:32,"I can't watch her because it's so triggering for me, but I'm also sad for her. At the same time though, sometimes it feels like she ""flaunts"" it, maybe that's my competitive and envious ED brain but yeah. I just can't; she makes me feel so horrible about my body and I reminisce about my restriction phase when I was very ill. I know it's not her fault personally...it's complicated.",0.19030043
,2020-12-01 05:26:54,That sounds really good but does it give her like a slight buzz? Baileys is some strong stuff. Irish cream liquers are my fave,0.2273029
,2020-11-23 08:05:55,"All I have is anecdotal experience, but I've been on Lamictal for over 6 years and it has never affected my weight or appetite.",0.3309028
,2020-11-17 07:34:46,"I thought the portrayal - the acting, styling, childhood background - was great itself but I'm not sure if the whole Night Stalker thing needed to be in the season. It felt kind of convoluted and forced into the plot. A bit over the top with the satanism aspect too.",0.16026667
,2020-11-17 05:31:12,Looks like KFC to me,0.15854931
,2020-11-15 20:51:08,What's the brand though?,0.10233637
,2020-11-14 00:05:10,"I see red cat, I see a kindred spirit",0.015095931
,2020-11-01 02:45:25,"This is the cutest thing I've seen all day; he makes one heck of a cowboy!  Holding Thomas the tank engine completes it.

Who wore it better? This little guy, no contest",-0.04073239
,2020-11-01 00:23:38,"She 100% triggers me but I don't think she should be cancelled. She still has a right to create content. Demonetized yes, and I avoid seeing her as much as I can, but yeah she's a huge trigger to me. The opposite of mukbang channels though...they for some reason make me feel ""better,"" if that makes any sense.",0.12882431
,2020-10-18 21:54:03,"I was a bit overweight as a kid. When I was 13-14  my pediatrician said I should weigh in the teens (110-118) and lose some weight; I was 135lb. Oh and when we had to calculate our BMI in gym class and share it with the class. Mine said ""overweight."" Just a little but that was enough. In front of everyone.

It wasn't a harmful thing for my pediatrician to say and I was predisposed, there were plenty of other signs in hindsight, but it sure stuck with me along with a crippling eating disorder for 9 years (ongoing, recovery is hard).

Edit: I was 5'1 or 5'2 then, I'm 5'3 now",0.31008446
,2020-09-21 07:50:41,Why the switch from the CeraVe hydrating facial cleanser to Vanicream? I've been using the CeraVe and thought it was working well. Is it more gentle?,0.21315703
,2020-09-08 20:04:44,"Herb/inscription - faster gathering while flying, and inscription used to be a lot more useful and fun when I leveled it during WoD.",0.03079742
,2020-08-26 21:22:30,"Grats!
I didn't know wish was a Pichu egg move. Did they remove that from gen 8? I've never seen any Pikachu or Raichu with wish

Oh I just noticed he's in a fast ball too, nice!",0.13169508
,2020-08-26 20:44:48,"This has a charming style to it, I like it!
My advice would be to work on perspective with the limbs - the cat's feet (mainly the hindlegs, but front too) look a bit wonky and not exactly where they should be. Perhaps some quick sketched shadows around the cat's legs and feet to suggest positioning.

Also, proportions. Kitty's nose and mouth are very small compared to the eyes, which are too big for its head. If this is part of your style maybe try keeping the cartoony, sketched look while adding a bit of realism. The torso, too, and overall body shape are rather bulbous if you're aiming for a real-ish cat. There's not enough of a dip/curves for the tummy and hips, and the chest is too pronounced to keep with bone structure.

I like the simplicity and the gentle touch of the roses. It adds to the endearing, charming tone. Good job :)",0.10757766
,2020-08-25 17:41:08,"Yeah, but hey here I am",0.067012206
,2020-08-24 19:38:51,"I'm also 5'3"" and currently 110 or so. I've been 97. I've been 90. I did not look good, I really didn't. I look and feel so much better...going that low wasn't natural for my body and it seems like you're in a similar boat. Definitely relate to the addiction of numbers, but...this is a horrible path and he's lighting fire under your feet.

This dude is fucked up and sounds truly terrible for your mental and physical health. Like, to a scary and disgusting extent. Very concerning.",0.17886162
,2020-08-23 07:04:04,"Excuse me, what? How the fuck is that okay? How daft can someone be?
Jesus.

NTA, your friends should stick up for you and even though she meant to harm, it could be a learning experience for her. You know, to get her head out of her ass.",0.15232375
,2020-08-23 06:56:33,"This comes off as insensitive...I can understand wanting to be a grandmother but as someone who also went through a similar situation (I was 22), it's tremendously painful. It's been 3 years and my heart still hurts to think of it. I could barely tell my mother once, ever, during a breakdown. She never mentioned it again.

I can't imagine the mix of emotions you feel whenever you see that tattoo...It wasn't malicious, but definitely tone-deaf and lacking in self-awareness. I know I can't really help but I'm sending my sympathies - it's a sensitive topic to broach.",0.09344286
,2020-08-23 06:17:23,"That's an interesting take. My parents were born in '47 and '55, I was born late '94. I identity more with the millennial gen stuff but at times I find myself using older, outdated terms and re-thinking them - as a kid I picked them up subconsciously, as kids tend to do. For example, all my life my father ('47) referred to Asian people as ""orientals."" I never called anyone that to their face but it took me until a few years ago to realize it can have racist implications. Same with ""colored."" Made sense to child me because color is literally just color, not something inherently good or bad. White is white, brown is brown, etc. Literal colors.

I hope that makes sense...other old phrases I've said I've had to explain to my peers or people younger than me, e.g. ""pig-headed"" meaning stubborn, among many others. My friends laughed at me when I said good bye to them as ""Always a pleasure!"" They told me I was like a grandma.",0.08149229
,2020-08-19 23:36:41,"Mostly discord raids honestly. Also a lot of competitive breeding and a bit of battling but yeah mostly raids.

For PMD...well, I just love doing side missions lol. I got grandmaster a long while ago. Doing all the side missions made me way over leveled for the bosses. I just can't say no when a Butterfree or Raticate says that their baby is missing

Definitely worth the $60 xD",0.10266993
,2020-08-19 18:45:41,"On my switch...let's see:

Pokemon shield 696 hours

Animal crossing 220 hours

PMD 180 hours and I'm still missing half the pokemon icons on the screen :/

Let's go Pikachu 50 hours

Spyro reignited 15 hours

SSB 20 hours",0.12943625
,2020-08-19 18:32:31,How does changing the weather to hail make Miltank faster? Or do you mean the enemy loses their chlorophyll boost so they get slower?,0.15548296
,2020-08-17 15:30:41,So he was 17-18 in this picture?,0.14398748
,2020-08-17 15:23:14,"This is how I feel. I'm 5'3"" so any weight I carry is noticeable, mostly in the midsection and belly. I hate it. And I have a lower TDEE.
The grass really is never greener",0.18648142
,2020-08-16 17:03:24,"If you still have any, room 6369 6369 ign Teddy",0.079741225
,2020-08-13 17:07:41,Could I grab one? Non-HA if you could. Code 6369 6369 ign Teddy,0.042427726
,2020-08-13 16:45:26,Thank you,0.16058905
,2020-08-13 16:41:52,Could I snag one? Code 6369 6369 ign Teddy,0.004772309
,2020-08-12 19:21:47,I'd like one! Code 6369 6369 ign Teddy,0.039832085
,2020-08-10 17:52:31,Thank you!,0.14165933
,2020-08-10 17:34:59,I'll have 3 if you could - room 6369 6369 ign Teddy,0.06832642
,2020-08-10 17:24:51,He's got my vote,-0.0001049079
,2020-08-10 17:20:49,"Opossums are marsupials; imagine King Opossum trying to rule with an iron fist but he just screeches and plays dead. Queen Opossum screams alongside him, but at least she has a pouch.",0.015146731
,2020-08-06 21:02:59,Joined,-0.04027839
,2020-08-05 18:22:34,Thanks!,0.086926796
,2020-08-05 17:35:06,"If you get a chance, could I have one? Room 6369 6369 ign Teddy",0.054198425
,2020-08-04 04:38:19,Tysm!,0.052740104
,2020-08-04 04:32:46,"I'd like a dream ball one please! IGN Teddy, room 6369 6369",0.02828646
,2020-08-03 20:25:58,"Thanks, enjoy the lovely cotton ball too :)",0.05766113
,2020-08-03 20:23:16,"I'd love one! IGN Teddy, room 6369 6369",0.02785566
,2020-08-03 04:21:53,"Thank you, I will! Such a cute little guy, underrated imo",0.09664752
,2020-08-03 04:16:33,Could I get a  HA 5iv? IGN Teddy,-0.015671838
,2020-08-03 03:25:38,Thank you! :),0.1265553
,2020-08-02 18:09:09,"These are botfly larvae, they turn into flies",0.07814591
,2020-08-02 06:19:32,"Haha all good, tysm :)",0.04802991
,2020-08-02 06:11:10,"Could I also have a friend ball g-farfetched and moon ball espurr too? Also interested in egg. Same ign Teddy, same room 6369 6369",0.061671756
,2020-08-02 06:04:46,How about Porygon in dream ball?,0.05268015
,2020-08-02 06:02:21,Can I get a lure ball Squirtle and safari Bulbasaur please? IGN Teddy room 6369 6369,0.025979385
,2020-07-31 21:25:42,"They got rid of Return/Frustration in gen 8 :/
That's a cool idea though.",-0.031668887
,2020-07-28 04:50:07,Thank you on both accounts! Sorry I didn't have anything good :x,0.124259844
,2020-07-28 04:47:06,"I'd like a ghastly, if you could!
Kindness begets kindness :)
Code 6369 6369 ign Teddy",0.12787607
,2020-07-28 04:28:31,"Okay I did, this time a French corvisquire in a great ball",0.036344554
,2020-07-28 04:24:35,This Pichu is in a regular pokeball,0.05843953
,2020-07-28 03:39:56,Thank you!,0.14165933
,2020-07-28 03:21:43,I deposited a level 58 (I think) boltund - ign Teddy. I hope you're still doing this!,0.098347485
,2020-07-28 02:03:45,Joined,-0.04027839
,2020-07-24 04:41:57,Thank you!,0.14165933
,2020-07-23 20:30:21,"I agree with everyone else and you're very talented - and I hate to be that person - but where you wrote ""to think the fight for the crown was more important then this,"" it should be ""than.""",0.13987377
,2020-07-22 21:41:01,Joined,-0.04027839
,2020-07-22 02:47:26,Joined,-0.04027839
,2020-07-21 03:20:43,Joined!,0.023478573
,2020-07-20 18:39:23,XAXSFFVGWZVX,0.029772092
,2020-07-20 18:38:41,"Oh, thanks",0.10761947
,2020-07-20 18:36:40,Where can I find my friend code?,0.026029417
,2020-07-19 18:42:32,"Dude I've had this and it legit tastes like peanut butter. But in whiskey form.
Shame it's so expensive :/",0.18703079
,2020-07-16 03:31:32,Joined,-0.04027839
,2020-07-16 01:49:04,Joined,-0.04027839
,2020-07-15 16:58:06,Joined,-0.04027839
,2020-07-12 01:28:55,Joined,-0.04027839
,2020-07-12 01:20:57,Joined,-0.04027839
,2020-07-12 00:21:05,Joined,-0.04027839
,2020-07-10 23:01:15,Joined,-0.04027839
,2020-07-10 05:26:40,Joined,-0.04027839
,2020-07-09 17:29:55,Joined,-0.04027839
,2020-07-08 16:31:05,"Searching again now, same code",0.029121634
,2020-07-08 06:46:05,"Riolu, Growlithe and Eevee please! Room 6369 6369 ign Teddy",0.05819616
,2020-07-07 22:41:32,"Joined, tysm :)",-0.005284992
,2020-07-07 21:48:45,Joined,-0.04027839
,2020-07-07 21:07:05,Thanks!,0.086926796
,2020-07-07 20:54:28,"Do you have any 5 IV? If so, room 6369 6369 ign Teddy",0.116045594
,2020-07-07 03:57:38,Thanks!,0.086926796
,2020-07-07 03:55:31,"Do you have any with technician left? If so, my code will be 6369 6369; ign Teddy",-0.0098075345
,2020-07-06 21:43:50,Joined!,0.023478573
,2020-07-06 19:07:56,Where did you find this and how did it taste? :o,0.26255816
,2020-07-06 18:52:03,Thanks!,0.086926796
,2020-07-06 18:48:17,"Could I have a magic guard solosis, purrloin and either ability Porygon? Code 6369 6369 ign Teddy",0.07519426
,2020-07-05 23:20:39,444,-0.07274516
,2020-07-03 19:16:03,Joined!,0.023478573
,2020-07-01 22:11:59,"I got a delibird the same exact way! Had weird markings, too. Except it was level one and not shiny. eBay really is hit or miss.",-0.004840865
,2020-06-30 23:11:23,Joined :),0.020378035
,2020-06-30 22:34:53,Joined :),0.020378035
,2020-06-30 06:40:16,Thanks!,0.086926796
,2020-06-30 06:37:26,"I'd love one! Code 6369 6369, ign Teddy",0.028412765
,2020-06-30 05:43:55,Thanks!,0.086926796
,2020-06-30 05:30:08,"Could I have a sandile? Code 6369 6369, ign Teddy",0.016736891
,2020-06-30 02:43:35,Tysm!,0.052740104
,2020-06-27 00:23:38,Thanks!,0.086926796
,2020-06-26 23:55:12,"Could I have a regenerator slowpoke and a rockruff please? Code 6369 6369
Ign Teddy",0.09520642
,2020-06-25 16:31:04,I'd love the cherry blossom set! It's gorgeous.,0.10237637
,2020-06-24 02:10:01,Joined,-0.04027839
,2020-06-21 01:10:00,Joined,-0.04027839
,2020-06-18 19:40:03,That'll have to do for now,0.06527863
,2020-06-18 19:38:13,I guess I'll try breeding the ability down. Good thing it's a female.,0.081674874
,2020-06-18 19:37:06,"Oof, that still didn't do it :/",0.007845027
,2020-06-18 19:33:18,"Ah okay, I'll try that. There was nothing wrong with its moves but it's worth a try. Thanks",0.09455477
,2020-06-18 19:29:06,"No, all of its moves are fine",0.11811099
,2020-06-13 17:31:14,Thank you!,0.14165933
,2020-06-13 17:29:17,"Room 6369, ign Teddy :)",-0.01360888
,2020-06-09 02:07:44,Thank you too :),0.14932987
,2020-06-09 02:00:49,Hi! I'll be in room 6369. Ign Teddy,0.052474603
,2020-06-08 02:08:29,Age of mythology and all Pokemon games :),0.10051683
,2020-06-08 02:04:15,"That's certainly an interesting topic, how was the paper?",0.124582246
,2020-06-07 22:34:09,How do you get Wilbur in there? Or any of your villagers?,0.025270578
,2020-06-05 18:28:17,Thanks!,0.086926796
,2020-06-05 18:26:15,"Ign Teddy, room 6369",-0.0058292365
,2020-06-04 01:59:04,Joined,-0.04027839
,2020-05-31 18:28:49,"Joined, thanks",0.071818724
,2020-05-29 19:19:47,"These are amazing! I definitely need the ball python necklace to match my lil buddy :)
The craftsmanship is lovely and they're very creative. They look high quality.
Are the necklaces  bracelets adjustable?",0.01620159
,2020-05-29 18:10:23,Thank you for answering :),0.11040986
,2020-05-29 18:08:11,Separate pencils entirely or pressure applied? I'm very new at this,0.07550154
,2020-05-29 18:06:33,"Omg that's the mix I had last night, same bottle of Smirnoff lol...but the only diet soda I have is diet dr pepper. It was better than I expected it to be but still kinda bland. Has anyone tried flavored seltzer water?",0.32553416
,2020-05-29 17:54:14,This is incredible! How do you do the hair so well? It's got life-like movement and silky texture. I have the most trouble with hair.,0.11127347
,2020-05-29 17:34:39,It's almost impossible to kill yourself by overdosing on antidepressants. The older tricyclic kinds maybe less so but still not likely,0.2542174
,2020-05-28 21:23:46,"I've seen these at some Wendy's and Five Guys in the US, they're great",0.17251858
,2020-05-27 18:35:50,Precious! Does she use the saucer at all?,0.24628085
,2020-05-26 16:58:49,Joined!,0.023478573
,2020-05-26 16:12:54,My favorite villager is either Marshal or Rooney... It's too hard to pick one favorite! I'd like a purple crescent chair if I win!,0.113228224
,2020-05-25 19:00:40,"I don't understand biologically how a 125 day fast is possible. I guess with liquids (broth, etc) but just water?
How does someone defy nature like that?",0.19844374
,2020-05-19 17:39:26,"Joined and caught, tysm!",0.059757672
,2020-05-18 21:35:36,"Wait. Lonely after 5 days? 5 days, really?
That's bullshit. I know it's not much but I'm sending my sympathies. Wow.",0.08560586
,2020-05-16 16:41:45,"I've seen this site mentioned several times here but whenever I try it, it's too busy :/",0.11988614
,2020-05-16 16:15:18,"Unless she's like 4'5, technically yes",0.08516023
,2020-05-16 03:21:54,"Vet techs are awesome! I very strongly considered it before deciding to pursue my Masters. I still think maybe I'd prefer it. I didn't mean to make assumptions or offend, but on paper it does sound concerning.

You have to be physically strong with farm animals; I just hope she is okay. Nutrition/protein drinks like Ensure help a lot",0.23598081
,2020-05-15 19:30:26,"When I was 19-20 I developed severe anorexia. At my lowest I was 80lb at 5'3 and was hospitalized, told I would have been dead in a couple weeks without medical intervention.

If this is real, that's very concerning for the oldest...I couldn't climb stairs without being winded, I had the lung functioning of a 70 year old and looked like a miserable gargoyle. No way this is healthy unless she's as tall as a 5th grader",0.14438863
,2020-05-08 21:17:19,"She's gorgeous and it's a great photo, but what's up with her bellybutton?",0.15716393
,2020-05-03 16:19:20,"So what about people with ADHD, anxiety, bipolar bisorder, schizophrenia, etc who need medication? Or someone with a chronic physical illness who is in pain every day of their lives? Why just antidepressants? A huge amount of people take them.

Illness is illness, in sickness and in health.",0.20934689
,2020-04-30 21:53:43,We read this in my AP Lit class in high school and I've never forgotten it. One of my favorites.,-0.012202211
,2020-04-28 06:21:09,"Is this Boutonniere's Deformity? I had that for a few years from a gym class volleyball incident. Extremely painful and my finger looked so fucked up. Took surgery, months of physical therapy, 3 months with a giant screw pin through my finger to mend, and it still has limited mobility.

I'm sorry that happened to you...even worse to be laughed at. I hope you're okay.",0.13269617
,2020-04-14 23:39:56,"Honestly, if I saw a man out in high heels (assuming those fancy pointy ones are what you meant), I'd smile and internally applaud. Then be envious because I can barely walk in flats.

All about confidence and calf muscles, baby",0.027327232
"LF Masterball, FT shiny silvally/solgaleo",2020-03-31 22:42:26,[removed],-0.03906689
"LF Masterball, FT cloned event shiny Silvally/Solgaleo",2020-03-31 22:40:54,[removed],-0.03906689
,2020-03-29 19:05:04,"I'd love a wooper! IGN Teddy, room 6369",-0.020591218
,2020-03-28 19:39:00,Thank you!,0.14165933
,2020-03-28 17:32:18,"Solosis, wimpod, corphish, espurr, g-meowth, g-farfetch'd, rolycoly and trapinch please!",0.066636086
,2020-03-25 07:22:19,"Lived in upstate NY my whole life, never seen a single one :/",0.004790306
,2020-03-24 21:05:28,All good :),0.027464999
,2020-03-24 21:03:41,"I'd like one please! IGN Teddy, room 6369",0.043964386
,2020-03-22 19:58:32,Thank you so much! Enjoy the little oinker :),0.20790577
,2020-03-17 18:23:55,"My father has always had extreme, if not crippling, social anxiety - the first woman he ever dated was my mother, and he was 40 when they married after 1 year of dating. She was most definitely his first.

It's been 32 years since then and he has 3 daughters. Age doesn't need to diminish hope.",0.12251957
,2020-03-13 20:00:07,"Joined, ty :)",-0.025001857
,2020-03-13 01:48:23,"Fuck that dude. I'm 25f and you're fine. I can't imagine myself pulling off a 15km hike, damn! Good for you!

Dude is a grade A shitbag. I hope none of those girls fall for that. He sounds immature and insufferable. Ugh.",0.1817672
,2020-03-12 18:54:04,"Joined, tysm",-0.04770791
,2020-03-07 22:10:01,"Joined, tysm!",0.03329595
,2020-03-07 21:34:59,"This is amazing, thank you. Beautifully melancholy and chillingly bittersweet.",0.09752102
,2020-03-07 19:17:05,"Joined, thanks",0.071818724
,2020-03-05 01:58:23,Joined! Tysm!,0.021573879
,2020-03-04 20:56:37,"Joined, tysm :)",-0.005284992
,2020-03-04 05:05:03,Joined :),0.020378035
,2020-03-04 04:36:43,Joined! Thank you,0.14992452
,2020-03-04 03:53:40,Joined! :),0.047554567
,2020-03-03 23:29:32,?stop,0.0913073
,2020-03-03 23:06:50,"Oof, thanks :x

Guess she's staying in Hoenn lol",0.030050403
ORAS Cosplay Pikachu,2020-03-03 22:57:17,"Hi all,

So I have my cosplay pikachu from ORAS (she's a rockstar!), and I really want to know if she'll stay in the cosplay outfit if I transfer her to bank-->home-->shield. Also, she knows Meteor Mash, which pikachu normally can't learn. If I transfer her to Shield will she stay legit  usable online? I don't want to transfer her only for her to be flagged as ""hacked"" or otherwise not legal when she is 100% from in-game.

Thanks :)",-0.029986307
,2020-02-28 23:13:53,Shaymin maybe?,0.08520517
,2020-02-26 20:30:14,Joined,-0.04027839
,2020-02-24 22:10:52,Joined,-0.04027839
,2020-02-24 21:57:11,Joined,-0.04027839
,2020-02-24 02:41:22,You too!,0.17069988
,2020-02-24 02:33:21,"Yeah, I'm still here! Room 6369, IGN Teddy",0.01133003
,2020-02-24 00:54:10,I'll take a HA Squirtle for HA rookidee. It's in a beast ball,-0.024279617
,2020-02-23 19:15:33,Joined :),0.020378035
,2020-02-23 03:39:16,Joined,-0.04027839
,2020-02-22 18:41:38,I'm ready whenever you are,0.08353929
,2020-02-22 17:47:40,"Do you have a Zeroroa left? I have shiny gmax flapple, shiny weavile, shiny pelipper",0.10620096
,2020-02-22 01:27:55,Joined,-0.04027839
,2020-02-22 00:45:46,"Just added, tysm :)

Switch name Colleen",0.0042762123
,2020-02-21 23:31:48,"Joined, thanks :)",0.091348246
,2020-02-19 19:53:28,Joined,-0.04027839
,2020-02-19 06:02:06,"Hi hi! I just followed you on Twitch; hoping to catch this tomorrow. Added you on my switch - Switch name Colleen, IGN Teddy

Hope to see you tomorrow! Glaceon is such a pretty baby :)",0.071355626
,2020-02-19 03:38:07,"I'm getting this with a lot of my legit mythical/legendaries. My Solgaleo, caught in Sun with an ultra ball, can't be used but when I fuse him with Necrozma I can use dusk mane just fine...very frustrating. I can use my shiny event Lunala fine too.",-0.021108106
,2020-02-19 00:57:45,Joined! :),0.047554567
,2020-02-18 05:05:14,"This is hard, there are so many cool shinies :I

I've always loved shiny Mew because he's like cotton candy, pink and light blue :)

It just makes me happy! Also Mew is my favorite legendary, not biased at all

Shiny Alolan Raichu is adorable too",0.03475622
,2020-02-16 05:13:15,If 3 is too much I'll just take one in a dream ball please,0.042959973
,2020-02-16 05:10:21,"I'm still in 6369 - I'd like lure, dream and level but if you're out of lure I'd like love ball please
IGN Teddy",0.09397149
,2020-02-16 04:12:00,"I'd like lure, dream and level ball please! IGN Teddy, room 6369",0.047290716
,2020-02-16 02:58:13,Thank you so much!!,0.16056037
,2020-02-14 01:32:39,"This looks good though. 10/10 presentation, that's making art with shit material.
Still tastes good, too",0.09296091
,2020-02-12 14:24:44,Searching,0.010585938
,2020-02-12 14:23:11,Ready now,0.025426012
,2020-02-12 02:29:25,"I'd like a Morpeko, farfetch'd and axew please! IGN Teddy, room 6369.

I have beast ball impish or adamant HA rookidee + 2 egg moves, beast ball jolly HA zigzagoon + 2 egg moves, beast ball modest G-slowpoke, beast ball jolly Dreepy. Will attach exp candies",0.054699574
,2020-02-11 18:30:42,"I'd like a Morpeko, farfetch'd and axew please! IGN Teddy, room 6369.

I have beast ball impish or adamant HA rookidee + 2 egg moves, beast ball jolly HA zigzagoon + 2 egg moves, beast ball modest G-slowpoke, beast ball jolly Dreepy. Will attach drake and fish fossils",0.042342685
,2020-02-10 23:21:06,Thank you so much!,0.16498026
,2020-02-10 23:18:21,Could I have one if there are any left?,-3.2439828e-05
,2020-02-10 23:16:10,That sounds more like anorexia purging subtype.,0.23792347
,2020-02-09 00:24:31,Thank you so much! :),0.14451686
,2020-02-09 00:20:37,"I'd love one! IGN Teddy, room 6369",0.027962223
,2020-02-05 18:52:12,"Awesome, thanks!",0.061098278
,2020-02-05 16:27:18,Can the low-key form be gmax or just the amped form?,0.13102877
,2020-02-05 01:04:46,"Girl is that lamictal? Is the capsule Prozac?
I love this. It's creative and has a moving message.",0.17517726
,2020-02-01 21:36:47,Thank you!,0.14165933
,2020-02-01 21:26:41,"I'd like a beast ball zigzagoon and a dream ball togepi!

My IGN is Teddy, I'll be in room 6369",0.05169973
,2020-01-26 21:42:36,"I would! My IGN is Teddy, searching now",0.08525122
,2020-01-26 21:03:53,Could I get a female one please? Male is fine if you've got none left,-0.04449706
,2020-01-25 21:57:16,Thank you :),0.12990731
,2020-01-25 21:53:54,Ready! Still 6369,-0.009957444
,2020-01-25 18:55:40,"I know the snom wasn't much, but friends get the friend ball :)

Thank you for the kitty! I love espurr",0.07685253
,2020-01-25 15:37:16,"Could I get a trapinch?
Room 6369, IGN Teddy",0.037814423
,2020-01-24 21:16:13,sharp claws,-0.07815788
,2020-01-24 01:56:02,Thanks! Enjoy the little cottonee :),0.19929558
,2020-01-23 23:37:22,Ready - still 6369,-0.038507648
,2020-01-23 23:35:21,"Finishing a raid, I'll be ready in a few minutes",-0.0018183263
,2020-01-23 18:21:03,"I'd love one! Teddy, room 6369",0.045698244
,2020-01-23 15:48:08,I keep connecting to someone named Nirupa,-0.05809369
,2020-01-23 15:46:46,Cool! My IGN is Teddy,0.07521747
,2020-01-23 15:21:37,Are you still doing this? I'd like one ^^,0.08855976
,2020-01-23 01:17:36,"Awesome! IGN Teddy, room 6369 :)",-0.0011636578
"LF HA snom, FT see post",2020-01-23 01:14:19,"Hi all! I would love a HA snom and I'm hoping someone can help. I can offer the following:

4-5iv jolly dreepy in beast ball or moon ball;

4-5iv timid prankster cottonee in love ball with switcheroo;

4-5iv impish prankster impidimp in moon ball;

5iv jolly mold breaker excadrill in heavy ball;

5iv modest HA eevee in dream ball with yawn, wish + curse;

4-5iv careful rookidee in beast ball with tailwind + roost;

4-5iv modest/timid toxel in luxury ball;

4iv timid pichu in quick ball with fake out;

5iv jolly growlithe in heal ball;

5iv modest G-slowpoke in beast ball (lowest IV is attack);

5iv jolly morpeko in premier ball with fake out, parting shot + quash (lowest IV is spA)

I know they're nothing special but anything helps! :) None of them are shiny, but I have shield so I can trade exclusives to help complete dex as well.",0.026229938
,2020-01-21 21:37:33,"I didn't see this until now, sorry - are you still doing this?",0.1479604
,2020-01-21 19:08:30,"A box with a timer on it!
IGN Teddy, room 6369",0.083890885
,2020-01-19 02:28:57,Thank you!,0.14165933
,2020-01-19 02:20:28,"IGN Teddy, room 6369 if you have the time! I'd love one :)",0.07386847
,2020-01-18 18:36:16,I'll take one please! IGN Teddy,0.013929294
,2020-01-18 17:11:13,"I saw Silversun Pickups summer 2017. I like their music but they sounded nothing like the albums, just bad. They opened for Third Eye Blind who weren't good either.

This past summer I saw Third Eye Blind again at their Summer Gods Tour in Lewiston, NY. So, so disappointed. It was torture. I only withstood it so I could see Jimmy Eat World afterwards. I came close to leaving several times...Jimmy Eat World salvaged it but even they weren't what I was expecting. Didn't help that it was all outside in a 100°F, humid pool of sweat.",0.17397669
,2020-01-18 04:55:09,"Np np, don't worry about gender! I got traded one and bred for a female. So I'm ready whenever you are, too many birds up in here",0.017594796
,2020-01-18 04:52:57,"6369, IGN Teddy",-0.0064247106
,2020-01-18 04:48:30,"I don't mind, just need HA :)",0.048906274
,2020-01-18 04:14:17,"I sent a request if you have the energy - sw Colleen, IGN Teddy",0.031223271
,2020-01-18 04:01:40,"I have adamant ones in beast balls too, all have HA",0.036982078
,2020-01-18 03:54:48,Thank you!,0.14165933
,2020-01-18 03:51:38,Searching,0.010585938
,2020-01-18 03:50:39,"I don't mind at all, my boxes are clogged haha

Lmk when you're home",0.15817812
,2020-01-18 03:48:26,"Sure! IGN Teddy, room 6369",0.015331825
"LF HA Sableye, FT: see description",2020-01-18 03:44:33,"Hello! I really want a HA sableye but I'm having no luck on my own. If anyone has an extra (I don't care about nature/IVs/whatever) I'd really appreciate it! For trade, I have:

4-5iv jolly dreepy in beast ball or moon ball;

4-5iv timid prankster cottonee in love ball with switcheroo;

4-5iv impish prankster impidimp in moon ball;

5iv jolly mold breaker excadrill in heavy ball;

5iv modest HA eevee in dream ball with yawn, wish + curse;

4-5iv careful rookidee in beast ball with tailwind + roost;

4-5iv modest/timid toxel in luxury ball;

4iv timid pichu in quick ball with fake out;

5iv jolly growlithe in heal ball;

5iv modest G-slowpoke in beast ball (lowest IV is attack);

5iv jolly morpeko in premier ball with fake out, parting shot + quash (lowest IV is spA)


I know they're nothing special but anything helps! :) I'd prefer a female if possible. None of mine are shiny. I have shield so I can trade exclusives to help complete dex as well.",0.018170085
,2020-01-17 21:28:26,"Both please! IGN Teddy, room 6369 when you're ready",0.077975646
,2020-01-17 21:22:17,"Do you still have any? :o
I've been trying for a HA one with no luck but if you don't have any HA left I'd still like one!",0.10713346
,2020-01-17 16:26:05,"Sw name Colleen IGN Teddy :)

Added you",0.036114037
,2020-01-16 00:36:06,Joined :),0.020378035
,2020-01-15 06:23:53,Thank you!,0.14165933
,2020-01-15 06:20:01,Just got back on - searching again,0.0029345741
,2020-01-15 05:51:03,"Do you have a spare Eevee? IGN Teddy, room 6369",0.07024148
,2020-01-14 20:45:49,Thank you so much!,0.16498026
,2020-01-14 20:42:27,"Do you have any left? I just got home and would love one!

IGN Teddy, room 6369",0.045342967
,2020-01-11 06:37:09,"Sent! Switch name Colleen, IGN Teddy",-0.024706054
,2020-01-11 00:25:05,"Oh, interesting! I'm glad you were able to separate the possible trigger that was her own illness from the fact that she's good at what she does, and the advice was high quality. Thank you for the detailed response! I'm going to have a look at those links.

A lot to think about...thanks :)",0.17909108
,2020-01-10 20:00:32,"Did that that end up making her suggestions more valid or believable to you? Like, if she said something vs a normal nutritionist would you be more likely to take her seriously?",0.40322742
,2020-01-08 03:59:00,"FC 5622 7268 5021, switch name Colleen, ign Teddy :)",0.031885315
,2020-01-08 01:42:24,"Added! Switch name Colleen, IGN Teddy",-0.0076991804
,2020-01-03 06:23:35,"Switch name Colleen, IGN Teddy :)",-0.01007597
,2020-01-01 16:55:12,My bf wants in too - his IGN is Bob :),0.026696075
,2020-01-01 16:49:06,Thanks! My IGN is Teddy,0.09423253
,2020-01-01 16:35:03,Got one! Ready,-0.019206155
,2020-01-01 16:30:59,"Ah okay, they're both dreepy - I'll comment again when one hatches in a beast ball",0.062486548
,2020-01-01 16:28:55,"Wait are pokeballs inherited through the mother or father? The one in the beast ball I'm trying to mate is female, the father is in a moon ball. First couple I've hatched are in moon balls",0.071671605
,2020-01-01 16:21:45,"Oh okay lol

Gimme a couple minutes to breed you one. Do you care about the gender? I'd like a female larvitar if you could",0.10913774
,2020-01-01 16:19:52,"I can breed you dreepy in either a beast ball or moon ball, or both. Moon ball will be 4-5IV and jolly

My FC is 5622 7268 5021",0.109844334
,2019-12-31 19:45:03,"Switch name Colleen, IGN Teddy",-0.016402947
,2019-12-30 21:27:34,Thank you so much!!,0.16056037
,2019-12-30 21:16:59,"IGN Teddy
FC 5622 7268 5021",0.08775741
,2019-12-21 18:13:16,"I've been taking this for 5 or 6 years, glad it helps you too :)",0.16034743
,2019-12-19 16:44:41,"Several years ago a ""friend"" made a joke that was like...""What's the difference for a bulimic girl on her birthday? The cake comes out of her!"" or something idr. He knew about my issues and then I told him how that joke made me feel. It was insensitive af.

No apology. I don't talk to him anymore but I sure remember that.",0.2264251
,2019-12-16 21:42:42,"This is precious! I wanted to get my boys a wheel, and ultimately decided not to because of info I found on the internet about it not being worth it  possibly causing some kind of spinal damage.

They're getting too chunky though so do you think it's a size thing? Like the larger the rat is (ignoring obesity here) the more likely it is to hurt them? Honestly would like to get them a wheel. Does it work out for you? What size wheel is that?",0.28161472
,2019-12-08 01:15:31,Thank you so much! I feel bad that I didn't have anything helpful to give you >,0.13373761
