Title,Date,Text,Similarity
,2021-11-10 18:57:11,A home,0.03558989
,2021-11-08 13:48:20,r/HolUp,0.057415523
This will haunt me for a while,2021-11-04 14:43:17,,-0.057228804
I know that feeling of being lost at work,2021-10-30 20:54:50,,-0.057228804
What's the most messed up thing you did as a kid?,2021-10-30 20:18:52,,-0.057228804
,2021-10-28 16:44:42,"1,75",0.0692091
,2021-10-28 12:04:12,"My favorite place to visit was Paris, I went there for 5 days and still left many places unseen. My next big travel I want it to be to Japan.",0.021764727
Bored at work so maybe some of you want to chat,2021-10-28 11:57:51,Hi there! I will be here for another 3 hours and I'm bored. I wouldn't mind having someone to talk to in the meantime,0.06920942
,2021-10-28 11:43:06,"I don't get it either, these scenes are most of the times unnecessary, sometimes even in romantic movies.",0.023722649
,2021-10-28 11:25:50,How lucky you are. I have read so many coments about bad bosses I had forgotten there are actually good ones out there. I hope to find one like yours at my next job.,0.105520755
,2021-10-28 11:23:14,"How cute! And it's so gentle, lovely",0.12561987
,2021-10-28 11:21:18,I didn't know this was a thing! That's awesome!,0.118952036
I will never again hold my pee.,2021-10-28 11:03:21,"I did it this morning. I woke up early and had still 15 minutes to lay in my bed. The thing is that I wanted to pee but didn't want to get out of bed. I waited these 15 minutes and went to the bathrom straight to pee and while doing it I felt pain in my abdominal area, a pain I never felt before, I don't know why it happened but I know now that I wont do that again.",0.02691962
Is there a reddit to ask questions to people from the basque country?,2021-10-28 10:11:50,,-0.057228804
,2021-10-28 10:07:07,Flashback de Vietnam,0.01962822
,2021-10-28 09:54:54,Where are you planing to go? It has different cultures and traditions depending on where you are.,0.15778838
,2021-10-28 09:48:13,Mantuve una relación durante casi 5 años con un chico 5 cm mas bajo que yo y ese no fue el motivo de que rompiera con el.,0.0104891965
,2021-10-28 09:44:25,"I just did it and I didn't have to put my email, just my username and there is no way they will know who I am. I think",0.04285462
,2021-10-28 09:22:56,Televised cringe,0.077830695
,2021-10-27 12:59:09,What are those?,0.13930377
,2021-10-27 12:58:57,Were there gorillas where you grew up?,0.1448323
,2021-10-27 12:58:03,To many movies or cartoons?,0.16401209
What was the scariest thing in the world to you when you were a kid?,2021-10-27 12:49:27,,-0.057228804
,2021-10-27 11:52:09,"There's so much people that believe doing that is bad or wrong but i don't see why. I mean, if you do it +3(?) times a day may be an issue but as long as you do it to feel released I don't see the point on being ashamed about it.",0.20525959
,2021-10-27 10:13:29,"I hope he does. At the end I am the only one he talks to about this and I try to do my best for him, at least I listen to what he has to say",0.050772764
I'm worried about my friend,2021-10-27 09:13:52,My friend is in a relationship with a girl he loves but is psychologically attacking him all the time. Whenever he tries to open up bout his feelings she laughs on his face and doesn't listen to him. I don't know how to help him and I'm sad for him.,0.049906638
,2021-10-27 09:03:54,Fooooood,0.06587836
"Hi Redditors, what's your most controversial opinion?",2021-10-26 14:58:04,[removed],-0.03906689
That's not me but it's me,2021-10-26 11:09:23,,-0.057228804
,2021-10-25 16:05:28,Sea aliens,-0.06917316
,2021-10-20 16:18:13,"Oh my, I'm so sorry you had to go throug all of this... Tbe crazyest part is the CARPETED BATRHOOM FLOOR??!!",0.0144857885
,2021-10-20 16:10:23,How did you fall asleep squatting? That's crazy (O_O),0.1627433
,2021-10-20 16:09:11,That's bad and good at the same time. Bad it happened and good you didn't have to clean it,0.1966548
,2021-10-20 15:55:03,"I (17 at the time) was at my bf's house having dinner with him and his parents and suddenly had to go to the bathroom for a #2. There was no problem about that but I was currently taking some iron pills and was constipated as hek. So when I finished I flushed the toilet and it seemed like was gone but tbe water was staying in, I had cloged the toilet and I couldn't flush it again because it was already full. I panicked a little but at the end I had to cal my bf so he would come help me and with his mom's help we fixed it.",0.1118621
What is the worst situation you've been in the bathroom or involving a toilet?,2021-10-20 15:54:26,,-0.057228804
"I found this one and I have no idea about mushrooms so I don't know what it is, if it's edible or would kill me...",2021-10-19 16:59:57,,-0.057228804
,2021-10-19 08:49:01,I've looked up for that right now because I had no idea of what that means...,0.09772405
,2021-10-18 15:19:01,Also my first language isn't english so sometimes I am even more lost...,0.059809852
I could have written that,2021-10-18 12:47:52,,-0.057228804
,2021-10-18 11:21:54,"Murakami is one of my favourite writers, I still have some of his works unread but I love the ones I have.",0.078542836
,2021-10-18 11:17:44,The Apprentice,-0.049397774
,2021-10-18 11:13:55,Any moment with my dad.,-0.009779377
,2021-10-18 11:13:12,Humour and honesty,0.045190625
,2021-10-18 11:12:04,Procrastination. I don't know how to manage my time and almost always end up doing nothing.,0.23536777
,2021-10-18 11:07:47,Spain,-0.11667837
,2021-10-18 11:05:42,Banana,0.009581769
,2021-10-18 11:03:51,A house with a big garden.,0.08318573
,2021-10-15 14:25:04,Made me cry*,-0.0062123793
She likes to sleep like this sometimes. I hope she can breathe.,2021-10-14 14:17:09,,-0.057228804
,2021-10-11 13:46:44,It was just an example. After knowing about it I was wondering what would I do in a similar situation so I asked. Even if it was just one person attacking me I wouldn't know what to do.,0.038521823
,2021-10-11 13:26:09,"It happened yesterday close to were I live, a group of 5 (male 18-22 yo) started hitting a guy in the public transport",0.070308544
How would yo react if someone starts hitting you out of nowhere in the street or any public place?,2021-10-11 13:22:56,,-0.057228804
Happens to us all,2021-10-09 13:28:46,,-0.057228804
,2021-10-08 07:28:04,"Thank you for the info. I didn't touch it, didn't seem safe...",0.13110873
,2021-10-07 11:47:52,North of Spain,-0.021879612
I would like to know what is this and if it will be a butterfly,2021-10-07 11:45:34,,-0.057228804
,2021-10-05 10:02:55,"No, thank you.",0.15589204
,2021-10-05 09:54:35,My phone with the zoom in. I know the quality is bad,0.06846146
,2021-10-05 09:38:02,"Oh, I see. It is some kind of spanish marshmallow. It's pink on the outside and white on the inside.",0.19556469
,2021-10-05 08:54:21,What kind of tampons do you know? It's a bag of sweets.,0.27548856
I'm sad for whoever lost this in the bus,2021-10-05 08:45:49,,-0.057228804
,2021-10-02 13:11:41,Worldwide as it seems,0.022216586
,2021-10-02 12:21:52,But why always the same?,0.06660204
,2021-10-02 12:20:56,Danish are from Denmark and Dutch from Netherland,0.01673462
Why do you think danish cookies tins are used as sewing boxes?,2021-10-02 12:08:12,,-0.057228804
,2021-09-28 15:00:07,"Thank you, I will try find some smaller communities as you said.",0.092648074
,2021-09-28 14:42:19,I have friends outside reddit. I was just wondering how people begin talking to each other out of nowere in here.,0.11414309
,2021-09-28 14:22:13,I wish,0.048842408
,2021-09-28 14:22:00,That's sad,0.07251806
,2021-09-28 14:15:19,I don't enjoy that technic...,0.07975195
"Hi redditors, how can people make friends in here?",2021-09-28 14:11:40,,-0.057228804
Slow mo teefies,2021-09-28 10:04:28,,-0.057228804
,2021-09-27 16:52:27,"""That’s right, the song is about a girl named Macarena who cheats on her boyfriend with two friends while he’s being drafted into the army. Fun for the whole family? Not quite.""

[Source](https://www.huffpost.com/entry/the-macarena-meaning-crush-90-soul_n_55e738c9e4b0b7a9633b491d)",0.05977102
,2021-09-27 16:42:55,"The ""Macarena"". Please stop dancing to that song",0.12396494
And still smiling,2021-09-27 10:50:46,,-0.057228804
,2021-09-24 14:21:53,What is that?,0.11515581
What job did you do to earn your easiest money?,2021-09-24 14:02:29,,-0.057228804
,2021-09-22 19:37:05,"Yes! Omg, I know I have more money than him and I don't expect him to pay for nothing, we maybe pay 50/50 or I just pay and I don't care, he will do it when he can.",0.05361216
I would say it goes back to A,2021-09-22 10:19:54,,-0.057228804
,2021-09-17 16:03:15,3 years? I am shocked and quite afraid. I hope it won't take me that much time.,0.20977774
,2021-09-17 15:06:09,"I don't want to get pregnant. My only worry is not being ready when my period comes, like not having a tampon or pad, but I guess I will have to carry them every time I go out just in case. I feel like I've forgotten how it feels the pms.",0.12283554
,2021-09-17 14:10:03,"I know but by taking the pill you can actually do that, ""get rid"" of it, but it messes up with your hormones.",0.22098196
,2021-09-17 13:57:45,"It's not as if I didn't have it all this time. I had my period while on the pill, it was controlled and I knew exactly when it was coming. But I have to be prepared for sure.",0.25879997
Last week I quit taking the pill after more than 6 years and now I'm afraid I won't know when my period is about to come,2021-09-17 13:52:18,Not knowing when is about to come makes me really uncomfortable but I had to quit due to health reasons. Any advice?,0.1304142
,2021-09-16 12:52:51,I wish they did it on purpous and not by mistake,0.108956665
Pure evil,2021-09-16 11:07:03,,-0.057228804
Cursed_horse,2021-09-16 10:44:17,,-0.057228804
,2021-09-16 07:32:23,"I've already checked and can't find any language setting but doesn't matter, spanish is my mother language.",0.060508974
,2021-09-16 00:14:47,"Yes, i'm from spain and the app is set in spanish, I tried changin it to english but I don't know how",0.048773136
True,2021-09-15 11:00:53,,-0.057228804
"Book readers, which is a book that has left an everlasting impression on you and how changed the way you look at life in general?",2021-09-14 15:45:14,,-0.057228804
Interesting pool,2021-09-13 08:54:21,,-0.057228804
,2021-09-11 19:07:40,"Yes, I have a friend who was learning sign language here in spain and told us that they're different depending on the main language of the country.",0.0699322
Sign language,2021-09-11 13:31:14,,-0.057228804
Never thought about it,2021-09-08 08:49:30,,-0.057228804
,2021-09-07 08:39:56,Bollo de mantequilla,-0.028723983
What is a fact you truly believed it was real until you found out the opposite?,2021-09-03 13:29:17,,-0.057228804
,2021-09-01 18:38:18,Thank you! I will check it out,0.09881967
,2021-09-01 12:57:41,Thank you! I will try it that way.,0.13887262
,2021-09-01 12:31:52,"I didn't know that, I always thought it was because of the humidity. I live in a cold place, that might be the issue. I will try to warm the dough in the kitchen fire.
I don't get the alive question, how do I know that?",0.21047986
How can I rise dough in a house with high humidity?,2021-09-01 12:22:43,I want to make bread at home but when I tried to the dough stays the same after time passed and once baked it was hard as a rock.,0.28807053
,2021-08-19 18:26:04,"Farting, someone scared me from behind and I couldn't hold it and then they laughed at me.
Edit: we were 14-15",0.079218626
,2021-08-13 21:54:38,I know there is no way of stoping people from having kids...,0.13415852
,2021-08-13 17:47:02,"I agree with what you said. I mentioned the dystopia because it reminded me of ""Brave New World"" or ""Gattaca"".",0.07103658
,2021-08-13 17:43:36,Thank you for your answer.,0.14317629
,2021-08-13 17:18:23,I'm noone to decide that and I believe that nobody should be.,0.07850577
,2021-08-13 16:13:34,"I'm done. I only proposed an hipotesis, not in any way I meant it had to happen.",0.03600831
,2021-08-13 16:01:32,There's not need to be rude.,0.1406752
,2021-08-13 16:00:34,"All those side effects you have just mentioned, and more, are the same as with the pills a lot of women take",0.21943817
,2021-08-13 15:34:06,"Sorry but I think I didn't insult anybody here. All i'm saying are hipotesis or ideas. As I said, it would be fiction.",0.062060166
,2021-08-13 13:57:54,"Not too much, i was just wondering why this happens.",0.11016443
,2021-08-13 13:54:46,"It was just an idea, in no way I believe it would be the right thing to do. I know education has a lot to do in all this matter. The only thing I was trying to understand is why there is no any type of control when somebody gets pregnant. I know a lot of times just happes without planing it but I don't know, it was just a random question that came to my mind.",0.18386026
,2021-08-13 13:33:27,"That would be like a living dream to be honest. If the world changed to be better then there wouldn't be all theese issues. My intention wasn't to be mean, it was just the fastest solution I could think of.",0.058075402
,2021-08-13 13:07:23,I guess this is just my pov or an idea that came to my mind. I understand that not everybody is going to agree with my thoughts.,0.07835805
,2021-08-13 13:04:47,I agree with you in all that what you said but my point here is why not do all that same with people who want to get pregnant.,0.13189879
,2021-08-13 12:45:04,"Well, I don't know why you say women should be in birth control, for what I know a vasectomy is reversible so why not aply that to all men? It's just an operation and doesn't afect their hormones as the birth control does to women. I believe it would be the best option. But the idea of that ever hapening is just fiction.",0.13102515
,2021-08-13 12:40:04,"imo the best would be to do it before even getting pregnant. Like some sort of permission. It's just like getting a driver's license, you can't drive until you have one and if you do you get a penalty fee.",0.11128628
,2021-08-13 12:33:53,"It's not about regulating anyone's body, it's about a psychological exam or simply taking account on one's income to know if they would be able to rise a child in healthy conditions.",0.16864413
,2021-08-13 12:23:28,That's just horrible.,0.07219799
,2021-08-13 12:08:37,"At the end it would be some kind of dystopia, like living in the book Brave New World.",0.05721045
,2021-08-13 12:01:21,But that rapist or murderer you put as an example could have kids of their own.,0.12759964
Why is it so hard to adopt a kid but you can give birth without passing any type of exam or test?,2021-08-13 11:46:24,"Just that.
EDIT:
I was trying to answer a question I had and ended up creating a dystopian world. I'm sorry.",0.105295226
,2021-08-05 11:20:50,I'm 25 and still trying to figure out what I want to do with my future.,0.046755444
I'm afraid to get pregnant,2021-08-05 11:07:26,"(Sorry if there are typos, english is not my first language)
I'm afraid to get pregnant. I never wanted to be in that siatuation. I am currently in a long term relationship and hope to be with the same person for the rest of my life. We never talked seroliously about the matter and every time we did we thought different things. We feel young to bring a new life to this world and still haven't got a financial stability. The last time we talled about it he told me he wants a kid in the future but few weeks ago I saw a really pregnant woman and I got scared, the size of that belly freaked me out and I don't know of I will ever want that. Maybe my mind changes but for now, all I know is that I rather adopt than birth. Also, nowadays I feel like bringing a new life to this doomed wold is such a selfish thing.",0.06751041
,2021-07-19 20:03:04,Family. I've never been but I know I will.,0.12631048
,2021-07-16 05:57:18,It's not always about sex,0.05407127
,2021-07-15 13:33:20,You grow up,0.1775159
,2021-07-15 11:55:16,"Wow, that was a smart move.",0.12011197
,2021-07-15 11:14:46,For the base I would say mozzarella is the best but as a topping I would add some goat or blue cheese.,0.17005295
,2021-07-15 09:39:49,Where to start..,0.0084929075
,2021-07-15 09:38:58,Do you know about Vinings?,0.031038173
,2021-07-15 07:37:36,The second option seems a bit porn imo. I can't see myseof doing that..,0.08700337
,2021-07-15 06:47:41,Lovely,-0.0123705845
,2021-07-15 06:42:19,A block? ಠ_ಠ,0.13405603
,2021-07-15 06:41:35,"Chill man, I don't need the advice, I was just curious",-0.0029110266
,2021-07-15 06:39:44,"Just say ""noodles"" or what?",0.060327597
,2021-07-15 06:38:52,Hahah that's a good one then,0.0943788
,2021-07-15 06:35:21,Send? I meant in person,0.08552988
,2021-07-15 06:34:09,I was just about to answer the same!,0.02388934
,2021-07-15 06:33:46,Wouldn't that be creepy?,0.20712787
,2021-07-15 06:33:13,And after that?,0.08030369
,2021-07-15 06:32:53,Why?,0.05466281
"Guys of Reddit, what's a good way for a girl to start a conversation with you?",2021-07-15 06:30:35,,-0.057228804
What's a question you get asked a lot? And why do they ask it?,2021-07-12 15:13:41,,-0.057228804
[Homemade] Baked honey glazed pork ribs with mashed potatoes,2021-07-10 20:41:14,,-0.057228804
,2021-07-09 10:22:40,"Lucky me ""fresh"" in the north at only 24°C",0.010687773
,2021-07-09 07:25:52,And it was ;),0.026170742
[Homemade] La Viña Cheesecake,2021-07-08 11:56:13,,-0.057228804
,2021-07-08 09:03:40,Found them! Are the Vista full L but are like old or out of stock everywhere,0.04708436
Help me find out which shoes are these pleasee,2021-07-07 20:16:15,,-0.057228804
,2021-06-29 11:13:17,"A friend of mine is in Tinder and has mached with some girls but at the end nothing happened. On the other side, I have some other friends that met their gf in the same app and they're not the usual fit, styled guys and the single one yes. At the end there are a lot of things to take into acount.",0.0013692528
,2021-06-25 10:04:53,It was taken at the cliffs of moher,0.022779562
,2021-06-25 10:00:58,Yes it is!,0.089757256
Nothing there,2021-06-25 09:59:50,,-0.057228804
,2021-06-24 10:46:45,Rest well. I've been sleeping bad lately.,0.20963192
,2021-06-22 19:05:40,"This is the way my bf has set the alarms on his phone and I can't stand these numbers, I always set mine with 0 or 5 at the end.",0.049108617
I hate this,2021-06-22 09:51:56,,-0.057228804
,2021-06-21 08:44:07,Relaxing instrumental music.,0.108932614
,2021-06-21 08:43:00,I fell and a bike run over my arm. It broke both the  radius and ulna.,0.07582961
"TIL that there are trains in Japan with some ""women only"" cars.",2021-06-18 11:45:28,,-0.057228804
,2021-06-18 10:07:22,Me too,0.08313122
,2021-06-18 10:06:27,Tom Nook,0.069188476
,2021-06-18 10:03:18,Teken 2,0.06105794
,2021-06-18 10:00:34,TLOTR The two towers. Extended edition.,-0.033793293
,2021-06-18 09:54:45,Being active. Like doing sport and stuff.,0.10975741
,2021-06-18 09:51:34,Sugar. I never thought it could be that bad for my health. Now that I quit it I feel better but still feel the need of tasting it once in a while. It's a drug.,0.28915447
,2021-06-18 09:43:26,I was just about to say the same.,0.02907041
,2021-06-18 09:40:17,Little holes.,0.06852407
,2021-06-18 09:39:47,I never sit unless i've confirmed that there is toilet paper.,0.088376194
,2021-06-18 09:37:13,My own stupidity,0.17639509
,2021-06-18 09:34:09,"I climbed a crane with a friend, one of those that are used when building. We were 12 or 13 and didn't think much about the dangers of what we were doing. And no, I wouldn't do that again. At least not without the safety equipement.",0.045443695
,2021-06-16 06:19:50,I think  I'm pretty good at remembering voices.,0.055759
,2021-06-11 05:49:32,I was the only girl in my class and now I am the only girl in my department.,0.0588917
,2021-06-10 07:35:23,"Whole peaches, with that velvet skin, i just can't.",0.100185834
,2021-06-10 07:33:09,"""The water is wet""",-0.010652818
,2021-06-02 18:40:59,"Surprise dinner at his home. Candles on the table, music and he cooked it all by himself. I cried.",0.22390032
,2021-06-02 18:38:20,Momo by Michael Ende,0.081812456
,2021-06-02 06:05:20,Is this true?,0.105068356
,2021-06-02 06:04:28,I think this os false. For what I know facts need to be proven true.,0.09720396
Which is the weirdest fact you know?,2021-06-02 05:52:55,,-0.057228804
,2021-06-01 21:53:43,I used to be that way until I quit.  Now I enjoy the moments while are happening and don't need photos or videos to remember them.,0.10137715
,2021-06-01 21:39:12,I tried it once or twice but it never caught me. I don't see the appeal.,0.13627782
,2021-06-01 21:33:54,The horizon at coast.,0.004487332
,2021-06-01 21:32:26,We had a chicken at home. It was born late and we kept it with us. The whole situation was a bit crazy.,0.14889473
,2021-06-01 21:28:37,I can do whatever I want and not be judged by anyone.,0.0885115
What is the problem with warming up the water in the microwave to make tea?,2021-06-01 06:25:18,,-0.057228804
,2021-05-31 08:10:30,I believe people in the equator live that way.,0.10662824
,2021-05-28 09:33:22,I have never wore makeup in my life and never had any trouble about it. I guess it depends on the field you are working on.,0.17133379
,2021-05-28 06:28:57,Why?,0.05466281
What Is something you lied about and still haven't said the truth?,2021-05-28 05:49:42,,-0.057228804
,2021-05-27 09:04:42,Stardew Valley.,0.06292637
,2021-05-27 09:04:07,Get rid of my endometriosis so I can have relationships again with no pain.,0.10043966
,2021-05-27 08:01:23,Yeah.,0.062078822
,2021-05-26 10:33:50,Dragon Ball,0.011148086
,2021-05-26 10:27:17,"She hid in the attic. I thought she had run away and I spent the whole afternoon looking for her while crying until my mom came home and found her, she was sleeping inside a box.",0.08232135
,2021-05-22 01:10:59,"Ok, thanks",0.09828156
,2021-05-22 01:09:19,And wouldn't it be bad for my health?,0.27603292
"Women of reddit, how can be the period avoided so it won't match with the holidays? The pill?",2021-05-22 01:06:04,,-0.057228804
,2021-05-22 00:20:56,Trypophobia,0.07013141
,2021-05-22 00:13:45,Drink alcohoo at 12-13 with a group of friends. One of them ended up in an ambulance.,0.0190075
,2021-05-21 23:59:56,I threw a slipper at him and hit him in the nuts.,0.065973446
,2021-05-21 23:57:56,My brother says hat it's closer than the bathroom.,0.04145873
,2021-05-20 16:29:02,I really want to eat pasta. I have none at home rn so maybe I will leave it for tomorrow.,0.25670874
,2021-05-20 16:27:01,"I was one of those ""weird kids"" and still don't know why I was called that.",0.12048691
,2021-05-20 16:24:39,Asking about anything personal in a public place.,0.03142881
,2021-05-18 10:26:55,I automatically like left handed people.,0.004415637
,2021-05-18 06:30:00,"I know, I live in one of these",0.07754207
,2021-05-17 20:28:06,Spain it's not just Flamenco and bulls. There are different cultures depending on witch part of the country you are in.,0.018871067
,2021-05-17 20:24:36,Smile at simple things.,0.0948406
,2021-05-17 11:56:39,A dry and tasteless vegan burger.,0.2615587
,2021-05-17 11:54:32,I was really afraid of chickens. We had them in the yard for the eggs and that. Sometimes when I arrived home they were all around the yard and I had to call my mom so she would scare them away.,0.10828477
,2021-05-17 11:43:13,Not at all. I also watch it and i really like it. If he also likes it it's a plus.,0.07270967
,2021-05-17 11:41:34,"He was the first to say it and caught me off guard. I didn't expect it that soon and I told him, he said that i didn't have to say it back, he just wanted me to know how he felt, I would tell him when I was ready. It was more than 4 years ago and now I tell him how much I love him almost every day.",0.04823091
,2021-05-17 11:35:33,"He knows. I have a bf and he has a gf, I even help him when he needs advise on how to handle different situations with her.",-0.011217402
,2021-05-12 15:53:48,"In my own expirience, I was once in the car with my dad going at 120km/h and was thinking about what would happen if I opoened the door. I really wanted to know but i controlled miself and didn't do it.",0.16327506
"People with OCD, what's the weirdest thought you've ever had?",2021-05-12 15:12:32,,-0.057228804
Why it is so hard to get out of bed in the morning?,2021-05-12 06:01:24,,-0.057228804
,2021-05-11 23:42:03,"I have one my cousin told me about. Seems like some times, when there is a delay, it's because at some point on the way somebody jumped to the tracks.",0.13106012
"Subway (tube, metro..) workers of reddit, what secrets are there in your field us users aren't supposed to know?",2021-05-11 23:40:31,,-0.057228804
,2021-05-11 10:49:19,"I didn't like the first Jurassic World, the new ones with Chris Pratt but I saw it. When the second one came out I gave it a try but wasen't even able to finish it. I don't think I will even try watching the last one.",0.102573514
,2021-05-08 07:19:31,Football (soccer),0.05984654
,2021-05-08 06:54:28,In this case I would say the second one. I've been working in an office the last 6 months and haven't talk much with my coworkers. I know about them because I hear when the talk to each other but not much more...,0.06256844
,2021-05-08 06:42:32,"So your are the one who asks questions. That's a good idea. I hate being asked because I always aswer with a single word like ""yes"", "" no"" and ""ok""",0.08224805
,2021-05-08 06:40:47,The time I talked the most was when my cowoekers were talking about movies. There is a big age gap between me and the youngest of them and the usual talk for them its not one in wich I can take part..,0.08539514
,2021-05-08 06:35:39,I don't care either but my friends told me I should talk more to my coeorkers...,0.11380137
,2021-05-08 06:30:39,That is not the problem but sometimes I can spend the whole work day almost saying nothing but hi and goodbye,0.025083994
,2021-05-08 06:29:24,And how do you realise about that?,0.20451607
,2021-05-08 06:26:48,I can't even do that except with my closest friends,-0.029510481
,2021-05-08 06:25:20,Me too but sometimes at work too much silence starts to be unconfortable...,0.11657819
How do you begin a conversation being an introvert?,2021-05-08 06:23:12,,-0.057228804
,2021-05-08 00:47:05,I have a foreign last name and people always asks about it. It's not very usual where I live.,-0.013552489
,2021-05-08 00:43:43,"Not me but my cousin. He was about 6 and he walked out of his house, they live in a 2nd floor flat and he went all the way out. He woke up my aunt when he ringed the bell. Since then they never left the keys in the door.",0.069938295
,2021-05-08 00:41:23,My self confidence.,0.06728046
,2021-05-08 00:39:57,Go back to sleep.,0.100551724
,2021-05-08 00:37:34,I would wake up my mom and scare my cat. I live in the countryside and have no neighbours.,0.06523387
,2021-05-08 00:36:14,Does my hair count as a body part? I would love a curly hair. If not I would say my thighs.,0.15163589
,2021-05-08 00:33:27,0:33,-0.006717858
,2021-05-08 00:32:46,"Hearts That Strain by Jake Bugg. I only listen full albums. I don't like just one song and skip to another style, artist or whatever. I believe most albums are made with a meaning and if I like an artist or a group I will for sure listen to all or most of their full albums.",0.116700076
,2021-05-08 00:29:14,5 to 6 hours terraforming my island in Animal Crossing,0.11045921
,2021-05-08 00:20:52,"Any Harry Potter film, star wars (the original trilogy and the precuels) and the lord of the rings. Those are films I could watch any time.",0.0409879
,2021-05-07 08:37:38,He talks alot about things I don't care and I have to stay and pretend I'm interested because if I tell him to shut he gets offended and it's worse having him offended than having to hear him.,0.047858335
"What is the best idea you've ever had, but were too embarrassed to share?",2021-05-06 22:27:03,,-0.057228804
,2021-05-06 20:28:11,0555 0898 5855,0.053081363
,2021-05-06 09:22:57,I'm 25 and began to think that something is not ok with me. I've never gone to therapy but I'm beginig to thini that I should go. I'm afraid.,0.08651327
,2021-05-06 08:41:27,Dinosaurs weren't real.,0.07885353
,2021-05-05 10:43:20,I tried that for a week and was the worst. I will maybe try it again when the temperatures rise outside. It's said that it helps with blood circulation.,0.17350903
,2021-05-05 10:40:39,Maybe that you are strong on the outside or you look unapproachable but the truth is that you're soft inside.,0.2788585
,2021-05-05 10:34:44,My favourite as well but I have some friends that say it tastes like toothpaste,0.14739962
,2021-05-05 10:30:52,There are at least 3 different sizes and the smallest ones would perfectly fit.,0.13100131
,2021-05-05 10:27:37,"A veggie burger, it was dry and tasteless.",0.26362717
,2021-05-05 10:25:16,"I was 15 and in HS, now i'm trying to get a job on my field.",-0.0011523981
,2021-05-05 10:23:36,I actually felt the butterflies in my stomach,0.12402465
,2021-05-05 10:22:21,"She was chased once by a dog and, by the look in her face once we got her, I can tell she lost at least 3 of her lives.",0.14350937
,2021-05-05 10:18:02,I met another person and realised I wasn't happy with my current relationship so I broke up with them (sinpñe) and 4 years later I'm still with that other person.,-0.018659048
,2021-05-04 17:57:07,"I know a guy in his 20s who is in a toxic relationship. I've told him about how aweful his gf is and he sees it too but he still thinks he can fix things and change her mind. He is 20 and i know he is a good guy, he could be with someone 100 times better than his actual gf. He doesn't realise that he has his entire life to find someone good.",-0.011423806
,2021-05-04 13:33:51,7455 7807 2546,-0.034895148
,2021-05-02 13:03:11,Open the door.,0.08834767
,2021-05-02 13:02:33,Sell cheese.,0.2077654
,2021-05-02 13:01:39,Last check with my neurologist.,0.11505909
,2021-05-02 13:00:37,"I couldn't have sex with my partner because of pain. It has been this way the last 2 years, sometimes it hurts, sometines it doesn't. It's quite frustrating. Luckily they (singular) understand the situation and never pushed me to do anything if it was going to hurt me.",0.068454675
,2021-05-02 12:52:23,"Not at all. I hated half of my classmates, they were mean to me.",0.103508264
,2021-05-01 20:29:01,Cars and football (soccer),0.018318161
,2021-05-01 20:27:25,Yes?,0.07930037
,2021-05-01 20:26:25,I was maybe 13. I broke up with my so (if we can call it that at that age) over the phone because I was going abroad for a month and was afraid that they would cheat on me. We never came back together. I was dumb.,0.014334166
,2021-05-01 20:19:28,1 month and 1 day.,0.037918605
,2021-05-01 20:16:58,"Doc Martens, i've had these for at least 8 years and I still wear them.",0.10201442
,2021-05-01 20:14:06,Boooring,0.07516584
,2021-05-01 20:12:17,"19, a friends old phone. He bought a new one.",-0.0471388
,2021-05-01 20:07:49,I use a headband with headphones on it for sleep and this add has been appearing here for the last 5 or 6 days. I haven't talked about it with nobody and it creeps me out because i don't know how my phone knows about it.,0.19386697
,2021-05-01 19:40:53,Breaking Bad,-0.03846447
,2021-05-01 19:34:34,Across so we can see each other's faces.,0.018298019
,2021-05-01 19:32:27,The photo of a deceased relative.,-0.006130196
,2021-05-01 19:25:11,I recently started liking spicy food. I can't handle it as much as my brother but I'm on my way.,0.29768935
,2021-05-01 19:18:32,"Long time ago, the kiss under the rain you see in the movies, we were running looking for some cover and suddenly stopped in the middle of the way and we kissed. That was my only ever kiss under the rain and even if it was years ago I still remember it. I haven't seen the other one in a long time and I hope is ok.",0.0485484
,2021-05-01 19:13:23,listen and understand each other,0.08231169
,2021-05-01 19:04:24,"Well, once my partner invited a classmate to sleep at their home. I didn't take it well. That was the only time I ever felt jealous. I already said I didn't care but that night I felt I wasn't really confortable with the situation. Nothing happend between them.",0.06533848
,2021-05-01 18:56:46,"Little me: I want to make houses.
Parent: like an architect?
Little me: no, I want to put the bricks.
Now I work making blueprints but I'm not an architect.",0.01328137
,2021-05-01 18:48:50,Tom Cruise. I hate him,0.082709804
,2021-04-29 12:57:15,"I agree and disagree with this one. You can not control being tall, that is not something you can change but being fat, thin or whatever can be.",0.24216639
TIL Thay in reality pink is an illusion created by our brains mixing red and purple light,2021-04-29 09:41:45,,-0.057228804
,2021-04-29 08:34:36,Working out.,0.15047173
,2021-04-29 08:32:45,My headphones. Once I bought a new pair (cheap) because I forgot mine at home.,0.117098026
,2021-04-29 08:18:18,I always hated going to clubs. I don't like to dance or alcohol so when my friends said they were going to a club i just told them I'd rather stay home and watch a movie. Luckily it hasen't happend alot in my adult life.,0.13533667
,2021-04-29 08:13:43,"How does that happen ""accidentally""? I would love a private show too.",0.044656366
,2021-04-27 06:50:29,"Mine would be the dumbest one, for sure.",0.12634403
Sex in the car. Why or why not?,2021-04-26 23:48:25,,-0.057228804
,2021-04-26 21:46:44,My dad passed some years ago and I'm not over it yet. Seems like I am but i don't feel that way.,0.12688708
,2021-04-25 22:58:51,What is weird about this one?,0.104446076
,2021-04-25 22:58:11,oh god. what i just saw,0.054509122
What is the weirdest subreddit you've ever found?,2021-04-25 22:49:28,,-0.057228804
,2021-04-25 16:23:45,"Well, you don't always see crazy postures, some of them are quite basic.",0.112172216
,2021-04-25 12:16:30,some poses in porn are just for showing and are not comfortable at all,0.03743413
,2021-04-25 12:14:16,freshly squeezed orange juice,0.12957098
,2021-04-25 12:13:09,"yes it is, at least from my part. i didn't think like that 2 year ago but after being the only F studying with other 20 M I learned that we could just be friends and didn't see anythimg weird with that.",0.12834439
,2021-04-25 12:09:44,I guess I was shy and behave differently than the rest and was an easy target.,0.14066395
,2021-04-24 13:11:47,Nearly headless nick and his Deathday Party. Hermione and the S P. E. W.,0.06756586
,2021-04-24 13:00:16,Not talking enough to my dad. He was living abroad and passed away.,0.010207567
,2021-04-24 12:56:15,11 sips of water and then burp,0.062539905
,2021-04-24 12:54:46,C*m,-0.045653544
,2021-04-24 12:52:14,Politics,-0.025141247
,2021-04-24 12:48:38,it was ice melted water from the mountains in Patagonia so it was really cold,0.07444706
,2021-04-24 12:44:24,Lame and forgettable,0.015542301
,2021-04-24 12:42:08,CardCaptor Sakura,-0.007406978
,2021-04-24 12:39:39,School. Song lirycs. Subtitles in movies/series.,-0.021285042
,2021-04-24 12:36:41,12:36 in spain,-0.024683211
,2021-04-24 12:35:13,It's fine to fail. You'll learn from it.,0.14402215
,2021-04-24 12:34:28,Petrichor. It remembers me of the summers with my grandma in her home village.,0.042508587
,2021-04-23 11:40:09,Yes it is. The cocoon was in one of the plants I have in my garden.,0.22023901
A butterfly with twisted wings that has just emerged from its cocoon,2021-04-23 10:32:39,,-0.057228804
,2021-04-22 13:59:22,I know that even my bf watches porn while doing it so I think it would be a blank list.,0.11448654
,2021-04-21 10:52:09,"I was sleeping with my now ex-bf and i suddenly started to shiver, i could not stop and he made me go to sleep im the sofa. i knew something was not good and finaly he got me to ED. They sent me back home because they didn't see anything. At home I began to have high fever. went to my doctor and she sent me to ED with a kidney infection.
I went to another hospital and couldn't tell anything to who attended me the first time but i would've love to.",0.044646844
Circles of trees in japan's forest experiment,2021-04-20 10:47:00,,-0.057228804
,2021-04-19 19:21:29,"Well, sorry, but I meant that they're not even in the same continent.",0.011764003
,2021-04-19 16:45:34,I see it but i still don't get it.,0.06631531
,2021-04-19 16:31:05,I am from the north of Spain and i believe that the muslim dna stayed down in what i consider to be the south. I consider myself 100% European and i don't understand the point of those who say we're not.  Also Spain is not in south america so I don't know why they are putting spanish and cubans in the same pack.,0.040068284
,2021-04-19 16:24:16,Not every spanish person does siesta. It is more common in the south during summer because of the hot temperatures.,0.023592286
,2021-04-19 16:17:41,Why?,0.05466281
,2021-04-19 16:16:05,His parents kiked him out for some reason...,0.09173043
,2021-04-19 12:02:20,I thougt it was the usual. I've never been into an hotel that didn't have this sistem.,0.08515069
,2021-04-19 11:01:23,Your Voice. I think it was the first time that I cried so much watching a movie. I went alone to the movie theatre.,0.038673397
,2021-04-18 02:02:59,Syaoran Li from Cardcaptor Sakura and Trunks from the future,-0.050520495
,2021-04-18 01:48:19,"I went to Cork in an erasmus internship for 3 months and I really enjoyed my time in there. The places I went to see were all amazingly beautiful. The castles, the lakes, the forests, there were a lot of different enviroments really close to each other. The people there were all nice, even if sometimes I couldn't understand them very well (english is not my first language) but I met a lot of people and neved had a bad expirience. I still find it strange that the sings on the road were written also in irish but i never met a person who could talk it, that was weird. I really want to go back and visit more of it.",0.042134017
,2021-04-10 10:20:39,"I have never met an american tourist and I don't think they are the problem. The issue here is what we see in the media or online, it always depends on who you are following and what kind of things you see.",0.121839836
,2021-04-09 08:56:44,Animal crossing new horizons. I don't think i would be screwed at all. It would be amazing.,0.14470357
