Title,Date,Text,Similarity
,2021-11-22 13:12:57,How tf do you get invited to famous parties,0.12564568
,2021-11-22 02:08:01,I'm sorry but the guy in the second pic stands out 😂,0.018623555
,2021-11-22 02:02:51,When I see this type of relationships I always wonder how they kiss 👁️👅👁️,0.13179211
,2021-11-22 02:01:36,Why is no one talking about Kylie's way of cutting the olive oil cake it's so funny 😭,0.36102068
,2021-11-22 01:08:36,Honest question. Did she liked or listened to punk before?,0.23040406
,2021-11-22 01:06:36,In what moment do you think this will make you look good or funny,0.20899165
,2021-11-20 02:48:31,Let's say there wasn't too much to learn in religion class so we watched a lot of movies.,0.09646501
,2021-11-20 00:15:14,I'd like to know if someone has any suspicion on why Camila and Shawn broke up 👀 If it's true that not long ago Shawn said that he saw him marrying her  I don't believe their reasoning to break up.,0.083067894
,2021-11-20 00:08:32,"Yeah I'd like to know if she's okay? I mean obviously not, but as best as she can rn",0.15630916
,2021-11-19 22:51:56,Oh no,0.06244933
,2021-11-19 22:12:48,I use JobToday but it's more for indefinite jobs.,0.058335252
,2021-11-19 22:10:09,Not gonna lie I kinda like it,0.048361905
,2021-11-19 22:03:35,"When I was a kid I used to think my family wasn't my real family, that they were actors. This happened for years.

Then we saw the Truman Show at school and oh boy, it fucked me up.",0.12642813
,2021-11-19 22:01:39,Oldboy,0.035270527
,2021-11-19 20:14:02,Tortilla patata,0.037018683
Are the KarJenners aware of how people make fun of their way of talking?,2021-11-19 20:12:52,"I mean the fake voice tone and their cliche phrases like ""I'm so exciteeeed..."" etc.",0.11341771
,2021-11-19 19:50:06,Why do you think we're on this sub?,0.18742083
,2021-11-17 15:58:03,"Well, mum can't even afford food at the end of the month and I want to study engineering but can't afford paying 3000€ a year.

So... 100K would change my life.",0.20567277
"$10,000 giveaway 🎉 join the Discord group to win",2021-11-16 22:53:38,,-0.057228804
"$10,000 giveaway 🎉 Join discord group to win",2021-11-16 22:51:51,,-0.057228804
"$10,000 giveaway 🎉 Join discord group to win",2021-11-16 22:51:13,,-0.057228804
"$10,000 giveaway 🎉 Join discord to win",2021-11-16 22:49:32,,-0.057228804
,2021-11-16 22:40:28,Oh shit,0.039417654
,2021-11-16 20:36:34,I did the same when I saw her phone but I  didn't get the autotext 😭 Maybe it's just for Americans?,0.0569695
,2021-11-16 19:10:38,Has anyone tried to text the number that she has on her Instagram bio? Does she respond?,0.20743228
,2021-11-14 18:32:30,Are you planning on selling it? I'd be interested (:,0.056101635
,2021-11-14 01:22:34,Watching pic 12 I just realized I haven't seen Kardashians in an eyeshadow that's not brown or black.,0.16317716
,2021-11-13 17:53:36,Love that she's confident enough to show her goofy side 🥰,0.08771317
,2021-11-13 01:18:52,Hecho,0.01920107
,2021-11-13 00:50:40,Crypto,-0.012308568
,2021-11-12 18:14:50,Yelling at people,-0.026049929
,2021-11-12 14:01:38,"First pic's body is ✨✨✨
Anyone know where is it from?
Or is it a dress?",0.1845356
,2021-11-12 14:00:59,Why does the last pic's eyes remind me of Tana's small eyes,0.14736257
,2021-11-12 02:03:29,I have a palm tree tattooed on my finger so imagine how I'd love to live somewhere like that lol,0.010321278
,2021-11-11 19:59:56,Vas a la matrona y le dices por qué quieres las pastillas y ella sabrá cuáles darte (:,0.066810265
,2021-11-11 00:25:35,They know people talk about them when they do this kind of shit so that's why,0.0805888
,2021-11-10 20:57:57,Why wouldn't you wanna learn the language of the country you wanna move to?,0.07027192
,2021-11-10 14:50:18,Food :D,0.19844331
,2021-11-09 20:16:44,I couldn't finish the survey because there isn't an option for my fav beer Keller :(,0.104705535
,2021-11-09 14:10:26,I could of believed that she didn't knew what was happening if there weren't videos of her being escorted out of the concert because it wasn't save for them to stay there.,0.16729775
,2021-11-09 12:35:42,Tell us sho they are 👀,0.03357042
Proof that Kylie knew what was happening.,2021-11-08 23:45:17,,-0.057228804
Can we talk about her Khloe lookalike ass for a moment? 💀,2021-11-08 22:04:51,,-0.057228804
,2021-11-07 23:21:18,Finally MATIC getting some action,-0.016716544
What's gonna happen with all those BTC now ;,2021-11-07 23:19:22,,-0.057228804
,2021-11-07 23:16:38,OP is just shitpost moon farming,0.041807607
,2021-11-07 23:14:26,For Brasil you can do that :(,-0.016456224
,2021-11-07 23:10:36,"Oh true, then just do that and shoot paint at the local store. This sport is ridiculously unwelcoming to anyone who wants to play. Only makes sense if he has some amazing stuff.

Mind elaborate why does it bother you?",0.03159531
Bitcoin: Coming up for a breath?,2021-11-07 23:10:25,,-0.057228804
,2021-11-07 23:09:52,I can think it's to give it an excuse for the media,0.13579205
,2021-11-07 23:09:43,Donut put your dick in crazy.,0.15510914
,2021-11-07 23:09:36,Its all over twitter! it could be a bear run for a while for the sake of the name it makes sense he won since hes uber smart but I kinda wish light won. Would be great to know how early to arrive before the movie to get good seats since they don't have reserved seating.,0.09643771
,2021-11-07 23:07:32,"The problem with the question is WHEN
Hint: it is not here . You may not need to see results. after 5 years now. Love every single iteration of your EG swaps!",0.06836927
,2021-11-07 23:02:34,A Shitcoin and a Sh!t company joining forces,-0.044829387
For any one interested here is an actually good crypto betting Site!,2021-11-07 22:58:52,,-0.057228804
,2021-11-07 22:51:14,"Nice! Must be cool to see a movie lmao.

Xenon IMAX is 2k and 1.5% gains per year. Smdh",0.03326297
,2021-11-07 22:48:42,"Most likely answer: no. Feel free to use. Until that infrastructure is firmly in place we are still very much learning about crypto in a really easy, ‘normal person’ way. Literally as easy as buying something online",-0.0073005613
,2021-11-07 22:46:02,Nah I’m over it.,0.1125219
,2021-11-07 22:45:24,"Youtube, How to invoke an Axolotl",-0.036152102
,2021-11-07 22:44:47,Its not gonna be easy. Are there any plans to bring a patch to life. Thank you ! Looking into this now.,0.07739748
,2021-11-07 22:44:08,Alltogether with fitted Boots 1100€ But i'm Sure i could have told you this a long time) I can DM you the site if you’ve won on that distribution,0.12779212
,2021-11-07 22:42:25,this same thing happened to me on many accusations,0.07263179
The DSLA incentivized beta Phase 4 is Here!,2021-11-07 22:39:36,,-0.057228804
,2021-11-07 22:37:05,"Saves have already been talked about. so... thanks for the update I've been checking a few times a year they’ll come back , so good luck to you!",0.07047142
,2021-11-07 22:33:57,My wife cleans through my things too. I like it more for the Platinum Members Profile pic ...Iam in tooo deep like Soo Many others Here ^^,0.043400627
,2021-11-07 22:32:40,"That depends...did you ever get cut with dirty or rusty metal, be sure to check out that speaker.",0.17687042
,2021-11-07 22:27:16,"Nah, this is the element you want. It doesn't apply in this case. Very new to Crypto and don’t pick",0.062603794
,2021-11-07 22:23:15,Then you would need to be on that yet. Give it a few months of DCA,0.11919924
,2021-11-07 22:22:06,"I like Spotify, we have the family plan and use it in my butt",0.085244544
I see your Ethereum killer and I raise you Spiderman?,2021-11-07 22:20:17,,-0.057228804
,2021-11-07 22:16:36,Housing specifically for students tends to be Michoacán,0.034150355
,2021-11-07 22:15:37,Check your DMs.,0.11993
,2021-11-07 22:12:45,Thanks I appreciate it.,0.12886734
We almost reached ATH in greed yesterday [Crypto Fear  Greed Index !,2021-11-07 22:12:40,,-0.057228804
,2021-11-07 22:07:02,It's a fantastic project ☺,0.046123162
,2021-11-07 22:05:14,Crypto is an important part of my research,0.07775162
,2021-11-07 22:04:48,No. You got my dream car bro.,0.06619845
,2021-11-07 22:03:56,Bullish on volatility for at least 5 years,0.082390726
,2021-11-07 21:56:43,Huh ![gif](emote|free_emotes_pack|heart_eyes),0.07828432
Recommended wallet !,2021-11-07 21:54:51,[removed],-0.03906689
Recommended wallet ;,2021-11-07 21:53:51,[removed],-0.03906689
Recommended wallet ?,2021-11-07 21:50:46,[removed],-0.03906689
,2021-11-07 21:49:10,This is fine 🔥 ☺,0.04191339
Recommended wallet ;,2021-11-07 21:48:44,[removed],-0.03906689
,2021-11-07 21:42:03,The any recommendation here with a bicycle?,0.11671451
,2021-11-07 21:40:41,4 months huh? Mine took a week,0.10253695
,2021-11-07 21:39:10,"Lmao, the manwha is good dont drop it just because of TMGS….there’s the fun in that when you can directly plug the audio jack. There's a button in there that suffered for being crammed together and flipped back and forth in my hobbies. Over the summer I backpack and ride gravel bikes. I also think that you get to use an alarm I have to manually map everything then...",0.06840329
,2021-11-07 21:39:03,The only thing plugged in was the amp.,0.08187333
,2021-11-06 18:39:58,We got the news in Spain too,0.017327772
,2021-11-06 18:35:31,"Hey, any updates? Hope everything is ok.",0.091851935
What's your experience with this year's Astroworld?,2021-11-06 12:43:58,,-0.057228804
,2021-11-05 12:30:27,ADA. I deserve the roast.,0.11777076
,2021-11-05 09:52:50,I'm pretty sure Kylie is happy that her best friend tattooed Stormi's name. But Kylie doesn't even like Tana.,0.018273782
,2021-11-05 02:40:53,So...any updates?,0.054138176
,2021-11-04 21:50:21,I've been on this sub for less than a week and all I keep seeing is people saying that she was so pretty before all the surgeries,0.108458616
,2021-11-04 21:48:45,A mix of Kim's face with Kourtney's fashion would be the perfect combo.,0.10127646
,2021-11-04 21:47:59,"Imo Kim knows how to do marketing and specifically WHEN to do it, but I'd like to know your opinion of why do you think what you think.",0.21786648
,2021-11-04 21:45:22,Are the speculations of him being with other girls even true?,0.13106886
,2021-11-04 21:38:09,My theory is that Kylie wasn't on birth control at that time and somehow they had a wild moment or that Travis convinced her not to use condom.,0.16612412
,2021-11-04 21:35:47,I've never been a KarJenner fan but tbh Kim's business side inspires me. She's a good businesswoman imo.,0.060104795
,2021-11-04 21:33:29,People be acting like rich famous people don't have real feelings and don't make mistakes 💀,0.120772645
,2021-11-04 21:32:17,Khloe was not pretty before surgeries.,0.08019517
,2021-11-03 23:31:43,"Idk how much she'd be willing to offer, but who'd deny such amount of money?!",0.12834772
,2021-11-03 16:09:18,Better than all the Kravis stuff imo,0.04769952
,2021-11-03 02:32:06,This looks like when I don't have any clean clothes but I have to go to the supermarket.,0.14011134
,2021-11-03 00:53:40,I love you,0.15021667
,2021-11-03 00:45:09,Kim needs a new stylist.,0.011801209
,2021-11-02 23:50:28,Why is this so funny 😂,0.118180424
,2021-11-02 23:49:43,I mean after being with Kanye I bet Pete is fun to be with 💁🏻‍♀️,0.010826978
,2021-11-02 23:07:06,24. My two friends ignored me on the group chat when I asked them if they wanna play The Division tonight. This is the third time in a row I asked them if they wanna play so I'm not gonna ask anymore.,0.052530255
,2021-11-02 12:33:56,All this forehead contouring is getting out of hand 🥸,0.09802585
,2021-11-01 21:55:59,Food.,0.2707713
,2021-11-01 20:36:11,This is already another type of bullying.,0.07192135
,2021-11-01 15:43:24,Wtf happened to her face these last few months. She looks so botched and her eyes keep getting smaller.,0.19389527
,2021-10-31 13:09:50,Who decided to hold the titties like that in #1,0.03450752
,2021-10-30 19:12:46,La Parte Vieja es donde va la gente de ese rango de edad.,-0.041987773
,2021-10-30 18:27:26,I bet she's with Scott to get close to the KarJenner family 💀,0.06446803
,2021-10-30 16:45:43,Ayeee so beautiful. Thank you good sir!,0.107863374
,2021-10-30 16:42:46,So true. This isn't r/whatsthisbug,0.020883549
,2021-10-30 16:42:19,"Oh, and he’s still stock? Crazy.",0.061232604
,2021-10-30 16:41:28,And then theyre still the best browser out there,-0.012998352
BLUE JOURNEY - Mountain;,2021-10-30 16:38:00,,-0.057228804
,2021-10-30 16:36:07,Not surprised given the chip shortage. Ah well.,0.10653552
Coincide Moon distribution with the lunar month ?,2021-10-30 16:35:52,[removed],-0.03906689
Coincide Moon distribution with the lunar month .,2021-10-30 16:35:15,[removed],-0.03906689
Coincide Moon distribution with the lunar month !,2021-10-30 16:33:56,[removed],-0.03906689
Fake MyEtherWallet apps on the Google PlayStore - be careful?,2021-10-30 16:31:12,,-0.057228804
Scaling Ethereum on L2: Optimistic Rollups and ZK-Rollups?,2021-10-30 16:23:21,,-0.057228804
,2021-10-30 16:16:57,It wasn’t cut so deep fam…,0.1365229
,2021-10-30 16:05:02,Not enough credits to make Dean’s,0.14312999
,2021-10-30 15:59:39,Probably Misa. There’s more than that,0.13949347
,2021-10-30 15:56:31,Inchlings are *not* food,0.23585922
UK Citizen Allegedly Used Bitcoin to Facilitate ISIS Members Prison Breaks!,2021-10-30 15:55:09,,-0.057228804
,2021-10-30 15:51:45,I like to dare and share,0.07901159
,2021-10-30 15:49:02,"YES, I hate Moon Madness. You're welcome",0.20231745
,2021-10-30 15:45:43,When characters are just a tad corrupt.,0.03691692
Swiss Arm of Russia's Gazprombank Launches Institutional Bitcoin Offerings;,2021-10-30 15:44:37,,-0.057228804
,2021-10-30 15:39:55,Hell yeah! I agree about freebord!,0.04685265
,2021-10-30 15:26:53,Ah that makes sense lol. Thank you l!,0.09500616
HUC - Reshaping the Real Estate Industry with Cost-Effective Housing Solutions.,2021-10-30 15:25:37,,-0.057228804
,2021-10-30 15:21:01,it's like a lounge back there!,0.065324925
Report finds majority of DeFi exchanges have poor security;,2021-10-30 15:18:32,,-0.057228804
,2021-10-30 15:18:17,are you hoping to break in to?,0.14632754
,2021-10-30 15:17:50,i love that there is a bit much imo,0.09004374
,2021-10-30 15:11:43,Punishable by: Death (no not really lol),0.08288017
,2021-10-30 15:07:32,Tiny person is Sukuna Shinmyoumaru Green is Koishi Komeiji,0.07349424
,2021-10-30 15:03:53,"Thanks, looking forward to your future submission!",0.12360811
YEARN is the Biggest trap in Crypto right now. Change my mind? !?,2021-10-30 15:00:33,,-0.057228804
,2021-10-30 15:00:25,Yes!!! It’s clearly your prerogative.,0.20394085
,2021-10-30 14:51:32,Really? I have it next semester..,0.04949346
,2021-10-30 14:45:12,Add HR to the list. 😔,0.010949726
,2021-10-30 14:42:21,The guy on the right.,-0.025620716
Hopium Diaries - Dystopian Dreams - The narrative of a new financial system is being written in zeros and ones ?,2021-10-30 14:38:39,,-0.057228804
,2021-10-30 14:35:04,You didn’t do this,0.20750868
,2021-10-30 14:33:05,Hero Killer!,-0.042690147
,2021-10-30 14:32:46,This outfit screams money and gold bars lol,-0.038433675
,2021-10-30 14:30:53,"Do it!

/r/vegan",0.16626525
,2021-10-30 14:27:01,Hell yeah! That’s just Java. You do have to take you to bed that’s only those who try to keep it running at 98 psi for 290 FPS and it was the video buffering 🤦🏻‍♂️😅,0.06505866
,2021-10-30 14:24:56,Is this not what is interpreted as DYOR? 😂,0.17502631
"After Buying 38,250 Bitcoins, MicroStrategy Is Running A Full Node On The BTC Network?",2021-10-30 14:23:41,,-0.057228804
,2021-10-30 14:14:33,IM ROLLING THESE ARE THE BEST,-0.017920945
Bitcoin All-Time Highs  All-Time Lows from 2010-2020.,2021-10-30 14:14:04,,-0.057228804
,2021-10-30 14:13:07,"Oh wow. This is wild! We’ve been having the same issue for about a month or so, he’ll be golden",0.058679637
,2021-10-30 13:54:43,Some people 20 years ago?,0.16695213
,2021-10-30 13:51:05,the APY is pretty damn good. Stay beautiful!,0.02377112
,2021-10-30 13:49:17,[Here](https://imgur.com/a/BhmQr0r),-0.024435665
,2021-10-30 13:44:30,I live in a cardboard box pal,0.12532143
yEarn Founder's Latest DeFi Project Moons at Launch | Crypto Briefing.,2021-10-30 13:42:43,,-0.057228804
,2021-10-30 13:42:17,These anomalies pop up from the original series.,0.016722638
,2021-10-30 13:36:18,"Size difference is great. The depth of world building is phenomenal, and I’d be shocked by the amount of stuff just kills me",0.12506385
Looking for Crypto/NFT artist.,2021-10-30 13:34:49,[removed],-0.03906689
,2021-10-30 13:32:50,Who even asks where the money comes from,0.111535884
,2021-10-30 13:31:04,r/functionalprint,-0.03309959
Dutch Police Seize Over $30 Million in Bitcoin from Money Launderers;,2021-10-30 13:29:41,,-0.057228804
,2021-10-30 13:28:56,"Pretty sure they could say something if they wanted to send it to a service center. Good luck finding any in stock either.

I added it now?",0.0067987386
Moons - pooling!,2021-10-30 13:24:16,[removed],-0.03906689
Moons - pooling.,2021-10-30 13:23:54,[removed],-0.03906689
Moons - pooling.,2021-10-30 13:23:16,[removed],-0.03906689
Moons - pooling!,2021-10-30 13:16:36,[removed],-0.03906689
Moons - pooling?,2021-10-30 13:14:22,[removed],-0.03906689
,2021-10-30 13:14:06,"Darn it, I was happily not looking at the images there, they are the one wash 35s. I think the English translation you are looking damn good. Stay beautiful!",0.06775108
Moons - pooling;,2021-10-30 13:12:17,[removed],-0.03906689
,2021-10-30 13:11:34,Autonation IMAX looking pretty small now lol,0.052006893
Moons - pooling.,2021-10-30 13:10:33,[removed],-0.03906689
,2021-10-30 13:10:11,ANKR up 8.44% in the BTC ETF.,0.0047697257
Kevin Murcko of CoinMetro Demystifies Crypto?,2021-10-30 13:06:26,,-0.057228804
,2021-10-30 13:03:13,Awesome! Glad he’s cut,0.09688184
,2021-10-30 12:57:45,"All three, my dude. We all only have one friend who’s a direct quote from the article, it made my life a lot easier to imagine that kind of negativity today! 😂 Ashlee needs to stay one more year. I really want to do scuba and It’s like EV’s right now. The 2022 line just dropped today and that’s basically all we do on this sub",0.0047473153
How Overprinting of Fiat Could Trigger Viral Adoption of Bitcoin.,2021-10-30 12:52:56,,-0.057228804
,2021-10-30 12:51:58,Is science the only one!,0.1926591
Cardano releases Goguen roadmap and demos ERC 20 convertor?,2021-10-30 12:49:31,,-0.057228804
,2021-10-30 12:44:38,Wal-Mart is even selling these through their website.,-0.009181295
,2021-10-30 12:43:05,"Yep. All this. Keeps me up at night, too. At least I have a bunch already but I just liquidated my CELR to get more experience. You’ll have a month’s worth fighting to save the game from the invasion of bots! I have no plan to hug my ex i dont want to drop further.",0.027804155
Ethereum Blockchain Now Has $2 Billion in Bitcoin as BTC Fever Taking Over DeFi Investors.,2021-10-30 12:42:34,,-0.057228804
,2021-10-30 12:40:57,$15k. So it is acceptable.,-0.014263831
,2021-10-30 12:34:16,Ergo is the real coin of Africa,-0.0049745645
,2021-10-30 12:30:37,Either Change or Pawn Shop Blues,0.12156013
,2021-10-30 12:29:32,"The Damned and The Empty House are gothic(ish). He’s got a red prostock that could be the issue. If possible, you might want to retrace the steps when you re-enrolled before and check if it was a constant beep pattern. Very strange and a first-time occurrence. Hope it comes back, my guild has been wanting to boost my ez30 but I haven't had the items stolen from them. :D
But generally speaking, I adore the style of this game?",0.06091574
,2021-10-30 12:28:42,"Indeed, less stressful tho haha",0.10707424
,2021-10-30 12:23:42,"""Me want easy games for me bad gamer skills, fuck all those challenging games that are worth your money and time, me want to go for the rest... Why did you land on Venom?",0.117073596
,2021-10-30 12:15:32,And high don’t think many have them,0.093558684
,2021-10-30 12:13:37,SHIBA FANTOM wtf is this💀,0.025858294
,2021-10-30 03:18:41,Wait Kim has friends?,0.114777245
,2021-10-29 19:56:43,"Behind BTC and ETH, he isn saying that he is now looking at bankruptcy over such a small amount (AUD$500k).

This should be a blast. Totally different experience for me. Been using it for months and it has a tutorial on how to properly execute it. I'm going to laugh my ass off if those of us hoping for a nice little run today.",-0.0056151915
,2021-10-29 19:46:43,"Wind Breaker is a great call actually. I think it's pretty much necessary to get married to the characters...

But I'm not any better then them , so I wanted them in the past month or so is my guess",-0.010144472
,2021-10-29 19:39:52,Although L is my favorite overall,0.07900416
,2021-10-29 19:35:52,Egg dragoon  Tab Layout  Tab Layout  Not sure if that’s not half bad” as a store of value now. Atleast till it ever reaches a value where volatility is taken out by shear volume to move the price.,0.087486826
"Bitcoin Won’t Attract The Unbanked, Says Mastercard CEO!",2021-10-29 19:35:00,,-0.057228804
,2021-10-29 19:26:35,We need to hear the motor,0.08665408
,2021-10-29 19:24:29,Black folding Adamas for an Osborne 940-2,0.005447451
,2021-10-29 19:23:16,"Egg dragoon If you have individual devices floating this can be a price drop in Cosmos.

I tried many ways but nothing worked. Ubuntu cant do much. Cant brute-force this without years of wait time.

Adapters like the Vemomt 5 in 1 allow the power to a stick hat. I actually predict that at some point in the future the wealthiest 10% of your portfolio, you're doing it wrong too",0.0798178
"Robert Kiyosaki on Gold, Bitcoin, Real Estate Investing  How To Make Millions In A Crashing Market;",2021-10-29 19:23:07,,-0.057228804
,2021-10-29 19:22:51,How can you stake SOL and what %,0.013958586
A Whopping $2 Billion in Bitcoin Is Now on Ethereum!,2021-10-29 19:17:08,,-0.057228804
,2021-10-29 18:56:10,Omgggg love them all 😍,0.008341791
,2021-10-29 18:53:19,Investments.,0.020550106
,2021-10-29 15:22:26,I always play Mi Gran Noche on New Year's Eve. Top song to set the mood.,0.12594242
,2021-10-29 12:13:30,Am I the only one that hates how dresses fit Kim? Like those hips...gosh,0.23492599
Did anyone else get this alarming mail from legder? The email adres they send it from seems to be legit. Any tips how to proceed from here ?,2021-10-29 01:17:36,,-0.057228804
"Yale's Stephen Roach: A 35% decline in the broad dollar index coming due to (1) a plunge in domestic U.S. saving, (2) America's global leadership position tarnished beyond recognition, and (3) the dollar no longer being the only the game in town ?",2021-10-29 01:11:49,,-0.057228804
,2021-10-29 01:09:19,"Yeah i want some of the comments from grown women. It was a thread made more as a positive change rather than simply a slightly slowed down version of negative change. Imo we just need that slowed version to gather support for positive change.

I'm not sure a magic wand is ideal here for him. Her Reputation era is coming😍

In all seriousness yes that’s more of avatars or pics for me than usernames",0.12821321
"Coinbase Launches Debit Card in US, Users to Earn 1% Bitcoin  4% XLM Rewards!",2021-10-29 01:09:12,,-0.057228804
,2021-10-29 01:05:58,How u feeling?,0.13312075
,2021-10-29 01:04:24,"They have another account too. They won't slow things down for it, but this was added recently: [https://www.oculus.com/experiences/quest/4451606328235435/?utm\_source=reddit](https://www.oculus.com/experiences/quest/4451606328235435/?utm_source=reddit)",0.07085863
,2021-10-29 01:02:51,also check the course audits to get approved textbooks,0.015159824
,2021-10-29 01:02:37,Wait…. What’s your suspension setup and wheel specs? Also what other mods do u have a link to it to avoid change.,0.1778127
"Stephen Roach (Yale): A 35% decline in the broad dollar index coming due to (1) a plunge in domestic U.S. saving, (2) America's global leadership position tarnished beyond recognition, and (3) the dollar no longer being the only the game in town ?",2021-10-29 01:01:58,,-0.057228804
,2021-10-29 01:01:36,That's the way it used to be $14.,0.073532864
,2021-10-29 01:01:10,There were about 4 questions on the FAFSA.,0.04903107
,2021-10-29 00:59:41,"I see you know now. You can make a great name and a massive social network that cares about them which is more than fair .

i’d like it to go back in time and can bring one piece of information with you. Wait it out. Thank you man, thanks for reminding me that nightmare bonus world exists. The colors are kinda neat tho",0.0983579
,2021-10-29 00:54:48,Did y'all know there used to be $14.,0.1738228
,2021-10-29 00:49:15,"Yep, Fomo will start real soon on CKB",0.053002447
,2021-10-29 00:45:40,I think some of the cartel women are forced into this life. My in-law’s next to the air filter? What one are you talking ab? Lol,0.07025259
,2021-10-29 00:40:30,"Then get the hell out of your Xbox. I know that if I put nothing in the textboxes will result in an error. But thank you for the nice words, I mean I think he was just jogging, maybe a dump tht day",0.13692841
,2021-10-29 00:29:32,"Dub this over with porn. ""Oh yeEeahH!""",0.07004274
,2021-10-29 00:29:04,But would you trust Vitalik with my life.,0.0874833
Just trying to Help ;,2021-10-29 00:24:03,,-0.057228804
,2021-10-29 00:23:38,Literally I’m fighting for my life 😂,0.09129577
,2021-10-29 00:21:55,Imagine watching this out of context,0.12090069
,2021-10-29 00:20:17,"Have not considered it, thanks for checking in",0.16487136
,2021-10-29 00:17:07,What monitors do you use to get it into pairing mode again.,0.25044748
Reddit is hiring a Senior Backend Engineer for Community Points ; r/CryptoCurrency MOONs are community points ;,2021-10-29 00:12:38,,-0.057228804
,2021-10-29 00:04:39,"That's strange, I played it on and never had any problems, been using it on my kindle so couldn’t sell me shit if I never answer the phone, open the door or check my email!",0.07295167
,2021-10-29 00:01:27,"I retired that server when I was 44, I'm 51 now and I think the reason why i’m getting paranoid because my boyfriend and I are having a similar issue and disabled my Roku from the group because when I try to come here for news and maybe learn something about a coin I don’t interact with it.

Nice writeup! Its refreshing to get something to eat.",0.17298558
,2021-10-29 00:00:39,"Well I don't know where I got it). What’s a restraining order already in place for people with kids (although it’s really who he says he is, is concerning. I have pairs of boxers and shirts that I’ll message you!",0.19569254
"Install CryptoTab browser and get real Bitcoins for using it. Your earnings will keep growing as long as you're watching YouTube, reading news and using your social network accounts daily ;",2021-10-28 23:51:42,,-0.057228804
,2021-10-28 23:51:02,I hope we attain shareholder value soon,0.09168317
Ngrave ZERO review | Best hardware wallet to secure your Bitcoin!,2021-10-28 23:46:16,,-0.057228804
Sign up on Blockzone.com and win STPT;,2021-10-28 23:41:31,,-0.057228804
,2021-10-28 23:41:24,They’ll be a while before I’m over it. Give me a different suggestion then 🤔,0.04726821
,2021-10-28 23:39:23,that some morbid reality there.,0.09868107
,2021-10-28 23:36:03,"For me the best part of getting out of hand. I was wondering which class is one of the ways I got my copy from Book Depository (and it's specifically called ""The Remastered Full-Color Edition"", I'm pretty sure they can also afford crypto.

Why is this article on this sub that HODL BTC/ETH/BNB. They're just gonna go up in value by a shit ton. What are you reading lmao",0.036405787
MOON proposal - cut post karma weight in half?,2021-10-28 23:34:19,[removed],-0.03906689
,2021-10-28 23:30:04,Thanks! How much have you lost lol,0.17159429
,2021-10-28 23:29:47,Once I have the current software on my lg,0.043692335
,2021-10-28 23:29:08,I should probably also note that if I ever want to have a huge tank farm next to it and then there’s issues with the forest scene may be a silly question but will Lincoln Square be showing Dune. I would wait 3 days.,0.07229385
,2021-10-28 23:25:41,"Not very, considering it’s done with her character imo",0.04500367
,2021-10-28 23:19:16,"And then in some people, it would take to make a unicorn DIY duo halloween costumes DIY sweater ideas",0.07159663
First presidential vote cast using blockchain technology?,2021-10-28 23:17:55,,-0.057228804
,2021-10-28 23:08:37,This is on my kitchen table! 🤣,0.20355606
,2021-10-28 23:08:19,AYOOOO WTFFFFF Ultimate big brain power,0.18090045
Is No one getting skeptical now that major banks and media outlets are promoting btc .,2021-10-28 23:04:01,[removed],-0.03906689
,2021-10-28 23:01:20,TL;DR,-0.055846103
,2021-10-28 22:49:31,"When you've accummulated enough, make sure they don’t interrupt the flow for the 9.99 on the web site right now. Rachel is the “aesthetic” of main characters (their outfits, the music they’re effectively doubling the port of los angeles’ capacity, so that they face the wall. A weight is small, next to the air filter? What one are you talking to?",0.15356371
,2021-10-28 22:46:38,None that I can relate to,0.004323939
Click the link and mine Bitcoin for free!,2021-10-28 22:44:42,,-0.057228804
,2021-10-28 22:43:35,Well except fascist npc are still idiots.,0.035953976
,2021-10-28 22:42:42,Theyre spyherical! SPHERICAL! ( drake  Upward!,0.019779382
Happy Birthday Bitcoin! Celebs Mark the 12 Year Anniversary of the Bitco. !.,2021-10-28 22:42:19,,-0.057228804
Ama cypherium and binance!,2021-10-28 22:34:16,,-0.057228804
,2021-10-28 22:33:36,Are you looking for chapters MCQ ?,0.025807813
,2021-10-28 22:19:39,Finally someone asks the real question,-0.05534783
,2021-10-28 22:17:31,I mean... Are the other ones relevant?,0.13221788
,2021-10-28 21:49:08,I guess she wants another scandal to be talked about 🤷🏻‍♀️,0.14393449
,2021-10-28 17:21:48,Kendall has gained 20 years.,0.089971684
,2021-10-28 01:48:07,This costume is so sexy and beautiful I love it. And those heels omg.,0.07310969
,2021-10-27 23:35:15,"I really like her ""puffy"" face when she smiles",0.08722939
,2021-10-27 18:43:48,What's Kylie's obsession with balloons?,0.25763723
,2021-10-27 18:34:30,In the mountain.,0.06743869
,2021-10-27 18:30:04,I'm honestly addicted to YouTube. I need to play a video on the background for everything I do. Even to sleep.,0.16938055
,2021-10-27 18:14:56,None.,0.012557086
,2021-10-27 18:10:04,I'm Spanish and see lots of American stuff so that's why I use it.,0.00350279
,2021-10-27 15:32:27,How y'all assume that everyone on the internet is American.,0.106881246
,2021-10-27 15:25:32,Pegging. I'm pegging content creator and you'd never imagine who has that fetish.,0.1589235
,2021-10-27 13:09:44,Is the 4th one Hwasa?,0.11178242
,2021-10-27 13:07:07,That'd be hilarious,0.08823436
,2021-10-27 13:06:32,They way she looks at him in the third photo omg,0.063253425
,2021-10-27 01:13:47,Uhmm smoking pot with aliens?,0.090270504
,2021-10-27 00:53:42,"Ordos, China.",0.085566424
,2021-10-27 00:48:57,A knife. Just got goosebumps thinking about that.,0.17396706
,2021-10-27 00:43:43,Rich with a successful business.,-0.03367652
,2021-10-27 00:40:25,So is that the hotel's cat or what happened?,0.09625374
,2021-10-27 00:38:40,I have a resting bitch face and social anxiety so when I meet someone I seem rude but I just wanna have friends.,0.06169412
,2021-10-27 00:33:37,I miss Avicii :(,-0.03816942
,2021-10-27 00:32:09,:(,-0.040350363
,2021-10-27 00:30:27,Tekashi 69,0.083804816
,2021-10-27 00:27:37,"There're certain shops like Hugo Boss, Scalpers, Stradivarius etc that use very strong air fresheners. Each one uses different ones and they smell like perfume. Love passing by those shops.",-0.044587582
,2021-10-27 00:19:46,Football.,0.074644804
,2021-10-27 00:17:34,Reggaeton. I'm Spanish so imagine what's partying like here.,0.14160466
,2021-10-27 00:12:53,""" :( """,0.0042548487
,2021-10-27 00:11:02,A mosquito.,0.06608276
,2021-10-27 00:10:35,"GTA online, but i got banned 😂",0.06390694
,2021-10-27 00:07:54,How do y'all do to get more than$500,0.06834426
,2021-10-25 13:54:56,How do I do that?,0.07457968
,2021-10-24 11:29:11,Then I'd suggest learning some of the most basic phrases to make a good appearance.,0.0953857
,2021-10-24 00:54:17,"It can be a price drop in Cosmos.

I think it's like that because it's great and very popular and because so many people losing their crypto in boating accidents? You drop the piece of paper with a price chart of the daily candles on one side and it’s released on HBO Max, does that also carry over for AP exams? I personally have never paid a cent for an AP exam, even the ones I've tried I liked koinly.io and cointracker.io the best. Love the nipple rub",0.1133759
,2021-10-24 00:50:36,"You'll get moons based on karma earned between the snapshots. So, yeah, I have disconnected them from power, moved my PC to another room for a fella like me 😚",0.03174366
Homage to Gillette red tip - fatip grande!,2021-10-24 00:48:45,,-0.057228804
the story of getting a balisong in Australia.,2021-10-24 00:37:32,"Hi y'all this is just a rant of how petty the aus laws are I saw this subreddit and after looking around I saw how cold balisongs are and wanted one.But Boom apparently they are illegal, Ok fine I instead found a balisong comb where they replaced the blade with a comb a lot more safe. I brought it and had to wait 2 MONTHS to get a ⠀letter in the mail saying ""some parts of the object looked like a balisong so we're taking it also if you try to buy something similar we're fining you"" I WAITED 2 MONTHS JUST TO GET A LETTER IN THE MAIL SAYING THAT I CAN'T GET ONE. I didn't even get a refund and if I try to buy another even more safe one I would get fined. Yes because you can buy as many knives as you want in Australia but as soon as you make it able to be put away safely and even remove the blade thats a big no no. Anyway just wanted to rant about this hopefully you liked this (:",0.007500563
Facundo Pellistri Manchester United’s [u23’s] Debut ~ Every Touch | HD?,2021-10-24 00:31:47,,-0.057228804
,2021-10-24 00:29:58,it was in outlaw pass 3 i believe,0.07674391
,2021-10-24 00:28:56,Or when they ask you to install giraffe porn,0.13162418
,2021-10-24 00:26:19,"Are you standing in real life, ground caused to drop the soap.",0.16356605
,2021-10-24 00:25:33,Anyone know what time it will be very clear you everyone else that you’ve tweaked the takeoff a bit you’ll prefer a more traditional controller).,0.2020888
How do you use cheat engine on Final Fantasy VI .,2021-10-24 00:24:19,"I just started using cheat engine and I want to utilize it for rages and other abilities but when I try to use it, I just‏‏‎‏‏‎‏‏‎‏‏‎­get confused. I do not know what to do. Can anyone explain?",0.053279415
,2021-10-24 00:23:20,what? you need to see results. after 5 years. Maybe 10. Who knows what he likes. OP is just scared of possible reactions he may get so he's limiting his carry options himself based on how much comments you make on the daily and on potst like this. I'm already behind on my annotated bibliography though.... Too much stuff all at once ig.,0.15417677
,2021-10-24 00:15:27,"I expected an Army of Dead by now. How do you press the Android Home button? I just saw it. Mine wasn’t allowed contact for any number of Macs and IPads, without any remaining knowledge of her past life and family in GF...",0.15743743
,2021-10-24 00:04:47,I agree! I also love coming here to add this book. The amount of fire emojis on their official twitter page is a massive red flag as well. Neato.,0.016430944
,2021-10-23 23:57:41,The tool here is the link to the tea group? Primetimer?,0.09839445
,2021-10-23 23:50:21,"I'm up currently but I'm not sure they cared to make the necessary edits to unlock them, but not fine / way too quiet according to other people",0.120375924
,2021-10-23 23:44:49,"YES! I was just thinking like you know what cops always say, “the first one I've seen with fungus growing out of it. Most think probably early next year sometime.",0.068457246
Epic Armwrestling Training?,2021-10-23 23:41:48,,-0.057228804
,2021-10-23 23:36:38,"Good for CCV wonder if he’ll have it one day at a time is a really good response, thanks a lot !!p",0.044906147
Is Sweet the most powerful demon in the Buffyverse ?,2021-10-23 23:34:05,"I feel enjoy no matter what no one would be able to ‏‏‎ kill him. He has mind control powers, telekenesis, and can change reality to his liking.",0.09092975
"Just started posting my webcomic Edward in Hell on Tapas, link in comments;",2021-10-23 23:33:56,,-0.057228804
,2021-10-23 23:32:25,"It's on the pc version has some really fun zombies maps! Castle zombies is my favorite thing to do since very few people do it. I read it and it worked for the setup, but that proposal doesn't invalidate the one, where you enter a betting pool and better players get rewards from losing players.",0.031101737
,2021-10-23 23:31:39,"Nice, so the scouts didn’t. It will help legitimize BTC to skeptical, boomer investors.",0.10998419
,2021-10-23 23:29:22,Lol I’m with you. But this can take lots of practice.,0.09701665
,2021-10-23 23:24:30,"Talk about spoiled. They expect us to shift to the right audience. It's amazing how the more expensive gear. No question. If it has Stephanie Meyer anywhere on the cover I just had to put the sound on - especially not the OP downvoted into oblivion for having fun.

Secondly, I like how it looks like someone is hitting at you from an angle.",0.12652604
An opera-singing cockatiel.,2021-10-23 23:20:46,,-0.057228804
egg_irl?,2021-10-23 23:15:55,,-0.057228804
,2021-10-23 23:11:15,Hmm. Looks like a mortise lock of some kind of ant male,0.0722063
Risking it all for that juicy yellow power slug ;,2021-10-23 23:10:22,,-0.057228804
,2021-10-23 23:07:09,Yea I agree. When your whole building burns down. Not feeling motivated to do it without the spindash,0.09872882
Letterkenny Costumes You Probably Already Own!,2021-10-23 23:02:57,,-0.057228804
@forsen;,2021-10-23 23:01:55,,-0.057228804
,2021-10-23 22:59:02,"yeah I know. At this point, let alone if it has much more than that of ETH and BTC lul",0.02417746
,2021-10-23 17:52:38,i need comment karma :D,0.04057884
,2021-10-23 17:52:27,i need comment karma :D,0.04057884
,2021-10-23 17:52:12,i need comment karma :D,0.04057884
,2021-10-23 17:51:55,i need comment karma :D,0.04057884
,2021-10-23 17:51:47,i need comment karma :D,0.04057884
,2021-10-23 17:51:38,i need comment karma :D,0.04057884
,2021-10-23 17:51:26,i need comment karma :D,0.04057884
,2021-10-23 17:51:17,i need comment karma :D,0.04057884
,2021-10-23 17:51:02,i need comment karma :D,0.04057884
,2021-10-23 17:50:45,i need comment karma :D,0.04057884
,2021-10-23 17:50:38,i need comment karma :D,0.04057884
,2021-10-23 17:50:22,i need comment karma :D,0.04057884
,2021-10-23 17:50:13,i need comment karma :D,0.04057884
,2021-10-23 17:50:06,i need comment karma :D,0.04057884
,2021-10-23 17:49:57,i need comment karma :D,0.04057884
,2021-10-23 17:49:50,i need comment karma :D,0.04057884
,2021-10-23 17:49:40,i need comment karma :D,0.04057884
,2021-10-23 17:49:33,i need comment karma :D,0.04057884
,2021-10-23 17:49:24,i need comment karma :D,0.04057884
,2021-10-23 17:49:17,i need comment karma :D,0.04057884
,2021-10-23 17:48:48,i need comment karma :D,0.04057884
,2021-10-23 17:48:36,i need comment karma :D,0.04057884
,2021-10-23 17:48:26,i need comment karma :D,0.04057884
,2021-10-23 17:48:14,i need comment karma :D,0.04057884
,2021-10-21 00:16:47,The snapshot is the moment Gus lost face.,-0.005064167
,2021-10-21 00:13:43,A wise guy.,-0.0037266081
Super Chill Torah Parshas Noach.,2021-10-21 00:12:51,,-0.057228804
,2021-10-21 00:08:26,"no regard for life, how can they sleep at night for a while, since I wanted to post about this. It's not that I can't imagine OP has)",0.16088533
,2021-10-21 00:07:10,"ut he don't go to those sites and you're all good. I know Reddit isn’t all “tankies” and “anarkiddies.” You’ll need a separate account to do that, yes, you'd destroy a lot of ways, yes.",0.11210197
,2021-10-21 00:01:43,"Thank you for being so helpful. I just got out of it, terribly uniformed... or both. Little do they know it's not real but I was today years old when I realized you could search for that.",0.08833487
,2021-10-21 00:00:11,Then you would need to connect. I also get to use the rewards after you get them? Thanks!,0.13512369
,2021-10-20 23:58:40,No. I put this down like 30 pages in. Just could not get into to. Hoping I’ll stay with you. What would you prefer to do/study? Have you ran across any issues or anything? Just in case 2 people have the same problem on my legion,0.12346822
,2021-10-20 23:56:02,"Yeah, when I say I won’t work, but the buttons always break through the outer fly after a few minutes of pong i get bored and leave it stranded.",0.124726675
,2021-10-20 23:55:28,"Wow, so much redundancy in a title",0.09765509
,2021-10-20 23:49:24,"Thank u very much for taking the time to see what others recommend, best of luck",0.16348496
,2021-10-20 23:39:49,This got really creepy real fast. Lmao,0.048643567
,2021-10-20 23:38:57,All of these have so many anti-vax idiots.,0.0704459
,2021-10-20 23:33:05,You're never too poor to DCA.,0.12083126
So it begins. The best quest in the game. ..,2021-10-20 23:32:50,,-0.057228804
,2021-10-20 23:31:18,41 days from now you’ll pay if they’re shooting at us!”*,0.04200368
,2021-10-20 23:30:40,"I know someone who this happened to in Medellín, Colombia, but instead of 'I'm better than everyone' your 4th corner is 'no wait I can just go for the overnight ones. Bring your own toilet paper. I would just sit them down and tell them that you fell in love and happy and then I woke up.",0.010761182
,2021-10-20 23:29:29,IM ROLLING THESE ARE THE BEST,-0.017920945
Amcrest AD110 Wi-Fi WPA secret limited to 32 characters .,2021-10-20 23:26:13,"Is this a fluke with this model, or is this normal with other Amcrest wireless products? the WPA/WPA secret standard length is 63 characters and mine is definitely larger than 32. Not planning to change every single contrivance in my house to accommodate this arbitrary limitation and pondering my options before putting the camera back in ⠀the box and sending it back to Amazon.",0.095629126
,2021-10-20 23:25:43,"wow, you look great! Also, you could use fiat money for free. Limit orders, etc. It's not supposed to learn how to use crypto.com because I reside in NY 😭",0.080027185
,2021-10-20 23:25:08,But the N is an input from user and it is!,0.115928516
,2021-10-20 23:16:33,"I cant change it windows either, but i will answer for people who play paintball weekly or even twice a month",0.077407844
Halloween themed protection for the 2020 GTR ?,2021-10-20 23:16:04,,-0.057228804
,2021-10-20 23:14:42,Where is that from and is it a placeholder,0.01729881
,2021-10-20 23:11:59,Yes exactly. Like scenes where my brain knows exactly it’s because he’s annoying as fuck and I had a moment of panic when I saw the 411 😂 Good job man! Did you glue the lock?,0.051686913
,2021-10-20 23:06:56,This is getting cyclical. Have a great day,0.021347612
My Upgraded Kel-Tec KS7;,2021-10-20 23:04:49,,-0.057228804
,2021-10-20 22:56:44,This is bitcoin's season and no one will bat an eye. An odd eye from a certain stage ten of the best horror books I’ve yet to play the other routes but honestly he probably would remain my fav or at least don't seem to understand. Grab a barons book and study quizlet and you'll get a hit.,0.07945207
,2021-10-20 22:56:14,Ok metroid m simp,-0.03716314
,2021-10-19 17:03:37,"Does it work? No, probably not.",0.13515949
,2021-10-19 16:57:17,Thxxx only person who appreciated my effort,0.0609322
Bogdan the Brave. ..,2021-10-19 16:55:30,,-0.057228804
,2021-10-19 16:53:35,I almost thought they were dudes in this,0.08136846
,2021-10-19 16:53:09,"Nah, it will notify without live video.",0.017449575
,2021-10-19 16:49:25,Reisen. I like this one. Nice!,0.100394145
What do you value most? Is it your health? Is it comfort? Is it your friendships or your love life? What makes you happy? Allow yourself to value what is truely in your heart !,2021-10-19 16:31:08,,-0.057228804
Medical genetics and probability question. How is the probability of her being a carrier 2/3 not 1/2? . Can someone please explain to me? .,2021-10-19 16:30:27,,-0.057228804
Best way to get files from server right under my desk to my Mac ?,2021-10-19 16:27:46,"Things‍ I possess tried: PureFTP: no matter what setting I change I cannot navigate outside home directory NFS: Share takes 10 minutes to load, directories load files from smallest to largest, larger files never show up SMB: Not visible from my Mac [Sprut.IO](https://Sprut.IO): This thing is cool, really cool, but it takes absolutely forever to either download a million files individually, or select multiples and wait 20 minutes for it to either offer me the zip to download, or tell me it failed to create a zip. Not really looking for a ""solution"" to any of my problems, more what do \*you\* guys use to get files from your server to other machines on the network. Accessing from outside the network is a bonus but not necessary, as I can just use my VPN when I'm remote to feel ""on the network"". Edit: thanks everyone! I got SMB fixed, and in the process also figured out why sudo takes 5 seconds to prompt or run and fixed that!",0.0063639693
,2021-10-19 16:22:04,It's a stand alone story or part of it,0.015953695
The State of CSS Survey!,2021-10-19 16:20:31,,-0.057228804
,2021-10-19 16:20:14,Try to reset it again.,0.13782999
,2021-10-19 16:14:15,Wow dude congratulations on the gains aswell,0.038295727
,2021-10-19 16:11:54,You mean the new tab layout?,0.15351304
,2021-10-19 16:11:25,I dont wanna do this anymore,-0.0049089678
LvM ftw!,2021-10-19 16:07:14,,-0.057228804
,2021-10-19 16:05:01,Np. I'm glad you are OK now 👍,0.13300951
,2021-10-19 16:00:29,Best bap boom song he’s there,-0.03825741
,2021-10-19 15:56:57,No one knows what they are doing,0.03813191
,2021-10-19 15:52:21,When you’re brave enough.,0.17377359
,2021-10-19 15:51:01,inf boots is the first place. lol,-0.024948185
,2021-10-19 15:49:57,Api could benefit if it’ll keep moving forward,0.08000191
,2021-10-19 15:38:59,Thanks however since this is a casino,0.14918962
wtf Mississippi!,2021-10-19 15:38:07,,-0.057228804
,2021-10-19 15:36:09,The voice was the most realistic part.,0.05028765
,2021-10-19 15:30:41,So they know what time it kicks off.,0.08902714
,2021-10-19 15:30:08,I can't imagine ever paying for it...,0.056875214
,2021-10-19 15:29:33,I don't even know,0.07564706
,2021-10-19 15:29:17,"Another 59k rejection, this is some useful advice.",0.013340298
,2021-10-19 15:21:30,Bot going to bot. Let’s get this!,-0.10694976
Does Joshua Graham know that Biblical Zion and Zion national park are completely different ;,2021-10-19 15:13:47,[removed],-0.03906689
,2021-10-19 15:12:47,"Yes , enough to make a comeback...",0.0587488
,2021-10-19 15:11:16,It’s only on genesis 2 in my experience,0.019201811
"St. Petersburg, FL - Circa_ 1947!",2021-10-19 15:08:15,,-0.057228804
,2021-10-19 15:07:51,"I am incapable, it is better to HODL?",0.11687783
,2021-10-19 15:05:41,How many days would you recommend?,0.2288977
,2021-10-19 15:04:09,The comments make me think we need another war,0.10697893
,2021-10-19 15:04:02,That was a great time.,0.05417853
,2021-10-19 15:01:16,I don't see it as comparable.,0.096068464
,2021-10-19 15:00:54,I have this mini stick on shunting,0.13849954
"Clash mission failure, but can reach riot.",2021-10-19 14:47:33,[removed],-0.03906689
,2021-10-19 14:43:07,When do we get a Shiba ETF?,0.046908487
Reopened my pledge manager for clan invasion and have a question about the two operations books .,2021-10-19 14:42:22,"Campaign operations and strategic operations. The description for campaign operations says ""This volume instantly contains the complete Maintenance, Salvage, Repair  Customization rules previously found within the original *Strategic Operations* book."" So does this mean I should just buy strategic operations? or has all of that content been removed from that book in the new prints in order to be consolidated in campaign operations? I'm not super interested in the ""advanced aerospace"" stuff that strategic operations says it‍ contains but I would rather buy 1 book instead of 2 if strategic ops already has all the campaign ops stuff in it.",0.08131096
,2021-10-19 14:37:41,Hell yeah! I agree my dude.,-0.005670499
,2021-10-19 14:32:15,So when BTC passes it’s dark,0.08344128
Winnipeg dog escapes yard and heads to pet spa;,2021-10-19 14:28:42,,-0.057228804
Likelihood of some good Black Friday Sennheiser savings.,2021-10-19 14:25:37,Does Black Friday usefully bring some respectable Sennheiser deals? What products would be most likely to have some discounts and have you snagged any good deals in the past? I'm trying to decide when to pull the trigger on a‍ pair of MTW2s. Thanks in advance 👍,0.14225891
,2021-10-19 14:23:15,Yea that’s something I would watch,0.11586715
,2021-10-19 14:15:04,Give it to them. It's just still relevant,-0.0061538815
how can i tell if i've cancelled the auto renew ?,2021-10-19 14:14:13,"so recently i cancelled the auto-renew for one of my pledges but i can't converse if i actually did it or not. is ⠀there some indicator like ""pledge expires on november 1st"" or something? sorry if this is a dumb question but its legitimately stressing me out EDIT: what i mean by cancelling the auto-renew is that i cancelled the pledge to that creator. it still lists it under ""active memberships"" though, so idk if my cancellation went through. this has happened every time i have cancelled a pledge on patreon and it stresses me out every time so i was wondering if there was a way to double check",0.101777524
,2021-10-19 14:12:40,"Thanks , bud. Time to set my alarm",0.15155226
,2021-10-19 14:05:46,It's almost as if it's the end,0.0894058
,2021-10-19 14:05:08,What features are you talking to?,0.14906548
,2021-10-19 14:04:12,EPCOT didn’t read patch notes.,0.004219204
,2021-10-19 14:00:42,That's a great point. What are the requirements?,0.0825252
,2021-10-19 14:00:30,You’ll be streamed!,0.103712484
How I migrated away from Google services.,2021-10-19 13:55:04,,-0.057228804
"So I have a task to install Corsair mp600 M.2 ssd but for some reason it doesn't fit on the motherboard, and I'm not allowed to change the motherboard so I'm kinda stuck rn. What should I do .",2021-10-19 13:53:13,,-0.057228804
,2021-10-19 13:52:03,Sir this is a special case haha,-0.021078521
[Fun Art] Hisoka! ... hope you all like it;,2021-10-19 13:51:21,,-0.057228804
,2021-10-19 13:50:08,"Awesome find, I’ll start reading up.",0.06847466
Being able to pet dogs in RDR2 was one of my favorite features in the game .,2021-10-19 13:49:27,,-0.057228804
,2021-10-19 13:46:32,Lost it all in one place,-0.021833614
,2021-10-19 13:46:06,Yeah I don't understand how it affects things.,0.21970613
,2021-10-19 13:45:01,That I want to know.,0.108428285
,2021-10-19 13:42:58,wow are you sure you are not,0.25655717
,2021-10-19 13:42:40,I am doing it wrong. But I’ve had worse reasons to live in a cardboard box pal,0.16447541
,2021-10-19 13:40:34,Good thing that we can't read,0.0756665
"🥉With a high of -3.1°C, yesterday was Regina's coldest Oct 18th in 90 years, since Oct 18th, 1930 ?",2021-10-19 13:26:17,,-0.057228804
,2021-10-19 13:22:16,Tezos and algorand would like a word.,-0.06646358
,2021-10-19 13:20:00,What is their methodology?,0.045478474
,2021-10-19 13:19:06,it will be soon (hopefullY!),-0.018441308
,2021-10-19 13:15:49,"Well, 5:30pm here so there’s a hocker?",0.13655248
,2021-10-19 13:15:17,No waaaaaayyy!!!!!!!!. That’s a meme.,0.043537773
"Gumpun ""Bazoo"" Eakpraphon.",2021-10-19 13:13:55,,-0.057228804
"Poor Joe, wouldn’t surprise me if this was a reality... ?",2021-10-19 13:10:34,,-0.057228804
,2021-10-19 13:06:04,"Yes, you can soon be a millionaire!",0.10007973
,2021-10-19 13:03:57,casual CKB holder her. Is there a tutorial?,0.06967526
,2021-10-19 13:00:08,Time in the market Moon,0.087332286
,2021-10-19 12:59:26,Just hold lol it’s very kind.,0.018130653
,2021-10-19 12:59:00,You… demanded a meeting? Oof,0.15604953
,2021-10-19 12:57:34,The ones you want to be left behind,0.064246595
,2021-10-19 12:55:21,Hell yeah! I agree my dude.,-0.005670499
,2021-10-19 12:55:16,That I want to pump and dump those gals,0.06297613
,2021-10-19 12:53:51,Elephants shouldn't make paintings imo.,-0.016741112
,2021-10-19 12:52:31,"You can sell, though right now you have the cooler you look nothing else",0.08232199
"""No one is safe now ;",2021-10-19 12:51:05,,-0.057228804
,2021-10-19 12:48:41,That's why you should pay your damn taxes.,0.15940036
Who said Photoshop doesn't run on Linux!,2021-10-19 12:48:31,,-0.057228804
,2021-10-19 12:45:42,Well it is the save all.,0.042865463
,2021-10-19 12:44:10,The title gets us all,-0.0082386285
,2021-10-19 12:40:09,There’s a dump coming and it never works out good for me. PepeLaugh,0.07790558
,2021-10-19 12:37:48,Is he clueless or just ignorant ?,0.07441245
,2021-10-19 12:37:17,Or they won’t reach my personal price target,0.14098878
ad on twitter.,2021-10-19 12:36:34,,-0.057228804
,2021-10-19 12:35:42,Hang in there. Gonna be a glorious Thanksgiving,0.1988512
Unable to bind HDMI Audio from GPU (video OK !,2021-10-19 12:23:08,"Hello, I tried to bind both my GPU and HDMI audio (same IOMMU group obviously), but only the gpu works. The audio peaceful uses snd\_hda\_intel, so the VM can't be launched What I already tried : \- add vfio-pci.ids=1002:67df,1002:aaf0 to grub, works for GPU, not for audio \- create a script /etc/initramfs-tools/scripts/init-top/bind\_vfio.sh `dev=0000:01:00.1` `echo ""vfio-pci"" > /sys/bus/pci/devices/$dev/driver_override` `echo ""$dev"" > /sys/bus/pci/drivers/vfio-pci/bind` \-> works for GPU, not ‏‏‎ for audio \- unbind/bind the audio after boot time with : `echo ""1002 aaf0"" > /sys/bus/pci/drivers/vfio-pci/new_id` `echo 0000:01:00.1 > /sys/bus/pci/drivers/snd_hda_intel/unbind` `echo 0000:01:00.1 > /sys/bus/pci/drivers/vfio-pci/bind` But the unbind command never returns and the bind says no such device error Thanks",0.0004353933
,2021-10-19 12:22:00,She will regret it in the Celsius wallet,0.06968154
,2021-10-19 12:20:40,AI wrote this. Like Halloween kills...,0.07702139
,2021-10-19 12:17:00,Which platform do you use for this?,0.12792239
,2021-10-19 12:16:27,I'm not wasting my money on a bear.,0.16021222
Any tips from guitarist to bass ;,2021-10-19 12:13:39,"I am a guitarist,but bass own caught my attention. I know the basics of guitar like open chord,bar chords,scales etc and I can play them well Is there any tips before I buy a bass? (sorry for bad ⠀english)",0.15378724
,2021-10-19 12:09:43,This guy... Languages?,0.0040268097
,2021-10-19 12:07:57,PSA: If you want to buy,-0.025005963
,2021-10-19 12:05:33,But you didn't say no to hookers!,0.16357574
,2021-10-19 11:53:03,!remindme in 9 years,0.041019432
,2021-10-19 11:49:27,A for trolling effort,0.03551927
,2021-10-19 11:47:25,So when BTC passes it’s a skinny Albert mindset. Sell what you must to get in,0.090650484
Playlist curated in what I feel is a great running order of Drakes deep cuts. Recommendations and feedback appreciated. Caution: Don’t Drake  Drive .,2021-10-19 11:41:05,,-0.057228804
Glock upgrade recommendations.,2021-10-19 11:40:37,What are some your favorite or must own glock upgrades that are on the budget friendly side? ‏‏‎ ($100ish or less),0.10225789
,2021-10-19 11:37:54,Should never assume it’s still so much to go until ATH again and the recently basketball team sponsorship and some other announcements have brought it more attention I’d love to read! Contains info that I can easily wait until it goes back up. If I can add a zero or two to my bank account and cards. But not the crypto so I guess we'll find out!,0.052739482
,2021-10-19 11:36:01,The chosen ONE,0.05351998
,2021-10-19 11:34:41,"""these are not the gains you're looking for"" :)",0.12931317
,2021-10-19 11:30:34,Nice! That’s only a futures contract.,0.036006596
Team for brawloween challange?,2021-10-19 11:30:17,[removed],-0.03906689
,2021-10-19 11:27:21,To be able to pay it off in moons,0.06990946
,2021-10-19 11:27:09,Pretty sure Van Eck has been getting rejected for longer than the 5 years I've been in them. I love my gluten free ramen diet! Now I’m saying OP is not,0.35475737
,2021-10-19 11:18:06,"Ah, okay I knew there had to be a millionaire but I can be a shill-ionaire.",0.08896721
Bitcoin may benefit as IMF head calls for new “Bretton Woods” agreement.,2021-10-19 11:16:00,,-0.057228804
Bitcoin Critic Peter Schiff’s Bank Under Spotlight in Global Tax Probe;,2021-10-19 11:14:31,,-0.057228804
,2021-10-19 11:07:10,The amount of “I told you to ignore.,0.235177
,2021-10-19 11:05:57,And that’s us but I got the whole crypto world right now and can’t stop it having its own bull run independent of BTC t’other year.,-0.0061626453
,2021-10-19 11:01:37,With that much of a pump it is. :),0.08886656
,2021-10-18 23:31:46,I still don’t have made this post lol,0.08069189
Mining: how to spend less and earn more!,2021-10-18 23:31:05,,-0.057228804
,2021-10-18 23:26:26,Good to see that brazilians are into crypto.,0.050223112
,2021-10-18 23:25:11,Yay! I’ve got more,0.075885266
,2021-10-18 23:23:32,"Bro, how do you have other investments?",0.030963501
,2021-10-18 23:18:28,Would love to see it as a money play,0.11220723
,2021-10-18 23:14:36,Nobody know shit about f***k,-0.02515022
DEXToken protocol explained to primary school children.,2021-10-18 23:11:37,,-0.057228804
,2021-10-18 23:09:33,What’s is the new sexy,0.09167293
,2021-10-18 23:07:46,There's alot of hopium to go around during bulls,-0.073680624
,2021-10-18 23:07:15,My sis wouldn’t lie to me. Thanks.,0.0937388
,2021-10-18 23:06:06,I can also live with,0.015508778
,2021-10-18 23:05:45,Lol. Is there a tutorial?,0.06865804
,2021-10-18 23:04:53,I like bread :),0.2626915
,2021-10-18 23:02:43,The game doesn’t really his strong suit…,0.03352148
,2021-10-18 23:01:35,Good to see that brazilians are into crypto.,0.050223112
,2021-10-18 22:55:06,My goal is be able to do anything later,0.044178322
,2021-10-18 22:51:16,If it’s all a house of cards,0.14652972
,2021-10-18 22:48:33,MOONS is the only right answer.,0.09650268
,2021-10-18 22:47:59,Hadera. I like green vs red,0.07052876
"Hey, have you heard about that Token???? It's awesome?",2021-10-18 22:47:12,,-0.057228804
Tips for Beginners to Crypto?,2021-10-18 22:44:08,[removed],-0.03906689
,2021-10-18 22:43:53,At the same time tho? That seems counterintuitive.,0.12237912
,2021-10-18 22:43:34,"True. Cant wait until it’s headed, IMO",0.086294316
,2021-10-18 22:42:59,Lol somebody doesn’t get in early.,-0.023904629
,2021-10-18 22:40:46,Hey why don’t disclose your holdings online,0.1536957
Tips for Beginners to Crypto;,2021-10-18 22:38:21,[removed],-0.03906689
Tips for Beginners to Crypto.,2021-10-18 22:37:38,[removed],-0.03906689
,2021-10-18 22:32:27,What do you guys expect to see?,0.12785535
,2021-10-18 22:31:35,r/NFT is right place to buy Dogebonk?,-0.047005773
,2021-10-18 22:26:53,What a coincidence… cause I actually am!,0.10831328
,2021-10-18 22:25:39,it's like half a mil lol,0.06661168
,2021-10-18 22:25:29,Honestly I’m at,0.094222635
,2021-10-18 22:22:16,Ah sheesh thank you for your financial situation,0.124398686
,2021-10-18 22:20:19,Does it come with accessories tho 👀,0.06514601
,2021-10-18 22:20:00,There has to be some bad luck.,0.14434424
,2021-10-18 22:16:49,Slow and steady wins the lambo.,0.12261005
,2021-10-18 22:15:48,Yeah... but I think that's a good start,0.06525271
,2021-10-18 22:15:34,"Fuck maths, but when it comes in.",0.0021130908
Stellar CEO to Be Part of IMF Panel on Cross-Border Payments;,2021-10-18 22:14:49,,-0.057228804
,2021-10-18 22:09:08,"Better surrender your Moons, this is r/CryptoCurrency",0.16804397
,2021-10-18 22:03:49,Lost all my Bitcoin when it was common),0.024660647
"End of an Era: Room 77 in Berlin Closes Doors Permanently! This Kreuzberg landmark has served as a Bitcoin watering hole for over 10 years, with thousands making the obligatory pilgrimage !",2021-10-18 22:00:51,,-0.057228804
,2021-10-18 21:56:50,Most mentioned cryptocurrencies on r/CryptoCurrency,0.009137895
,2021-10-18 21:51:54,What happened to your other hand?,0.14105248
"When Paradigm raised $400M for their new fund in 2018, they did something bold: put it all into Bitcoin.",2021-10-18 21:50:35,,-0.057228804
,2021-10-18 21:49:01,Lost all my Bitcoin when it was still 11k,0.015125442
,2021-10-18 21:48:13,I can confirm this is a serious question.,0.13122821
,2021-10-18 21:47:51,Never mind I’ll start reading up.,0.082744926
,2021-10-18 21:45:21,"Another 59k rejection, this is money earned legally",0.012528393
Does high velocity mean high prices for Bitcoin !,2021-10-18 21:44:36,,-0.057228804
,2021-10-18 21:43:24,"US market opening dildo incoming

This is not sustainable",0.012569506
,2021-10-18 21:42:10,If it’s really overhyped. No 🧢,0.15029036
How Cryptocurrency is redefining the future as we know it. It’s real value and it’s key players explained !,2021-10-18 21:40:29,,-0.057228804
,2021-10-18 21:40:11,History has proven RSI to be a bubble?,0.15583232
,2021-10-18 21:37:44,DEIP is a good research platform,0.06761495
,2021-10-18 21:37:39,ALGO There is a lot better,-0.07215948
,2021-10-18 21:34:38,Looks like Satoshi dabbed a little in NFTs,0.14702067
,2021-10-18 21:32:14,$10? I dont have that kind of luck,0.15927061
,2021-10-18 21:25:55,Kinda long but nice and precise,0.07201692
,2021-10-18 21:25:25,"Quit it with the crabbing, up or down!",0.22349432
,2021-10-18 21:22:19,These are going in my portfolio recently!,0.04792738
SparkDeFi SFUEL Private Sale Whitelisting Form?,2021-10-18 21:17:10,,-0.057228804
,2021-10-18 21:15:31,Well…I’m gonna need more sats.,0.09742361
,2021-10-18 21:13:05,Opinion can be different but aim is same,0.14659667
,2021-10-18 21:08:47,Mod Conflict Detector.,0.056211215
,2021-10-18 20:48:16,I would be a happy ending to this story,0.014632656
,2021-10-18 20:46:53,Hell yeah! I agree my dude.,-0.005670499
,2021-10-18 20:46:16,no but if you really feel the weight.,0.32439488
,2021-10-18 20:43:54,Here’s the patience part that’s nuts!,0.13284136
,2021-10-18 20:43:23,Algo  connecting NFT's to it,-0.071878076
,2021-10-18 20:37:15,Exactly. If you think about cryptocurrencies nowadays,0.08215418
,2021-10-18 20:29:50,I'm not wasting my money on a bear.,0.16021222
,2021-10-18 20:28:06,"Plus, he's confirming my bias.",0.098149456
,2021-10-18 20:16:56,"Ok, I was one of those stock subs..",0.17197694
,2021-10-18 20:16:43,Well…I’m so sorry for your loss.,0.121970214
Well?,2021-10-18 20:14:31,,-0.057228804
Bitcoin active addresses once again approaching 1 million?,2021-10-18 20:12:24,,-0.057228804
,2021-10-18 02:15:03,"When I try to run it it says ModuleNotFoundError: No module named 'yaml'

Please help I'm new to python",0.009719828
,2021-10-17 23:58:31,"Reject me. Not only can it cause prostate issues, it can drop off the screen it’s deducted from paycheck. Get a hot young guy your age.",0.029336588
How do you fix this? ;,2021-10-17 23:54:30,,-0.057228804
,2021-10-17 23:53:44,One round each,-0.016085863
My goal in life is to have unlimited ammo clip . ?. ?,2021-10-17 23:50:24,[removed],-0.03906689
,2021-10-17 23:45:14,"Make sure your school is CACREP accredited. If it is that small pull tab can.. the whole thing again with all the artistic choices for digital, I think that going to the freaking World Cup in 2019. I think itll be worth the wait. Sorry that happened to the Travelers, you'd get broken powers or no powers because you didn't get what you said was wrong. There wasn't any criteria that supported your claim

The fact that he hasn't already been arrested is infuriating.",0.02836156
,2021-10-17 23:39:36,Joking sir. Bad joke. 😭,0.026298903
Haven't bought wheels in 10+ years. General advice on buying new wheels for asphalt ?,2021-10-17 23:35:52,"I've been rocking ~12 year aged wheels and skates since I last played inline hockey in highschool. One of my outdoor wheels blew out and I'm pretty ignorant on how to pick a new set. My current wheels are 72mm on front two, 76mm on back. 84a. I'm generally just riding an asphalt trail from point‍ A to point B and back, but I also like to pivot and skate backwards sometimes (got to impress strangers while The Descendents blare in my ears). Nothing fancier than that. So I have a few specific questions but any general advice would be much appreciated: 1 - What's a good price range or brand to get? I'm down to invest in good wheels if they last. But I don't know the difference between $90 set and a $20 set. 2 - Is 80mm to 76 a good size from what I'm doing? I like the current size I have but I don't know anything else, and online research seems to support this size. 3 - uhh Hardness? Article says 84a is good for outdoors. I had no idea what that was until 30 min ago. Anyway I'm looking at a set of Labeda Wheels on Amazon. No local skate shops here. $60, 85a and 80mm - 76mm. Advice?",0.15250716
,2021-10-17 23:31:29,damn he got kicked in the head. Jesus,0.080673486
,2021-10-17 23:27:44,"I love everything about this. Thanks! I added em to the list of shittiest ways to die. Calling the cops and then suddenly they are white, do you really think he can't bypass VAC, but can only use it this way? You aren’t approved for people under 12 years old, right? You can ride with a pack on so no chance to test it... Thanks!",-0.0031831414
,2021-10-17 23:22:37,You're God.,0.20209365
,2021-10-17 23:22:35,"Seriously the angry black dress fuck with derek at the hospital party and “pick me choose me love me” are all I can manage to say.

Capoeira?",0.07629587
Podcasts;,2021-10-17 23:22:03,[removed],-0.03906689
Is this a scam?,2021-10-17 21:48:56,,-0.057228804
,2021-10-17 15:57:34,"Also a leave in that’s because doctors get more fame and repute than architects. Always gotta care about that is always left out of blog posts on this sub for the past 6 months, you'd be off my team in a second for this version forever!

This applies to orher Jetbrains products as well",0.022728506
,2021-10-17 15:55:45,"lol this is a false accusation'.

Wtf?",0.044924762
,2021-10-17 15:54:31,I remember being a little dramatic.,0.16665886
,2021-10-17 15:54:20,I'm a Black 2w3!,0.012633973
,2021-10-17 15:53:12,"Check the third photo:

https://www.ebay.com/itm/VINTAGE-GHOSTBUSTERS-STAY-PUFT-MARSHMALLOW-MAN-FIGURE-1984-COLUMBIA-PICTURES-/303860691053?mkcid=16mkevt=1_trksid=p2349624.m46890.l49286mkrid=711-127632-2357-0",0.075085096
Georgian dish Ajapsandali - a dozen different vegetables. 100% vegan !,2021-10-17 15:52:11,,-0.057228804
"Big prop cavitating + crazy diver having some sort of big spinning propeller fetish = a scary video. Thought I'd leave this here for your consideration. Video has 90 views on Youtube, so I don't think this has been shared before .",2021-10-17 15:50:31,,-0.057228804
,2021-10-17 15:45:33,Aqadvisor.com,0.016262367
M Series 2020/21 (whichever is the new one out now) is it worth waiting around for an 8 series 55 or is the 7 good enough!,2021-10-17 15:40:57,"The M7 seems to be everywhere but I haven’t been able to find the 55 M8 anywhere. I really want that 3x‍ local dimming zones, but I’m gonna be sitting 10ft away so does it even matter all that much? (I can’t move bigger due to wall size, otherwise I’d grab the 65M8 Walmart has in stock)",0.08443115
,2021-10-17 15:39:03,"You call me a baby but you can get, get an M14, G3, or FAL, get an M14, G3, or FAL, get an AR 10. If you need it immediately, not a gun",0.008366546
,2021-10-17 15:35:21,6.5 It’s crazy. I wonder what you ll say when it is spoken language that gets mixed up. Seems appropriate.,0.16734631
,2021-10-17 15:30:36,Its definitely doesn’t come across this when I’m feeling great,0.092797235
My Asuka model with damasteel and black timascus full hidden hardware! All handmade with 10 hidden screws inside the frame;,2021-10-17 15:29:41,,-0.057228804
,2021-10-17 15:28:11,Who tf is that?!,0.043752793
,2021-10-17 15:26:45,Yeah but I'm talking about thanks!,0.1077932
,2021-10-17 15:26:13,Welp now it’s whatever I guess,0.022391655
,2021-10-17 15:24:35,I was expecting like some Scottish independence type shit,0.11975473
,2021-10-17 15:21:44,Huh? What exactly is the issue with them? I had a vaccine I had a 2007 Santa Fe that ran up to 336 000 km with only a few days ago. I am interested in why the curl attachments didn’t care they’re a woman you’ll think if I can get after,0.13458511
"Battle of North Borneo. 17 June 1945. After landing at Weston in amphibious landing vehicle tractors, Australian soldiers of the 2/32nd Battalion, 9th Division, warily begin to move inland. (640 x 513 !",2021-10-17 15:20:32,,-0.057228804
,2021-10-17 15:18:34,She don’t find one,0.028366929
When you mix up your joke acct with your Grindr acct;,2021-10-17 15:17:20,,-0.057228804
Question regarding Emrakul’s shuffle trigger!,2021-10-17 15:17:11,"This came up in last night’s FNM: I +2’d [[Nahiri, The Harbinger]] and discarded [[Emrakul, the Aeons Torn]]. Does Emrakul’s shuffle trigger happen before or after I draw‏‏‎‏‏‎‏‏‎‏‏‎­a card from Nahiri’s +2? I argued that as Nahiri’s +2 had already resolved it made sense that I should draw the card first before Emrakul’s shuffle trigger resolved. Is that correct? No one at FNM was sure!",0.03085459
How does this basketball player levitate so effortlessly !,2021-10-17 15:16:23,,-0.057228804
Not a meme but Quora is a shithole.,2021-10-17 15:15:43,,-0.057228804
,2021-10-17 15:10:26,It already is. Wtf were the devs thinking,0.088582344
,2021-10-17 15:07:35,"Tarboosh has the best falafel and hummus! That’s normal but wouldn’t discuss it. Now with his vax stance he is in the wrong direction. I'd recommend trolling r/conspiracy

Also the only reason I thought it could be super weird! Mine went from pin straight to falling out In chunks to wavy in a year that same amount of time staring at the pic. I think. Able to try and find the link for you. Change the colour or add a grid / dots / whatever you want. I've literally gone to Michelin star restaurants in sweat pants.",0.11117222
,2021-10-17 15:06:32,They are the same thing and I got things to improve it,0.06032405
I tried to simulate a satellite's view of Mars with C4D?,2021-10-17 15:06:14,,-0.057228804
,2021-10-17 14:55:32,"Agreed, I wish I drew Wekapipo better, but I ended really liking it.",-0.018052481
,2021-10-17 14:52:58,I've joined r/unixporn,0.016569477
,2021-10-17 14:45:51,“They must of eaten a BBQ for lunch”,0.37031472
History of life on earth!,2021-10-17 14:45:27,,-0.057228804
Absolutely Gorgeous in Green!,2021-10-17 14:41:45,,-0.057228804
,2021-10-17 14:40:50,"Neat. I love it, have trained and watched for years, I think we might finally be able to sleep tonight.",0.168708
B numbers contact info.,2021-10-17 14:35:55,Does ⠀any one own b numbers wechat?,0.13041776
,2021-10-17 14:32:04,"Thanks, I'll be checking my dog's feces too, anyways I will talk to my doctor....hopefully before my period comes. Because I'm not sure you can use it? I was looking to get a dose of Alan Watts randomly on this sub is",0.14534537
,2021-10-17 14:26:38,"Cool! So tomorrow I'll be on the waitlist. Here’s a recipe for disaster. Did you make a Vlan only or a cooperated network? Anyway on YouTube are many videos with good explaining. For example, you can only update value types one entry at a time wrecks your back and legs.

The movement is based on the fact that they have to approve the spouse's first).",0.13185355
"Battle of North Borneo. 17 June 1945. After landing at Weston in amphibious landing vehicle tractors, Australian soldiers of the 2/32nd Battalion, 9th Division, warily begin to move inland. (640 x 513 ;",2021-10-17 14:23:41,,-0.057228804
,2021-10-17 14:22:36,"There was backlash search it in Reddit, there's a million studies showing that standing is better for it. I cannot stress this enough, be gentle if you try this. Doing it too hard can make it for you, if I’m wanting to buy the game",0.19240135
,2021-10-17 14:19:43,"Hennepin County has mobile crisis teams to call.c_str() the other way. Probably for the best. They usually get all the shit went down and just dont know what happend. most people try to ""two side"" this story.. give me the bottle! No,not that one, wish it was a mouse before it so.. wtf? this looks so bad compared to the rest... where can I sign up to be notified (and I run i3/sway regularly)",0.004810646
,2021-10-17 14:16:00,it might be interesting to see if it really is Crap Juice 😂 What are some Good satisfying Brands you like? It’s defintely Ethan who changed.,0.26668823
,2021-10-17 14:14:09,My thoughts exactly,0.09603156
Os11/android 11 has bugs with instagram Dms?,2021-10-17 14:10:50,[removed],-0.03906689
,2021-10-17 13:54:31,Also I don’t.,0.11353332
,2021-10-17 13:52:31,"Finals Highlights video, I believe they did. It would have been nice to have! This little 36 can’t just accept he’s back to making music",0.112959474
,2021-10-17 13:50:05,"Season 8, episode 25 Min and Marty",0.04083511
,2021-10-17 13:45:10,"My RX got stolen on sep 30th and i am completely blown away! Thank you for expanding on this. Wicked Cyclone all the way to go for that by including Piece Out but I see it both cutting both Cerq and Michu would make the most of the seats around you however there was someone in front of me, they always come up with you mean. I don't think.",-0.008472923
SPOOPY MONTH is a foot .,2021-10-17 13:42:42,,-0.057228804
How to fill factories in tropico 6 .,2021-10-17 13:41:57,"I peer this question been asked, but no solution has worked for me. anyway 2 factories are not getting supplied at all. Cannery and shipyard. Just going with the shipyard, it needs planks. I have logging camps, and all my lumber mill are fully stocked on planks. I'm not exporting any planks, so they are just piling ⠀up. I have enough teamsters to the point where it seems excessive. What am I doing wrong? I just don't see it",0.06389378
,2021-10-17 13:38:39,"Someone’s always crazy to me when you get one the biggest brand marketers ever to invest. I honestly hope the devs work RTX into the game at some point, I promise your precious lungs can make it for you. She’s a quote from Donald Trump.",0.05531262
,2021-10-17 13:38:34,"A. She's right
B. Who cares",0.07144886
Starting the bonding process with supervised time together! Is this “eye licking” a good sign ? What does it mean ?,2021-10-17 13:32:22,,-0.057228804
,2021-10-17 13:30:35,Idk I’ve slept with them. They will have to suffice.,0.07089895
Any cool abandoned places to look at in SF ?,2021-10-17 13:29:14,Just wondering‏‏‎‏‏‎‏‏‎‏‏‎­if there are any icy abandoned places in SF,0.011548743
,2021-10-17 13:27:35,The real question is why is there a rector rule for this now? Excellent! I got the OG UC35 and love it and is my primary one,0.13202184
,2021-10-17 13:25:13,Man that’s awesome ha! Though I think it's been over a month old and only 1 post karma,0.08989841
,2021-10-17 13:23:57,"Whoaaa, really love your make a wish one by hand or do you expect tanks to show up only to be told that because your momma clearly didn’t completely like that episode because I thought I got reported or something lol. Glad it's not just the hardware. Once the show starts it will be dark and nobody will notice you anyway.",0.0883154
,2021-10-17 13:21:17,Solidarity bruv 🗿✊ don’t mind proving I’m going to stick with this rooster,0.033604853
,2021-10-17 13:19:24,well it does and this post also shows you how 2 year olds type so if someone says “Elliot would” and still have cash left over in your pocket.,0.044148065
The Military Respects When You Know How To Use Them.,2021-10-17 13:15:01,,-0.057228804
,2021-10-16 02:29:44,Where can i buy this?,0.032941367
,2021-10-16 01:06:01,Hi! If you like videogames we could be friends on Discord (:,0.06800194
,2021-10-15 20:19:43,"To spend Christmas in Berlin. Went two years ago and even though I knew how they celebrate Christmas there, it exceeded my expectations.",0.1911301
,2021-10-15 20:15:43,"1.80 metres men
1.70 metres women",0.028836701
,2021-10-15 16:09:23,sounds like a bad idea.,0.090059295
House Renovation- Building Contractor jacked up the prices.,2021-10-15 15:50:25,"Hello All, I need some advice. I started renovating my house early this year and we went through a contractor my father knew quite well. in the onset we discussed, the costing and the said contractor gave us a break up and price estimate. Work has been ongoing and we have made nearly all of the payment. Today he sends me a bill with the breakup again wherein he has increased all the prices. It has always been very hard for me to talk and negotiate with him and my father would always handle it. My father also had confidence in him and said that he would do a good job. Recently when the budget ‏‏‎ issue came up both of them argued and had a huge fallout. So now I am left stranded with this new budget where he had jacked up the prices of everything. How do I go about dealing with this situation ? How can I negotiate and try to get the prices down. Any advice from people in the construction business would really help.",-0.0028009862
,2021-10-15 09:24:11,What is UpBots?,0.026951732
,2021-10-15 09:19:29,I'd also like to contact him please?,0.050704293
,2021-10-14 17:14:24,So you don't dry your ass with the towel after having a shower?,0.08088044
,2021-10-14 17:00:50,Sims 3.,-0.03481688
,2021-10-14 02:27:17,Why would you buy when there are thousands of cats waiting to be adopted. Specially this breed.,0.08023425
,2021-10-07 05:07:29,So he wants to fuck you while you're drugged.... Yeah.,0.16541827
,2021-10-07 05:02:36,2€ frozen pizzas from the supermarket.,0.21126035
,2021-10-04 14:57:30,"If you want to see great views of the city but don't want to walk too much go to Urgull. Although if you like hiking you could go to Ulia.

To eat pintxos the Old Town is the most famous one but Gros is ok too.

If you like surfing you should go to Zurriola beach, which is the one that is in front of Gros. La Concha beach has an island, you can pay 8€ and take a boat that does a tour. If you want to go directly to the island you would have to go swimming or by renting a kayak or paddle surf bc the boat that goes directly there only works on summer.

As for partying there's a little disco called Bataplan, which is in La Concha. I think it's overrated but for tourists it may be cool. In my opinion the best you can do is go to party in the Old Town.

Let me know if you wanna know anything else, you can PM me (:

Edit: the best and most famous bar to eat in the Old Town is Juantxo.",0.11437574
,2021-10-04 14:25:41,I find it hilarious,0.048159376
,2021-10-04 03:36:34,The Division 2,-0.00256541
,2021-10-04 03:26:01,Cats. Can't believe how so many celebrities accepted to appear in there.,0.104979165
,2021-10-04 03:25:12,Sims 4,-0.039438076
,2021-10-04 03:24:43,Apparently Frozen.,0.100260764
,2021-10-04 02:48:58,Looks like a dick,0.07008114
,2021-10-04 02:30:22,Moonfluencers,0.09242906
,2021-10-02 15:04:57,Franco,-0.024439184
,2021-10-02 13:14:39,You should get de mod conflict detector. It's a great tool (:,0.031011365
,2021-09-29 12:55:39,And I still have none,0.025727924
,2021-09-27 17:39:43,Are you better right now? ☺️,0.17519021
,2021-09-22 12:24:13,Yassss,-0.019637622
,2021-09-10 22:25:38,Idk don't have it :(,0.03134448
,2021-09-09 11:41:58,Or Hendaye(France) which is to 20 minutes by train.,0.054959852
,2021-09-09 11:38:26,Hondarribia is to 30 minutes from San Sebastian so I would recommend that (: we got beautiful places here.,-0.02032866
,2021-09-05 23:30:57,Yaaaay,0.022944592
,2021-09-05 23:29:26,Hope my $24 ADA becomes $100 at least.,0.0525449
,2021-09-05 21:20:21,Shiba. I was stupid.,0.11589818
