Title,Date,Text,Similarity
"Help, it's almost 2years old and I thought it was healed and I don't know how to help it, should I take it out?",2021-07-20 03:36:19,,-0.057228804
Stupid question,2020-06-24 19:57:00,When buying a curved barbell is the measurement for the bar itself or the distance between the ends like it was straight?,0.10768876
After how much time do pills dissolve in the stomach?,2020-05-31 16:33:50,"I make myself throw up when I'm stressed because it calms me down, I know it's bad for me and I'm working on it, but I take medications that I don't want to throw up. So how long after taking them do I need to wait to throw up?",0.2404587
,2020-05-08 12:48:20,"Okay thank you, I'll go ask him again after they open up",-0.026456695
,2020-05-08 12:46:39,Slovenia,0.058786295
,2020-05-08 12:44:42,"Okay, thanks. Do you have any suggestions where i can find 9mm rings? I have a 10mm one and a 8mm one and one is too big and one is too small. I looked online and asked my piercer but i can't find it anywhere",0.089361824
,2020-04-28 09:49:54,"I have no idea what it is, i found it in the store without a tag, sorry",0.08571008
Does this one count?,2020-04-28 00:00:59,,-0.057228804
Whats up with bagels?,2020-04-27 17:13:31,"We don't have bagels where I live, but how are they different from a roll or two pieces of bread besides the hole? Why is there so much hype about it?",0.2645143
I'm on antidepressants and I'm finally taking care of myself,2020-04-20 13:58:01,I've been on antidepressants for two months now and before I didn't care about my skin and I hated washing my hair. But two weeks ago I got a sudden rush and I've been doing a skincare routine every morning and evening and I started washing and conditioning my hair and taking care of it. And I actually quite like it. I know it's not much for most people but I'm so excited about it,0.19610465
,2020-04-10 22:14:48,Mailbox and mail,0.032714404
,2020-04-04 23:37:58,It does actually taste like salt so i guess i was correct. Although i did feel really weird licking a rock,0.2046742
I think it might be Himalayan salt but im not sure,2020-04-04 23:01:25,,-0.057228804
,2020-03-05 23:20:00,I already asked in my local book stores but no one seems to know what brand it is and where i can buy another one. I tried googling it but i cant find anything,0.0657638
I found a planner from 2017 and i cant find the brand. This is the only identifying thing in the whole planner..,2020-03-05 23:17:53,,-0.057228804
Painful conch piercing,2020-01-29 22:51:31,"I got my conch pierced almost a week ago, and its been really itchy and i can feel my heartbeat near it. Has anyone else experienced this? It has never happen to me with my other piercings.",0.06566432
