Title,Date,Text,Similarity
,2021-11-20 16:44:19,"yoga is vvvv helpful for me, do it slowly and concentrate on the movements",0.19903728
,2021-11-20 16:42:20,oml im so proud of you!!!! keep it up!!!!,0.1393936
,2021-11-02 16:21:35,update!!! did eat dinner last night and had a smoothie this morning #recovery is hard🤪🤪🤪,0.32424116
shout out,2021-11-02 00:58:17,j a little appreciation post bc this is the only place i can say “i havent eaten since october” as a joke and get laughs instead of worry lmao,0.3113182
,2021-11-01 12:59:17,"from my understanding you can keep them until they go bad, then get rid of it however you see fit (trash/compost/whatever feels right and isnt littering)",0.15631557
,2021-10-30 14:54:57,c same i would work out but my legs j got bigger instead of shrinking,0.1524219
,2021-10-30 14:54:35,honestly trying to be perceived as strong instead of fragile has been so good for me mentally,0.21924388
,2021-10-29 22:49:26,yes all the time lmfao...it’s embarrassing the amount ive dreamt about excercise if i fall asleep w out purging,0.12036434
,2021-10-27 20:43:13,OMFG GOOD JOB,0.14223179
,2021-10-26 21:35:37,"im so sorry, this is a very scary place to be in. but know you can do it and imo the first step is (accepting this is a problem) trying to distract yourself after eating",0.33411592
,2021-10-26 14:55:26,yes ofc!!! but im still in school so my responses might be slow lol,0.15519792
,2021-10-25 16:11:56,"ik exactly what that place feels like, im glad i could validate you and please message me if you ever need support/j someone to talk to :)",0.07618013
,2021-10-25 14:54:03,"if youve been purging recently (or generally not feeding your body enough) you shouldn’t excercise, its extra dangerous and puts an excessive amount of strain on your heart...ik its hard and it feels like you “should” but any doctor would tell you otherwise until you have enough energy and extra calories to burn",0.37628388
,2021-10-23 18:03:27,"oml congrats!!! 3 months is huge!!! j because u had 1 behavior doesn’t mean you need to full send back to a complete ed mindset. ik its hard to see yourself change but as you said yourself you were underweight, you deserve all the amazing things recovery will bring you!",0.2453442
,2021-10-23 02:35:32,ay im proud of you for making that decision!!! you might not feel great rn but youll love yourself in a little bit!,0.1600695
,2021-10-23 02:34:35,eats purging in the bathroom while mo bamba plays imo,0.006608814
,2021-10-21 21:29:00,aww that sounds so good in theory :(((( im sorry it didn’t turn out but im proud of you for still eating!!!,0.3520915
,2021-10-21 21:26:23,i had 3 chicken tendys and a bunch of fries yesterday for lunch!!! they felt gross but they tasted sooooo good :) you can message me if you want ive been in recovery for a few months too,0.26685107
