Title,Date,Text,Similarity
a guy walks into a bar,2021-11-22 12:03:46,and he was disqualified from the limbo contest,-0.0011202553
what type of car does an egg drive ?,2021-11-22 12:03:25,a yolk-swagen,-0.05917936
what do you call two robbers?,2021-11-22 12:02:56,a pair of knickers,0.03368817
,2021-11-22 11:59:32,dream? more like a nightmare.,0.12812649
,2021-11-22 02:14:41,"the monarchy: “we have so much power”
adele: “hold that thought”",0.05821082
,2021-11-22 01:49:26,now this. this is peak level humour.,0.07734956
,2021-11-22 01:48:55,those are high-key sick! wear them with pride bro,0.085255176
,2021-11-21 19:04:04,ellybutton :p,0.023939937
why should you never trust an atom?,2021-11-21 16:59:19,ecause they make up everything.,0.043277178
,2021-11-21 15:34:25,"hey, that’s awesome. proud of you. it looks really good !",0.117290616
hanging out with friends makes me so sad :/,2021-11-21 11:05:33,i hate being on call with friends or being in a group of people and then suddenly i realise that i’m not funny or desirable to be around and then my social battery dies and i just sit there feeling so empty and have no drive to contribute to the conversation but then again very one asks why i’m in a bad mood. it makes me feel so awful. every time i come home from hanging out with friends i cry for hours and it makes me nervous to  be around my friends at all :[,0.04751831
,2021-11-20 22:39:47,i used to do fingertips too but had to stop because playing the violin became too hard.,0.091175295
:),2021-11-20 21:02:28,,-0.057228804
what a silly goose,2021-11-20 18:19:14,,-0.057228804
,2021-11-20 16:01:12,taco bell and misery or eternal sleep? the decision that keeps me up at night,0.14020514
,2021-11-20 13:53:09,"yeah, it's getting super toxic in things like that, with eating too. people want to feel like they have it ""worse"" than others because it gives them validation i guess.",0.33149198
,2021-11-20 13:51:34,"\*me overworking myself to the point where i have no time to do it and sleep for 3 hours per day \* : ""wow i haven't done it in four days am i... stable again?""",0.13262965
,2021-11-20 13:49:08,"happy birthday, i got you a cake ! 🎂 (blow out the candles and wish for something cool). i hope you had a nice birthday man. im sorry you're not doing too well.",0.26665053
