Title,Date,Text,Similarity
,2021-11-20 15:06:32,I never get everything up and I usually use hour to couple hours in bathroom and then just stop because I'm too exhausted mentally and physically,0.07007965
,2021-11-15 07:24:37,INFP 🤗,-0.03265287
,2021-11-14 22:25:53,Same here but I had gingerbreads in my nose 🙉🙉 my nose(and other parts of my face 🙃)is so swollen now that my piercing hurts and I don't know laugh or cry for myself 🙈,0.1767644
,2021-11-11 07:52:09,"So sorry for you 😞❤️ but I can relate to this do bad, like I can't eat breakfast because then I'm ""failure"" and ruined whole day and just start b/p whole day. And like first time I eat during the day leads right to the non-stop eating because ""why not I already ruined everything""/ eating makes me feel something/good so why not to continue and eat everything 🤷🏻‍♀️",0.31985122
,2021-11-08 15:49:27,I actually was thinking this today (feeling normal again 👌🏻) and I'm pretty happy it caused me to not purge 🙉,0.1416395
,2021-11-08 15:41:06,This 👏🏻👏🏻 and people use really well those warning/trigger/flag things here so 🤷🏻‍♀️,0.011985196
Well s*it happens 🙃,2021-11-07 20:48:25,Had really REALLY big binge but couldn purge because my stomach got upset and I have been s*tting water last hour and half 🙃🙃,0.23198456
,2021-10-20 15:12:51,*eating non-boiled pasta right now* well I am THAT mentally ill 😂😂🙉🙉,0.38277835
Anxiety causing hallucinations,2021-08-14 07:37:37,"Hi!
My friend told me that when she goes to sleep, she starts to get really anxious and starts to ""see"" something in shadows/shadows moving etc and it scares her really bad.
Sometimes when things are really bad she can't sleep before morning.
She has tried sleeping lights on etc but it doesn't help, only when she sees that its morning she isn't so scared anymore and can sleep.
Her therapist said (she isn't in therapy anymore because time run out) that its because of anxiety but didn't give any help or doesn't wanted to discuss why that is happening.
Does anyone have anything similar or help or tips for this problem?
Thank you already for reading ❤️",0.11355712
Movie night,2021-08-11 08:53:50,"So I have been going guide good, like not B/P every day like whole last month and I have managed to stay away from snacks/sweets etc that cause right away full blown binge.
I just moved to new city, closer to my friends and they want to have movie night tomorrow. And they are overly excited to get some chips and candies and stuff and I'm f*cking terrified, I have been crying since last night because I'm so scared of tomorrow. I tried to suggest that we could make proper food or something instead of snacks but they are going to eat before movie night and they insisted that they want to have ""proper"" movie night and... Well they are so excited and I don't want to ruin their night just because of my problems 😞 and yeah I love chips and candies and stuff but I know that if I buy something I will eat everything right away and feel sick but I can't go purge after it.
In past I have tried to buy smaller amounts candies and chips but I can't control myself in the shop, i have total black and white thinking style like all or nothing and I don't know, Im just panickin so bad 😞😞",0.21339822
,2021-07-25 15:05:39,Exactly the same 🙉🙉 I'm 24 too so even more accurate 🥲,0.09529792
,2021-07-25 13:45:03,"Oh my god I could have written this myself I feel you so bad 😞 I have lost my interest for video games, drawing, reading, pretty much everything I used to do and I just want to eat and eat because it's only thing I have motivation 🙄🙄 luckily I have a dog and I need to go out for a walk but meh",0.19180852
,2021-07-11 11:50:56,"I feel you 😭 I love to bake but I always binge while baking, all the leftover stuff, dough, everything. Just week ago I made blueberry pie and made that butter, sugar, flour crumble over it AND ate the whole thing and needed to make another patch for the pie 🙄🙄 and it's like... Sometimes I'm like ""need to taste to know its good"" but I can't stop and I need to always buy extra amount stuff because I know I can't help myself, I always binge. I used to bake easily on e a week for family/friends and now because of this illness I bake max once a month if even that😞😞",0.378694
,2021-06-10 12:23:03,"We usually talk about my plans and ideas, how those can be only ""daydreaming"" and it's important them to stay as dreaming. And of course we always talk how likely is it I'm going to do it, how my feelings are towards everything and he always emphasize that I can always text or call him if I start to feel like execute my plans. We also talk about why I feel like planning suicide and what reasons I have to not execute my plans but he emphasize the fact that it is ""ok"" daydream about it because it can help me to keep my mind stable, I don't know how to describe it but there's something soothing to plan and daydream about my suicide 😅😅",0.1015827
,2021-05-25 10:05:51,Thank you I'll watch that video asap 😍,0.090124644
,2021-05-24 10:28:43,It looks beautiful 😍 how you did that wood texture on kitchen walls?,0.19967565
,2021-05-24 09:55:34,"Firstly I'm so sorry you are going through this ❤️
But this whole text felt like I would have write this, I feel same way with food, exercising and whole thing and it's seriously killing me 🙄🙄",0.24834897
,2021-05-18 19:17:29,"Yes!! I struggled a lot in school because some subjects were ""mean"" and other ""nice"" and I didn't want to give attention to ""mean"" one 🙈 and in math some calculations (example Divisions) were ""mean"" and it was really difficult to calculate them 😅😅
And nowadays I see some of my mugs and plates mean and other (which are same design) are nice, it's so frustrating 🙈🙈",0.17097904
,2021-05-08 17:19:11,"Not red flag, I don't trust easily and it took ~3 years to me trust my therapist and (I have been working with him now about 5 years) theres still moments when I don't trust him just because my trust issues",0.075737335
,2021-05-04 17:53:09,"I have same problem, I usually start to eat when bored/nothing to do so I'll watch if someones has good ideas 🙈
I used to play videogames but haven't found anything enough ""addicting"" lately 🙄🙄",0.29612994
,2021-04-14 21:37:31,"I always had that feeling that I'm going to live only to 24 years old, but last year I turned 24 and still living and I have been just wondering is it more like ""not over 24"" like I would die before I turn 25 🙉 it has been total hell after turning 24 I don't feel like I'm supposed to be alive and little bit frustrated about whole situation 😂🙈",0.13746253
,2021-04-07 20:16:22,Dodie - Ready Now,0.08027794
,2021-04-05 13:55:26,"I have pretty much the opposite, I have always loved baking but can't anymore because of ED 🥲🙃",0.31703803
,2021-03-11 10:24:49,"Oh + I have always been really emotional, like I cry for every tiny things no matter is it positive, negative etc thing I just cry because of everything but in front of the people it was impossible (expect when I watched/watch movies with my sibling then it feels more ""normal""). Now I have been crying in front of my friend couple times and she is first person after my T who has seen me crying and it's so relieving and I feel seriously so much lighter and better",0.03608884
,2021-03-11 10:18:55,"It took little bit over 4 years me to cry at front of my T. Like after 2-3 years there were moments where I was almost crying but I just shutted down and usually went somewhere far away in my head to escape whole situation. First times when I were crying it was pretty much just teardrops and at the same time I shutted down but I was still crying and little by little I started crying and staying in touch of the subject/surroundings. Of course I took a lot steps backwards when we needed to change to phone therapy cos covid but for the past months I have been able to cry again, it's little bit more awkward to me but at the same time little bit easier because I'm not worrying how I look 🙈🙈",0.03749108
,2021-03-07 18:58:14,"Yes you can ❤️ it will take time, lot of work, tears, lot of up and downs but you will feel whole again and will meet new amazing people and experience a lot of amazing things ❤️ I have had a LOT struggle in my life and still have times when I just want to give up, but also I have build so much and met so incredible people that nowadays I sometimes cry just for that. I know sometimes, especially in situation you have eight now it can seem impossible but trust me, life has so much to offer even though it can be total s*it. And I'm so sorry for what you are experiencing right now but I believe from all of my heart that you are going to feel whole again ❤️ lot of hugs and love for you ❤️",0.004607845
