Title,Date,Text,Similarity
,2021-11-22 05:45:14,prozac is fda approved for bulimia and could really help! it did help me but it’s different for everyone,0.1180027
,2021-11-21 20:41:17,straight up bulimia rn,0.069550365
,2021-11-21 16:23:11,"i think it’s a good idea to talk to her about it. maybe just ask her if she’s been feeling okay, like in a private conversation where neither of y’all are rushing to be anywhere. and just let her know what you’ve noticed and ask how she’s doing in an open-ended way. give her the opportunity to tell you. she might not be ready to talk about it, which is fine, but you can always ask how you can help. you seem so perceptive and considerate! she’s lucky to have you as a roommate.",0.0739443
,2021-11-21 01:40:20,air fryer!! or any cruelty free hair/skin products :) it makes me really happy when ppl buy my gifts from vegan/cruelty free small businesses,0.16395405
,2021-11-19 21:31:16,maybe ask r/weightgain about this? this is a sub for ed-related topics,0.20817953
,2021-11-18 05:16:58,"oh my god how did u KNOW?? peanut butter got to the point a little while ago where every time i ate it i would binge and every time i binged i ate it… eventually finished off my household’s group pb and didn’t tell them bc i was pretty sure they weren’t really eating it and i needed to not have it in the house. then, three weeks later, they noticed and bought one of those massive five pound jars BUT it’s a kind i don’t like!! and thus i was saved. thank u for reading my peanut butter saga.",0.35296616
,2021-11-18 05:09:10,i’m in the neighbor’s yard but i’m starting to roll toward the street,0.15805857
,2021-11-17 23:09:19,🥳🥳,1.2811273e-05
,2021-11-17 17:11:24,"veganism does help w the hunger problem bc animal agriculture takes up so much more land for so much less food and although working conditions are bad almost everywhere, being exploited for your labor in a meat plant also comes with constant trauma from witnessing and participating in animal cruelty.

i totally understand what you mean, and i guess where i get tripped up is when i think about how many other major problems animal agriculture contributes to and how most ppl i know could be vegan and aren’t. veganism helps to address so much inequity that occurs as a result of climate change, labor conditions, and proximity to toxins and pollutants.

i also think the flip side of this is that we as vegans need to remember that being vegan doesn’t excuse us from participating in other activism and taking active steps to combat those other problems you mentioned. and boycotting and donating does help! a lot of veganism is essentially boycotting companies that profit off of animal exploitation.

sorry, this is kind of word vomit, but i do hear where you’re coming from and agree that we gotta remember that animal liberation isn’t the *only* important cause.",0.25028133
,2021-11-17 04:42:39,!remindme 24 hours …just hanging around to see y’all’s answers👀,0.026896156
,2021-11-17 04:41:10,THAT JAWLINE,0.041340843
,2021-11-17 04:33:03,yes!!! that is the best way to heal your body!! keep it up❤️,0.090631485
,2021-11-17 04:32:15,can u drink some soy milk or gatorade or smth? anything that’ll bring up ur blood sugar a bit and not hurt ur stomach,0.33872688
,2021-11-17 04:30:22,"ah i feel this. i keep telling myself when i’m skinny enough i can recover and deserve that comfort and rest, and until then i can’t have it. i just wanna be loved and taken care of bc it’s so fucking hard doing that yourself when your brain is fighting you every step of the way and telling you that you don’t deserve comfort/food/rest/care/love.",0.24081092
,2021-11-16 04:55:33,okay how is that a problem tho 😍,0.04637146
,2021-11-16 04:53:28,okay mint chocolate chunk kinda pops off ngl,0.14472437
,2021-11-16 04:53:09,honestly i don’t like them that much. the flavor is really fake sugar-y. i think no cow bars are way better,0.20772925
,2021-11-16 00:53:21,yeah i feel this. i lost some weight my senior year of high school kinda quickly and straight up didn’t realize. like i was weighing myself multiple times a day and it just didn’t click until my mom commented on it. it’s crazy how much your ed changes ur thoughts and perceptions!,0.29612747
,2021-11-16 00:48:39,no but i do turn the lights off lol,0.09099887
,2021-11-15 18:06:18,it’s my favorite too!! i don’t get why ppl don’t like it,0.052108914
,2021-11-15 04:42:03,"my mom but she was doing what she thought was best for me. also my cousin making me feel shitty about myself, and my siblings indirectly by just being skinny and “deserving” more food from my mom’s perspective",0.29125082
,2021-11-15 04:34:06,yes! your brain knows what you need! and honoring your mental hunger is one more fuck you to your disorder.,0.33004287
,2021-11-15 04:24:42,"no i’ve thought about this too! asking for reassurance and just any reassurance seeking behavior is a symptom of ocd that ur supposed to combat by not giving that reassurance. it’s only temporary and usually ppl w ocd (in my personal and secondhand experience) aren’t really going to believe the reassurance. or at least it’ll only provide relief for a moment. so yeah i totally agree that giving that reassurance can be harmful. if it’s someone asking because they’re considering treatment, that’s a different story in my opinion. but i feel like some of these “is my ed real/bad enough” questions should maybe be answered with “why is that important to you? suffering is suffering and it doesn’t matter who has it worse than you, you deserve care and help and love” eating disorders especially tend to fixate on “am i sick enough? is this real? is this valid?” and it’s such a bullshit question because if your life is worse because of your disordered eating, you are sick enough! this mindset keeps ppl trapped for longer thinking they have to be “sick enough” to get help. ahh this is also word vomit but ya know…

anyway tl;dr: everyone is sick enough to get help and i worry that reassuring ppl with compulsive reassurance-seeking behaviors will only give them relief short term and exacerbate the problem in the long run.",0.1151009
,2021-11-14 21:42:17,"csa, perfectionism, undiagnosed adhd, mom’s comments",0.14620319
,2021-11-14 03:33:08,"routine and regular eating patterns are super important for me! i also try to never eat alone and i try to be around ppl or in public (at the library, coffee shop, etc) for an hour after meals bc it helps me distract myself and prevent purging.",0.35013357
,2021-11-13 18:21:37,"i’m sorry you felt alienated. i see the post you’re referring to, and i hope once you get an understanding of the very real suffering animals go through for meat/dairy/eggs you’ll understand why vegans responded to the plant sentience question the way they did. i’m glad this isn’t going to impede your going vegan though! it’s the compassionate thing to do!",0.18332036
,2021-11-13 04:34:17,oh shit u came prepared,0.10914518
,2021-11-13 04:28:46,that would really hurt my feelings too :/,0.0808248
,2021-11-13 02:17:20,HAHAHAHAHA I’M GONNA START DOING THIS,0.111662254
,2021-11-13 02:11:42,have u thought about a support group? there are a few free virtual ones,0.077923924
,2021-11-13 02:08:12,i used to always listen to You Can’t Always Get What You Want by The Rolling Stones bc a) it’s an amazing song and b) it’s seven minutes long so i can make sure i’m not in the bathroom for a suspicious amount of time and i think seven minutes is the most i can get away with,0.0916622
everyone drop ur purge playlists,2021-11-12 23:16:56,,-0.057228804
,2021-11-12 15:53:41,"my favorite is soy! but oats, almonds, cashews, peas, coconuts, and rice are also good options :)",0.22646618
,2021-11-12 01:22:07,"God: i’ll just like,, KEEP giving them new viruses from animal agriculture… they’ll get the message right?",0.07279056
smh guys ur not a fucking cow,2021-11-11 22:31:00,,-0.057228804
,2021-11-11 22:10:27,csa for me when i was 5-6,0.031333834
,2021-11-11 21:00:55,chorizo-style seitan really hits the spot. not sure if it goes w ur theme but it’s delicious,0.21422812
,2021-11-11 19:48:16,always glancing to the side while walking past building w reflective surfaces like windows and shit… i feel like the only way to not get noticed is to just not do it oop,0.026454069
,2021-11-11 04:22:19,"i went vegan in stages but not intentionally. i just went vegetarian when i was little and slowly cut out animal products and then learned more and decided to just make the leap and cut the animal products i still ate (eggs, greek yogurt, and milk powder in things) out of my diet and started learning more about non-diet animal cruelty",0.3136482
,2021-11-10 21:05:49,it’s totally fine in normal doses for ppl on 150-300 as long as ur not also super dehydrated,0.16775456
,2021-11-10 21:04:46,trying to subtly glance at their reflection in windows and whatnot while walking around,0.067264736
,2021-11-10 04:54:09,curl up in bed and try to distract myself w a show or smth. and crying. lots of crying.,0.042028002
,2021-11-09 06:30:50,pls pls read sick enough!! esp the parts about this bc bone density can read normal for ppl when it’s not interpreted correctly and can lead clinicians to miss early bone loss!,0.10270567
,2021-11-09 06:26:31,ah i just saw smth on youtube about this but i forget… i’ll try to find it and lyk,-0.010452432
,2021-11-09 06:15:37,ut field roast will always have my heart,0.15569213
,2021-11-09 06:15:24,i am fully at least five of these,0.06222766
,2021-11-09 00:31:17,"i got prescribed a low dose for suicidal ideation. if u think it would be a good fit for you, definitely ask your doctor about it",0.2745723
,2021-11-08 22:39:04,🥺i love this,0.06903994
,2021-11-08 00:47:27,"lamotrigine, low dose lithium (both mood stabilizers)",0.16328765
,2021-11-08 00:38:55,plus the sleep schedule fuckups and depression and darkness…,0.17033866
"my one pm breakfast… JUST egg scramble with lightlife hot dogs, mushrooms, and trader joe’s vegan parmesan",2021-11-07 20:28:50,,-0.057228804
,2021-11-07 20:26:23,"read Sick Enough, it explains this really well",0.090093836
,2021-11-07 20:24:20,"SAME and i also hate the trope of everyone noticing early on and being concerned!! and then prompt and generally successful recovery!! bitch i was bulimic for years as a teenager without anyone noticing!! and it never went away!! i’ve just never seen an ed storyline that feels true or relatable to me and it’s frustrating. and i think if i did see one that was relatable, i would feel exposed and embarrassed sooo look idk

i do wanna say the one exception to this is Binge but there’s only one a pilot episode and that’s sad",0.04494351
,2021-11-07 20:19:15,this is my absolute favorite,0.03477787
,2021-11-07 19:28:12,"dude yeah other recovery communities on that app are solid, but the ed comments are straight up awful. i just don’t go there anymore",0.070976414
,2021-11-06 20:42:40,r/QueerVegans,0.029936632
,2021-11-06 20:42:16,r/QueerVegans :),0.024970982
,2021-11-06 17:33:45,"chips and dip, vegan candies, fries?? (that seems kinda weird but idk), bagels? (but ppl will expect cream cheese), popcorn",0.33897895
,2021-11-06 17:27:48,yalllll join the queer vegan subreddit! it’s p new and dead but if more ppl joined i think it could be really fun :),0.06251669
,2021-11-06 17:25:50,"loneliness is a huge part of my binge eating too, ur not alone❤️",0.4039041
,2021-11-06 17:24:36,eyond brats are the bomb,0.057572868
,2021-11-06 17:22:00,good peanut butter cups that aren’t dry (ahem justin’s)… preferably milk chocolate,0.20181707
,2021-11-06 17:21:30,MILK CHOCOLATE THAT DOESNT COST 7 DOLLARS,0.03861643
,2021-11-06 09:48:45,oof idk but that comment would def fuck me up,0.10588335
okay i’m ready to be done now,2021-11-06 09:43:08,,-0.057228804
just gotta make it to february…😵‍💫,2021-11-06 09:42:24,,-0.057228804
this is a cry for help😄✌🏼,2021-11-06 09:41:40,,-0.057228804
,2021-11-06 04:16:30,i’m on 150 and i only get it checked occasionally (every few months maybe?)  when my bulimia has been really bad and my blood levels and/or hydration are potentially fucked up. it’s such a baby dose u usually don’t have to get it checked very often,0.26250955
,2021-11-05 22:39:39,i hope so. i think for chronic cases u have to find a way to find genuine happiness while keeping your ed at a manageable level. i don’t think u can be generally whole and content while having one tho.,0.14336197
,2021-11-05 22:34:33,"is timing of protein important? like do u actually need to space out ur protein throughout the day? i know it would help with satiety and energy, but i’ve heard that u can only digest so much protein at once, so to build muscle u have to eat protein periodically.",0.40020558
,2021-11-05 19:16:39,yeah it’s a joke dw,0.083945565
,2021-11-05 14:58:47,if u don’t grow all ur own food ur not a real vegan sorry not sorry,0.29415995
,2021-11-05 14:58:01,"i feel this SO much and i’ve been putting off treatment bc of it. and bc im ashamed at my bingeing. but if your life is disrupted, you need help. if your ed makes you unhappy, you need help. if you don’t feel like yourself anymore and you can’t live your values, you need help. i can’t recommend the book Sick Enough enough. amazing read and super motivating for recovery. u deserve it so so much❤️",0.20760371
,2021-11-05 14:53:47,"mmm carb balance tortillas, sugar free pudding mix, diet ginger ale. classics.",0.33552516
,2021-11-05 05:20:14,HAHA MEEEE,0.11522657
,2021-11-05 05:18:47,dude this started happening to me enough that i just had to stop getting high. and then i started restricting and just using weed to be able to fall asleep while hungry,0.27245763
,2021-11-04 23:16:05,omg also sugar free vanilla pudding mix w pumpkin purée and spices🤩,0.23330885
,2021-11-04 23:13:31,"i love a good pumpkin smoothie. they’re super easy to make v low-cal and u can add protein powder if ur into that. i add puffed rice or kamut to bulk it up for very few calories. it is cold tho, which can be rough lol",0.29347157
,2021-11-04 23:04:44,don’t like half of sexually actively ppl develop some form of hpv over their lives? idk if that’s accurate but i know it’s super common and nothing to be ashamed about :) early treatment is key!,0.15021387
,2021-11-04 22:57:52,i don’t know u but i’m sending a hug❤️❤️,0.008593254
not that specific but v wordy so i’m posting it here lol,2021-11-04 22:56:48,,-0.057228804
,2021-11-04 21:01:29,sometimes i think that and then i think about the grotesque amount of time i spend obsessing and doing ed things and how truly shit it makes me feel about myself and i think …hmm maybe they’re onto something,0.1682158
,2021-11-04 20:56:50,FIELD ROAST MINI CORN DOGS WILL CHANGE YOUR LIFE,0.21636474
when u finally let urself reach out for help and are put on a months-long waiting list,2021-11-04 20:52:41,,-0.057228804
,2021-11-04 01:02:49,"it’s really more common among ppl who have purged for 5+ years, but even then the correlation is somewhat weak",0.10605807
,2021-11-03 21:29:56,i hey so stressed and cry at the drop of a hat when i start restricting suddenly,0.15653417
,2021-11-03 16:28:22,pls pls pls read Sick Enough! it’s on audible too :),0.11369541
,2021-11-03 16:25:12,"same! partly pms stress, partly pms breakouts :/",0.039875574
,2021-11-03 03:53:09,"pls get help now. the deeper you get in, the stronger the addiction grows. recognizing it as a problematic behavior is a great start!",0.11948567
,2021-11-01 22:15:04,i highly recommend the book Sick Enough bc it explains SO much and is just unbelievably helpful for understanding medical ed complications.,0.06249311
,2021-11-01 21:51:38,wow that is a horrible way of putting it thank u,0.065588444
just a purely hypothetical joke hahahahaHAHAHAHA,2021-11-01 21:51:10,,-0.057228804
i just wanna eat one meal in moderation and keep it down😭😭😭😭😭😩😩😩,2021-11-01 19:31:59,,-0.057228804
me rn,2021-11-01 18:56:54,,-0.057228804
,2021-10-30 23:33:09,heard of using blended soaked cashews but idk any details,0.06393278
ummmmm,2021-10-30 20:29:43,,-0.057228804
,2021-10-30 20:28:34,YUH especially weirdly the sides of my tongue…???,0.21706843
,2021-10-29 21:06:38,"yep, they referred to it as “grains”, which encompasses oatmeal, bread, rice, pasta, etc.",0.2941605
hanging on to recovery motivation for dear life,2021-10-29 10:07:13,"i struggle constantly with recovery motivation and follow-through and can’t seem to commit to recovery, or never for very long. but lately, i’ve been trying to just take it day by day and hold onto whatever motivates me to nourish my body. literally anything. if i have a big test, i tell myself i have to feed myself properly to study and take the test. just for one day. the next day, i’ll use my love of my sport to motivate me to treat my body nicely to get stronger and make it through practices.

i’m reading a fantastic book about all the medical complications that arise from eating disorders and that’s also really helpful.

idk what the point of this post is, but i just found myself starving at 3am and let myself have a snack and a mug of hot chocolate and it’s so scary but shit it feels good to go back to bed with a full tummy instead of tossing and turning the rest of the night.

idk how far this will get me but i’m trying not to look ahead too much. anyway i hope y’all are having a good week and treating your bodies kindly❤️❤️ y’all deserve it!! thank u for helping me get to this point as well, coming from a place of zero recovery motivation and zero hope. seeing all u amazing ppl say fuck u to ur eating disorders is inspiring🥲 it’s cheesy i know but i’m feeling cheesy tonight.",0.27799776
,2021-10-29 09:57:54,"in terms of the type of meal plan and how to follow, my ed dieticians have given me portion and food type/exchange-based guidelines. ex: 2 portions grains, 3 proteins, 1 fat, one fruit for a snack or smth (completely made up lol). also, weight gain is not a bad thing in recovery! and it might not be permanent either, especially in recovery from a disorder featuring binge eating. idk if you’ll gain, maintain, or lose, but trusting your dietician and your body to help you heal is so so important. your therapist can hopefully help you mitigate this fear and get more comfortable in your body regardless of its size. i can’t recommend the book Sick Enough enough. it details the medical complications of eating disorders and has been super motivating for recovery for me bc it’s written by a super knowledgeable doctor and everything is evidence-based and shows how much damage eating disorders do to your body, even if you “feel fine”. make sure you discuss your fears w your dietician and therapist and have the conversations you need to have to build that trust. good luck!! sending so much love❤️❤️",0.43222538
,2021-10-28 01:01:23,same with blood pressure lol,0.051513672
,2021-10-27 16:32:14,i mean they’ll make u shit if that’s what ur asking,0.13317478
,2021-10-27 16:31:57,nOpe,0.010460876
,2021-10-27 16:30:19,SAME,0.032885518
,2021-10-27 05:13:53,me too… me too.,0.064607345
,2021-10-27 05:11:47,dude i’ve done this and every time i’ve gotten so incredibly nauseous i couldn’t even think about food… can’t tell if that’s a win or not,0.42801577
,2021-10-27 05:02:48,THATS AMAZING IM SO PROUD OF U,0.06568328
,2021-10-27 00:44:24,"i’m reading Sick Enough rn (well, listening to it on audible) and it’s great! highly recommend!",0.15822253
,2021-10-26 19:50:46,"i feel this. weed is usually a good distraction for me, esp when i’m lonely and bored. but i’m not smoking for a couple months per my psychiatrist, and my bingeing and purging has gotten 300x worse :/ idk what to do. i literally can’t be trusted to be alone",0.1973891
,2021-10-26 19:42:21,"giving inaccurate nutrition advice, not supporting someone’s ethical beliefs and how those intersect with their health, blaming health conditions conditions on veganism instead of testing for other causes",0.28594813
,2021-10-26 06:06:35,"maybe get a massage, take yourself out on a date, get something you’ve been wanting for a while?",0.10025413
,2021-10-26 05:56:31,"carb balance tortillas, lots of soups, soy milk, veggiesveggiesveggies, tofu, refried beans, sugar free jello mix, frozen fruit, JUST egg, chickpeas/tahini/kalamatas (so i can make my own hummus)",0.33676994
,2021-10-26 01:11:11,oh god i remember that… fuck that,0.12834989
,2021-10-26 00:29:06,i definitely think it’s worth bringing up to your professor because a lot of nurses are learning this way and it’ll definitely have negative outcomes for their vegan patients,0.098010525
,2021-10-25 13:16:50,rough :/ sending a hug,-0.050549485
