Title,Date,Text,Similarity
,2021-11-21 15:27:35,"I’ve been diagnosed with ADD last june. Years before that (like 6 years) i had been diagnosed with depression, anxiety, ocd etc and I was prescribed SRRIS and antipaychotics. Guess what, they never helped me at all. After 6 years of treatments and medications the doctors decided to reevaluate my diagnosis and I got my ADD diagnosis. Ever since I’ve been taking ritalin. My life has improved massivaly and I have been out of hospital ever since (which is a milestone for me). So definetly get a second opninion, it will improve your qualit of life masively!!",0.15448108
Med school,2021-11-19 18:47:22,My dream since I was a little girl is being a doctor but studying always seemed impossible. I was a really smart child but since i got older my ADD sypmtoms have worsened and I was diagnosed at seventeen (i’m now 18) i’ve been on medication ever since and it has helped my schoolwork massively! My other symptoms have gottwn better and i’m in a better headspace ever since. I think I’ll be applying for med school next year. So are there any doctors or medstudents in this subreddit who can share their experience?,0.16507563
,2021-11-19 18:09:59,I’m very anti psychiatric drugs and quit almost every drug i was on but i still take ritalin for my ADD. It has really improved my quality of life. So i would say give it a try,0.1890614
,2021-11-17 18:22:59,Drinking anything fluid. Which makes life pretty hard,0.16244273
,2021-11-13 23:30:18,"You are not alone. I’ve been in and out of mental hodpitals since i was 15. One time they locked me in seclusion for 3 days straight with no distractions nor any living contact. Also the amount of time i have been in some kind of restraints is ridiculous, i may have been in a crisis (i was in some disstress but wasn’t hurting myself or others)  but it should be illegal to put a seventeen year old for 24 hours in restraints without letting them pee. I could go on. So no, you are not alone. I see you",0.17779852
