Title,Date,Text,Similarity
,2021-11-18 04:13:43,cute hehe,-0.053320076
,2021-11-17 08:04:10,If it’s an emergency call the cops,-0.0072216317
,2021-11-16 05:01:55,Just make sure to always clean ur blades and wounds,0.05190241
,2021-11-16 04:51:21,Well I applied pressure and cleaned the wound multiple times as to avoid infection. I wore long lose sleeves to hide it but also to let the wound heal on it’s own. Now it’s completely healed no infection.,0.08616887
,2021-11-16 01:15:35,ER,-0.038484
,2021-11-16 00:00:19,I am,0.092554346
,2021-11-15 23:00:37,Look at my other posts,0.107473575
,2021-11-15 23:00:26,It’s not a troll. I promise u,0.06627865
,2021-11-15 22:34:40,20,0.026696613
Ooppsie,2021-11-15 22:29:06,"Guyz I took 10,000 mg of Tylenol. So I may very well die or have liver damage. :3 I hate thi world",0.12664755
,2021-11-15 02:42:21,"Please go , it sounds serious",0.049626634
,2021-11-14 23:56:26,no my name starts with a g tho,-0.027570562
,2021-11-12 17:33:27,D:,0.028137807
,2021-11-12 16:50:17,Fax,-0.1011031
,2021-11-12 01:28:24,thanks!,0.07666152
styro + burns,2021-11-12 00:00:51,,-0.057228804
,2021-11-11 19:49:05,"That sounds like so much pain.. I’m so sorry you’re going through this.. I strongly encourage you to hang in there for your kid, but I personally don’t have kids so I can’t really tell you what to do here. I hope you can get through this",0.07199513
