Title,Date,Text,Similarity
,2021-10-03 13:04:52,"Theyre Jewish. Chances are if you don't know them, you know someone who knows them",0.17764114
,2021-10-03 12:58:28,"Jewish: A torturous punishment realm called hell doesn't exist, there's no point. So this person wouldnt go there.
There is a concept of Gehenom, a purgatory like place that cleanses the soul for at most a year. This isn't hell but the closest thing we have. Many say that most people will have to go there anyways because no one is perfect.

Life is not about the after life in Judaism.",0.0049626604
,2021-09-27 17:18:58,"I thought displacement could be a single number. Like the length of the chord connecting two points.
I don't claim to know this for certain.
Similar to the magnitude of a vector",0.0906053
,2021-09-27 17:02:39,"So if you're only given the final and initial position, you can't know if it's negative or positive displacement?",0.1430251
,2021-09-27 16:36:32,"Sorry, what do you mean?",0.16282445
Can displacement on a circular path be negative?,2021-09-27 16:29:09,"I was told that to find displacement on a circular path, you find the length of the line connecting the final and initial points. On a circular path how do you differentiate negative vs positive displacement if at all.",0.14245309
,2021-09-27 15:52:38,"Not OP but I'd be glad to answer.
So Orthodox Jews kind of believe in heaven and hell. So to start, there are numerous explanations of what exactly heaven and hell is in Judaism (Of course Jews can never agree). Generally though, heaven is a realm completely separate from everything physical, that means no pleasure and the like. And Orthodox Jews don't believe in hell. Instead, ""evil"" souls either are destroyed, or goes to Gehenom, a sort of pergatory that ""cleanses"" the soul before it goes to heaven.

It entirely depends on the Christian and what you mean by salvation.

In Judaism there's a concept of a Noahide. These people in a sense believe in Judaism, but don't need to be Jews. They have 7 laws in the Torah, pretty basic ones like, don't kill, don't steal, and are generally expected to be good people. Many people, according to Jews, just don't need to be Jews and can live perfect lives not being Jewish.",0.05931253
,2021-09-27 15:40:26,"If if makes you feel any better, a common explanation (Including the Rambam's) is that particularly evil people have their souls completely obliterated with no share in the world to come (or a long stay Gehenom for that matter)",0.036820292
,2021-09-26 17:48:27,You mispelled russia 🙊,0.08271261
,2021-09-05 20:19:50,"For me it completely depends on what it is I'm learning. A physical skill? No better way to learn it than to do it. Math and science? Read for the basics and then actually get hands on practice to touch it up. History? I need photos and images for that and won't learn well reading it.

I usually draw visuals when learning things but I don't put enough work into so that I'm focusing more on the art than the thing it is I'm learning. And I'm not sure if it benefits me learning-wise, I just know I enjoy it.

Btw, Im not so convinced on the idea that everyone has a learning style, I think it depends on what you're learning and a mixture is better than a single tool.",0.101259984
,2021-09-05 20:09:18,cum,-0.020092865
,2021-09-03 22:23:37,I just watched it too because a previous post here mentioned it and people were speaking so highly of it,0.10117715
,2021-09-03 15:01:36,"Interestingly though the Talmud permits abortion up until the point the child is born (Ohalot 7:6).

And in Arakhin 7a, the Gemara says its almost obvious the fetus is a part of the woman's body and isn't afforded all of the rights of personhood.

And for example, Rabbi Yaakov Emden permitted abortion even in non-life threatening cases.

(and there's not really a consensus on how this applies to non jews)",0.07348111
,2021-09-03 14:45:54,"I've been trying to find the daf for this. Which one and is ""psychological"" explicit?",0.23297596
,2021-09-02 14:29:16,Turns out you pee on their bread instead.,0.28689685
Why do you believe in a god or gods (Survey),2021-08-25 03:55:16,"[https://forms.gle/U4W4UJXmcnkR8pPp8](https://forms.gle/U4W4UJXmcnkR8pPp8)

Hey all, I've wanted for a while to gather a list of many different people's answers to the question, ""Why do you believe in a god or gods?"" This question can be answered, however, you'd like. Your answer does not have to be perfect or ""correct"" or even the most compelling to you.

Thank you",0.17092699
[Casual] Why do you believe in god? (Everyone who believes in a god or gods),2021-08-24 16:17:59,"For a while now, I've wanted to ask many different people the question of why they believe in a god or gods.  I'm curious about different people's views and am in no way criticizing your anonymous answers. You can answer that question in whatever way you want, whatever fits best for you.

[https://forms.gle/SEvuBZcch4Qz9Wtn7](https://forms.gle/SEvuBZcch4Qz9Wtn7)

Thank you",0.12990995
,2021-08-24 04:09:59,(｡)(｡),0.009272184
,2021-08-16 21:58:39,"There are some mods u might be able to use. Seedcracker by kaptainwutax or SeedcrackerX by MisterX could work. There may be others

These are client sided mods so they work on servers",0.040571716
,2021-08-13 04:09:01,No cock like horse cock in my ass.,0.06011148
,2021-07-22 07:21:25,Bamboo forest,-0.007200286
,2021-07-16 16:31:31,If you scroll back to one of my earlier posts you'll see it,0.14307271
,2021-07-16 16:29:49,"Yup I've done this before, hilariously beautiful",0.12654777
,2021-07-16 01:12:30,Is this the same Beluga that returned the girls IPhone?,0.087848455
,2021-07-15 04:28:03,I think I'm a side character of my own story,0.073962115
,2021-07-09 03:37:13,Thank you,0.16058905
,2021-07-09 03:36:48,"What's the reason ti 84 plus CEs only display those points, surely there are other negative values that work?",0.14031246
Why are these two points being displayed incorrectly? And why are no others being displayed?,2021-07-09 03:26:35,,-0.057228804
,2021-07-07 20:09:08,"Thats not really true. There are two As in the original 4-string. You can choose AA as a substring, each A is a different letter so you're not reusing the same letters, but they're the same in that if you flip AA around you still have the same string.",0.025256926
,2021-07-07 19:47:45,"I dont think thats it. Say A was the first letter, you still have 3 choices to pick from, A,B,C. Say B was your first letter, then you have 2 choices to pick from A,C. Arent you dropping the possibility of AA by doing that?",0.11329789
,2021-07-07 19:41:14,"And then if you can't select with replacement, what do you do? That was the intent of my original question, I just wasn't clear.",0.07934479
,2021-07-07 18:24:38,How do you deal with the fact that practically A1A2 and A2A1 or BA2 and BA1 are the same?,0.07562657
,2021-07-07 18:03:01,What about BC?,0.110311754
"Given a group of n non-distinct objects, how do you calculate the number of arrangements using less than n objects?",2021-07-07 05:41:50,"For example, You are given AABC. How many different two-letter words can you form using these letters? What is the general formula or method to solve this?
EDIT: Selecting without replacement",0.07499489
One day 🙏,2021-07-05 07:25:30,,-0.057228804
,2021-07-04 05:10:52,No,0.010109326
,2021-07-04 05:10:07,no,-0.010155855
,2021-07-04 05:09:24,"Probably not. The dupe works because they changed up the anvil code in the recent update and accidentally screwed up. Also, it's going to be patched in the next update",0.009130722
,2021-06-23 16:30:25,Is that the limited edition shark boy and lava tale???,0.15216407
"When you compress a gas and its temperature increases, does the energy to increase it come from the act of compressing the gas, or does the energy actually stay the same?",2021-06-04 16:12:19,[removed],-0.03906689
,2021-05-31 03:25:44,"The exact numbers could be different on different worlds and in some worlds only 50% chunks work. I suggest watching Mathew Bolan's video explain it in depth.

Edit: Saw Op's comment after writing this",0.060125962
,2021-05-16 23:15:05,"https://page.mi.fu-berlin.de/moritz/mo/198722/unfoldings

Here's a list of all 261 possible nets of a tesseract.",0.04771124
,2021-05-16 22:35:36,That looks to me like a square pyramid. I'm talking about the 4d cubic pyramid,0.113591574
Is this what a net of a cubic pyramid could look like?,2021-05-16 22:14:41,"[https://imgur.com/a/e7cn2SZ](https://imgur.com/a/e7cn2SZ)

I wanted to 3d print a model of a cubic pyramid (4-polytope) net but couldn't find any online. I imagine this is what one might look like but I'm not sure. I just based it on a net of a square pyramid and went from there.

Thanks",0.024563735
Is this was a net of a cubic pyramid could look like?,2021-05-16 19:04:59,"​

https://preview.redd.it/kftw3nvukiz61.jpg?width=480=pjpg=webp=8177294b0330578513b656b5d0586debb7607edf",0.088246465
,2021-05-04 04:49:25,Since when did valorant add bots? Do you happen to know?,0.11801234
,2021-05-04 04:21:42,"Oh my bad, for sure. Its look unreal.",0.11255547
,2021-05-04 04:11:49,Dont know what to tell you man. I'm not faking what I saw.,0.14292562
,2021-05-04 03:58:23,looks like it,0.06088521
"My friend here got 71 kills in a competitive game, looks like most are bots but still.",2021-05-04 03:47:27,[removed],-0.03906689
[Academic] Short Human Traits Assessment (Everyone),2021-05-04 02:23:56,"[https://docs.google.com/forms/d/e/1FAIpQLScnhPQD4OxIZlR-FEB9dp2U\_smWwlZzzoEtg7dFewIftsrDrQ/viewform?usp=sf\_link](https://docs.google.com/forms/d/e/1FAIpQLScnhPQD4OxIZlR-FEB9dp2U_smWwlZzzoEtg7dFewIftsrDrQ/viewform?usp=sf_link)

I'm looking to gather some anonymous data about people and use k means clustering to see how people fall into different groups.

The survey is short.

You have to select a given option as an answer instead of writing an answer of your own because it's easier for me to analyze the data quickly this way. If your answer is not an option, keep in mind that you are allowed to skip the question.

Thank You.",0.030007657
,2021-04-28 07:41:00,Definitely legend of zelda: Skyward Sword,0.0081477165
,2021-04-18 02:48:55,He's got that Groose hair,0.027559366
,2021-04-05 14:01:41,5/10 I thought some real people were fakes....,0.08411071
,2021-02-08 18:14:36,"Before we finished shoveling the snow the first time around, the skies treated us with more",0.10901539
,2021-02-08 02:24:56,Looks like Ganon's malice got to that building,0.12973039
,2021-02-03 15:47:58,"In addition to Automod, you can use Wii U USB Helper",0.08453244
[Casual] Should Downloading ROMs be illegal (Everyone),2021-02-03 04:39:27,"A question on u/NufiDrizz 's survey piqued my interest, so I made a survey hoping it may reach more people because it's shorter. Plus I wanted to know some people's reasons.

[https://forms.gle/53CWHReJGFpNnxtL6](https://forms.gle/53CWHReJGFpNnxtL6)

Thanks",0.14273937
,2021-01-27 18:22:22,Surprised he didn't sacrifice it as a replacement for sacrificing his son.,0.07613978
,2021-01-18 16:15:43,I'm a guy and people always think I'm gay,0.07280566
Does Pulling/Pushing an Object Change its Density?,2020-12-28 03:27:46,[removed],-0.03906689
"Regarding the equation E=mc^2, why does light have anything to do with the conversion of matter to energy?",2020-12-16 00:20:35,[removed],-0.03906689
,2020-12-16 00:11:31,Thank you for doing this.,0.11697179
Garfield is Love Garfield is Life,2020-11-29 10:19:55,,-0.057228804
,2020-11-28 23:40:35,Whole Grain Bread!,0.25342956
,2020-11-16 21:15:01,Why the hell did i make this?,0.078914106
,2020-11-15 23:16:22,Knack III,0.04727834
Yes.,2020-09-30 17:22:30,[sqrt(676)](https://youtu.be/M7yK8uvvzBo),0.0534251
,2020-09-21 12:58:26,Is this Seeds of Wisdom? A compilation of short encounters with the Lubavitch Rebbe.,0.09842368
,2020-09-16 22:50:28,">How do you actually know this?

Are you claiming immortality?

>Yikes

You're telling me that the fact that humans aren't immortal is a bad thing? There's countless amounts of literature refuting that.

I can answer your small arguments that say, ""how could God have done this, isn't this evil!?"" individually, But generally speaking, if you read it plainly I guess maybe one might accidentally see it as evil for all people's standards, but its not really. Like the rapist one, I've always read it as, ""the rapist has an obligation to marry his victim and the victim has no obligation, especially if their father doesn't let them"", that's just an example of a possible reading.

Also, look at the time period. As per those people, it was entirely considered moral to do what the Israelites did and then when you take in the ""God is omnibenevolent"" it only makes sense that the Israelites felt that had to. But you cannot claim that you know the reason for the wars. If was not explicitly said to be to ethnically cleanse those people, then who are you to say, ""well it makes sense if that's the case and I like it"".
It appears to me your argument is based on the assumption that they did it for ethnic cleansing, end of story. From the perspective of a believer of the texts authenticity, why would your view on what happened necessarily be true. It just seems like an assumption and then this argument that, ""God says to do evil things"" is a claim based on an assumption, mine is too, dont get me wrong, but then I dont see how your claim is more correct that mine.

If you were to say that the historians say this is the case I'd respond that I dont think it has a place in this  conversation since my argument is based on the assumption of the authenticity of the texts which is doubted by historians.

Could we just end this here. I dont wish to continue this. Just to be clear I didn't give up because of your points, its just that I see that we are (neither of our faults) going into circles and I didn't want to debate anyways. Maybe this is not a thing two lads can properly solve by sending lengthy replies to each other on reddit.

May I stumble upon you once again.",0.12169956
,2020-09-16 18:30:23,"I'm not claiming anyone was killed because they were evil and deserving of death penalty, simply that people can be killed and its not necessarily bad. And its assumed that if we did know why, we would agree with his behavior, that's the belief.
Thus from this you can only agree with his behavior.

Yes, it's strongly relied on the fact that god is omnibenevolent but I think its more relied on the fact that we don't know everything.

God is all powerful and god is all good and evil exists  therfore God is either not all powerful or not all good. This is just not necessarily true (I say this because it sounds like you were going towards this in your last paragraph)

And even though he gave up on the argument of yours that not every killed person could have been evil, i find that odd because I think he was claiming something else entirely. He was saying there are reasons people die, Jesus died for one reason, everyone will die for one reason, soldiers die for one reason, sick babies die for one reason, etc. And since you dont necessarily always know the reason, you cant say it's evil.
Everyone on earth will be killed by god in one way or another and this mass genocide of humanity isn't bad so why should we be so quick to say its bad when we look at these wars?
You are relying on the fact that we do in fact know why the wars were waged and why they were commanded this,  which is simply not true.

""Should you believe something that has a lot of ambiguity?"" is a different argument btw. I dont want to delve into should you believe in god.

Does god see killing non believers as a good thing? As per most people of these beliefs, I doubt it. I think they they don't believe god would do this because simply killing someone only because they are non believers causes more harm than good (which doesn't necessarily apply to this caGod.

Hopefully this makes sense.",0.11973193
,2020-09-16 03:00:10,">I'll be honest, that is absolutely terrifying...
I mightve made a mistake in explaining myself. I believe in the most general sense that killing babies is bad. There are many others who agree with that.

So it appears youre arguing multiple things. One is that killing many people is always wrong and two that god would've fixed the situation himself and since he didn't the war must've been tribal warfare.
Correct me if I'm wrong about the above because my answer will be based on this.

I don't see an issue with  saying that in very few situations you're allowed to kill people, even babies especially if you were told this by god who's established to be good and all knowing or whatever, assuming one exists. (Sometimes we too are allowed to kill people btw according to the law)

Whats different from hitler is that hitler usually isn't regarded as being omniscient but the god in Samuel is. And that's an important distinction to make. God being omniscient means he knows every possible outcome of every action and thus is trustworthy when it comes to is x good or is x bad. We on the other hand are not all knowing and don't have that kind of say sometimes. Sure, murder sounds terrible, murder of an innocent sounds even worse, but the belief is that innocent people can die when the outcome is significantly better than if they didn't.
Take Jesus for example,  the innocent lamb who was killed. This was a bad thing that was actually good because it benefits people better than if he hadn't, as per the belief. I imagine the same or atleast a similar principle can be applied to the book of Samuel.

So I don't think there's reason to assume god didn't deal with the issue. The way he deals with the issue is by commanding the people. Anyways, to go from god didn't do it himself to therefore its tribal warfare is not an argument I'm exactly understanding.

And regarding whether he was really answering thelegitductape, I think we'll have to agree to disagree on that one. When I was reading it I saw how it applied to real life and the story and I don't wish to explain each of his points because it'll be annoying trying to study his intentions.

To be clear, this isn't divine command theory. I'm not explaining the argument that states that its good because god willed it. The argument is that it is good whether or not you know why and god commanded this good thing. It's a bit different but I still get your point.",0.16151556
,2020-09-16 01:21:25,">Are you actually sure about that?

I'm not the one claiming it, im just trying to explain the other dudes opinion which is based on this long lasting tradition on the view of God whether true or false.


>Because in the context of the story, it was just tribal warfare, which is historically accurate.

So the thing is that people who follow these books don't always believe these wars are only tribal warfare. They commonly say that these were wars commanded by god in order to do something eternally good (whatever that means), not just petty fighting of two tribes being like, ""I don't like your god"".
It comes back to the first premise. The assumption is that we can't  be certain regarding the entire situation and thus we can't make claims such as that the babies were killed solely because they followed a different religion (To be clear, I'm not saying this is true, I'm saying this is one of their justifications for their belief) rather there's other possibilities which is what thatoneguy was trying to say.

>To kill a baby just because it was being raised in a religion that didn't worship a god it didn't even know to exist?

I personally agree with this and I'm sure many followers of these texts believes this statement too. But there is a question whether this statement actually applies back to the text in the book of Samuel.

>but thatoneguy never really actually answered his questions

It looked to me that he did indeed answer the question. He was saying that in the context of killing a baby, morality is more complex than ""it is a fundamentally evil thing"". His hypothetical was his effort to show this, that even though something is normally bad, sometimes it can be the best thing to do.
I felt that the other dude was just glossing over this,  and trying to get him to say, ""I think killing babies is okay"" which in only a specific case he agrees with, but usually he doesn't. This seemed more like a tactic to make him look dumb instead of trying to actually discuss things.


I do have to mention the fact that the idea that god is always good and if he does something bad, it must actually be good in disguise is indeed a huge leap of faith. Wouldn't it be easier to just say that therefore god isn't good? But religious people will tend to say, ""when I say god is good, I dont mean we perceive every action of his as good, rather I mean that IF you were to see what he sees, you'd agree that its good (no one sees what God sees). You can call it mental gymnastics, but I'll just call it one of the views of god, and just because its justification isn't simple, I wouldn't disregard it.

Once again, apologies for writing more than I had planned, I can be repetitive.",0.12084454
,2020-09-15 23:33:24,"I don't really want to start a debate because I don't necessarily agree with either of the two lads. Just wanted to say that.

So from my outside perspective, it appeared thatoneguy was making an argument based on two premises. 1 we don't know everything and 2 God is omnibenevolent therefore if God were to command to kill babies it would somehow actually not be a bad  thing and to say that it is in fact bad would break the first premise. Now the reason this is strange and disturbing is as I think  thatoneguy said that its such a rare event that in almost all cases it is a disgusting act, but there are times when disgusting acts are the best thing we can do and that ""best thing"" is called a good thing.

The other dude (atleast how it looked to me) just kept repeating that killing babies is bad therefore if you command to kill babies you are bad too which in my opinion is too simple of a representation of what makes things good and bad.

I'm not advocating for the fact that killing babies is good or even sometimes good, I'm just saying (here's the part that really explains my comment) that thatoneguy seemed to be actually trying to answer the questions instead of constantly asking the same question and trying to find truth.

I hope this answers you well enough.
I wrote a lot more than expected, lol.",0.07927686
,2020-09-14 04:31:45,"I just read your conversation with legitductape, and bro I feel bad for you, that guy has gone so far into his own belief that he can't for one second even read what you say.
Just wanted to let you know that I understand.",0.11280547
Why do some people see the McCullough Effect without the induction process?,2020-08-12 19:14:09,[removed],-0.03906689
,2020-07-23 20:12:31,"Lol, this joke apparently went right over a few peoples heads.",0.13807768
,2020-07-17 14:28:32,"Reminds me of those loftwings in The Legend of Zeda, Skyward Sword",0.068555035
,2020-07-06 03:08:11,"In the Second Book of Enoch, Exaltation of Melchizedek, Chapter 1 it mentions how Melchizedek was the child of the virgin birth of Sopanim (I'm nearly certain however that of the jews, only Beta Israel consider the books of enoch canonical)",0.034808263
What's The Deal With The Virgin Motif?,2020-07-06 00:36:05,"It appears to me that in many religions and cultures there's this idea (some more wide spread than others) that a great figure was born from a virgin mother - Jesus, Zoroaster, Romulus, Remus, Alexander the Great, Quetzalcoatl, Melchizedek, Kabir, etc.

So I was wondering why this idea of not only a miraculous birth (to which there are even more figures) but specifically of a virgin birth keeps popping up in so many religions around the world?",0.07356359
,2020-06-30 17:37:36,"Yes, at the end of the article it says which Jordan Peterson",0.07272385
,2020-05-31 06:38:22,"In case you were wondering, I've got quite a few more pictures like this. Ones of ""regular"" pictures Garfield-ified",0.13312556
Garfield's Supper (My submission to an art celebration],2020-05-31 06:36:34,,-0.057228804
,2020-05-14 03:05:04,laiddbrayden,0.039418623
,2020-05-10 04:46:22,When you throw that equation into Wolfram Alpha does it matter whether it uses radians or degrees as input? I thought it does and that Wolfram Alpha always uses degrees as input so I'm wondering how it worked.,0.19853118
,2020-05-08 23:38:20,"My teacher didn't really assign it to us, but it appeared when we were learning. All I'm able to find is that m= 2160/(pi•x) where x is the radius.",0.0031123087
Can someone help me solve this problem I was given in class today?,2020-05-08 23:34:23,,-0.057228804
,2020-05-07 05:46:30,Two sacrifices.,0.023597647
,2020-04-26 16:07:46,I believe Tom Scott did a video on this idea,0.11713508
,2020-04-21 15:28:33,"Yom Hashoah began on the night of April 20th, Hitler's birthday. OP knows what's up.",0.161587
,2020-04-20 14:41:55,He fucking killed her dude.,0.003887888
,2020-04-20 06:43:25,What's the difference between when the word human is used and when the word person is used?,0.1572755
,2020-04-13 21:28:20,Haha that was funny (it's satire. Just wanted to let those who didn't know like myself before I watched the video),0.13655937
,2020-04-13 21:08:56,Gravity,0.0585821
,2020-04-13 21:08:15,"Just for clarification, nonhuman animals.",0.08475911
"What animals are able to understand that they'll one day, in a few years, die?",2020-04-13 21:07:16,,-0.057228804
,2020-04-06 02:40:07,Watch out for the venom ankles,0.06721328
,2020-04-06 02:35:42,Pesky Bird...,0.0022183806
,2020-04-06 01:50:49,"Im not entirely sure but I think its primarily Peat moss, Fern moss and one thing that I thought was just a dead branch but it has become green so I'm waiting to see what will happen.",0.05047465
,2020-04-06 00:10:06,Thanks!!,0.08072543
,2020-04-05 23:00:32,Yes it is.,0.07422652
His face is his money-maker,2020-04-05 22:59:29,,-0.057228804
Just found that Yiddish is supported(ish). Wonderful way to practice my family's tongue.,2020-04-05 22:52:53,,-0.057228804
First ever terrarium. Just experimenting to see what works.,2020-04-05 22:47:51,,-0.057228804
"Not much, but I got first place (out of 1). Not to brag, but I'm a big deal.",2020-04-05 22:41:12,,-0.057228804
,2020-04-05 22:18:15,This must be why we have potholes all over ny.,0.088120095
,2020-04-05 22:14:52,Reminds me of the days I would do my assignments as the teacher is collecting them. Exhilarating.,0.02637656
,2020-04-05 22:13:22,They're beautiful in an odd way.,0.08776717
,2020-04-05 22:10:16,My two modes: Green and Blue.,0.08860078
,2020-04-05 22:08:38,My family doesnt envelop the inside of our house with shiny tin foil. We just scram in the last few days cleaning the house from any chametz eaten recently.,0.23123968
,2020-04-05 22:03:12,Amazingly made. I'm in love with it.,0.041378632
,2020-03-24 02:48:55,I'm getting some strong mitochondria vibes,0.069228634
,2020-03-20 21:01:48,Who are you so wise in the ways of science?,0.22704776
,2020-03-20 18:56:40,Nice meme but why is it specified Sadducees? I think I'm missing something.,0.12407515
Who wore it better? A Freilichen Purim!,2020-03-10 22:37:05,,-0.057228804
,2020-03-06 02:16:14,"As an Orthodox Jew, my religion affects nearly every aspect of my life. I make sure I act in proper ways in public, eat specific food and keep a whole load of other laws (such as how to use the bathroom).

I've never ran into discrimination because of my religion but I have due to my religiousness.

Women are indeed many times discriminated against but they play a role just as important as the men. A jew with a purpose to help others.

Very much so. There's the belief that God will always be there and that justice takes place, but also I feel that I'm in a wonderful, accepting community which also gives me confidence.

Less religious. It's rather hard because I don't want to hurt them but I won't, for example, eat with them all of the time.

My religion hasn't really impacted my view of women",0.22224092
,2020-02-27 00:27:51,"I was born on the 28th of Adar I, so I'm technically a leapling.",0.027125832
Does a person's brain still develop during a coma in which they aren't learning any new things but still have minimal activity?,2020-02-26 03:10:12,,-0.057228804
I guess Pewdiepie hasn't used Reddit in a long time,2020-02-21 22:15:57,,-0.057228804
,2020-02-21 21:12:48,"Look up the Sermon on the Mount. It mentions that Jesus taught to adhere to every single one of the laws.

I believe that in Mark it says that Jesus abolished the kosher laws but this was just an inference and not a quote from Jesus himself.

And in Acts, Peter was only informed of this idea by a heavenly voice (whether this is true doesn't matter because it shows that Jesus didn't neccesarily teach that)",0.09432194
,2020-02-21 20:49:30,"In reality Jesus wasn't such a lenient guy. He told his followers to follow every one of the laws, but they should keep loving god and your fellows above the rest.",0.07637991
,2020-02-13 23:28:07,"My point is that your ancestors accepting any kind of rule whether it be of a king or of a rabbi doesn't obligate us, their descendants, in that same law.",0.11483812
,2020-02-13 22:29:20,Thank you for your efforts (and success?).,0.18000591
,2020-02-13 18:27:40,"Two things:

1) If the rabbis interpret things based on books not in the Tanakh, or that it was just a practice done before their time, why are obligated in following it if it wasnt based in Tanakh?

2)If the Mitzvot Derabanan are based in the Torah, as you quoted, then we shouldn't be more lenient with them because they are thus Mitzvot Deoraitah. So, you are forced to assume that they are not from the Torah.",0.1656364
,2020-02-13 18:20:33,"Well couldn't one say, that the entire Jewish people accepted the rule of the Persian government at one point and even today there are still some who live there are accept their rule. Thus one could say we all have to accept the rule of the persians.

Also, does tradition obligate you to do something?",0.10426168
,2020-02-13 16:26:40,Is the mitzvah of Neirot Chanukah and interpretation of Halakha and the Torah?,0.1661831
,2020-02-13 16:25:43,"I mix of both I guess. I keep the mitzvot Derabanan but I'm having a debate with someone why we are obligated in them, and I'm just lost.",0.05809358
,2020-02-13 16:24:26,For example Neirot Chanukah or Netilat Yedayim,0.0773148
,2020-02-13 14:52:52,Could you explain?,0.12078543
,2020-02-13 14:52:41,"Yeah, I agree that theres a reliable source for that, but the 7 Mitzvot Derabanan are definitely not fences around the Torah.",0.037771836
Obligation in Mitzvot Derabanan,2020-02-13 13:33:18,"Recently I've been confused as to why we have any obligation to heed to the Mitzvot of the Rabbis.

The common proof is from Lo Tasur (Dev. 17:11) but The Ramban argues this and says that it only applies to when the rabbi is judging a case, as that is the context of the passuk.

So, what then would obligate us in keeping the mitzvot Derabanan?

And to take it a step further, who gave permission to the rabbis to say that Hashem made a commandment (Ex: Netilat Yedaim) when He in reality never did? We say Hashem commanded us in that mitzvah (even though He didnt) when we say the Bracha, and that seems to go against Bal Tosif.",0.11858377
,2020-02-05 15:02:58,"Bar (בר) means son, so it refers to a boy and Bas/Bat (בת) means daughter, and it then refers to a gorl.",-0.0009681452
,2020-01-28 12:31:32,Alice in wonderland is absolutely amazing.,0.030757736
,2020-01-03 21:27:41,I wish the Chabad Tanach had more Meforshim,0.09781358
Sefaria vs. Mercava,2020-01-03 20:53:31,"What do you guys like more to find translated Jewish texts? I used to only use Sefaria but just recently a friend of mine introduced me to Mercava and it seems to be extremely great too.

Which of the two do you guys find to be the best and why? Also, are there any others that you like to use as well?",0.1140068
Blessing on Exceptionally Beautiful People,2020-01-03 03:30:47,,-0.057228804
,2019-12-26 15:31:24,"It is an orange, though.",0.045237333
I wouldn't mind getting banned ;),2019-12-25 23:10:31,,-0.057228804
,2019-12-22 17:11:48,"It would be cool if posts on Shabbos, relative to your time, don't actually post and are just held in limbo until Motzei Shabbos.
(This is not a serious suggestion)",0.15040243
,2019-12-22 17:06:20,Winter Rebbe*,0.099711716
,2019-12-19 02:15:31,And after new years we'll have the first of Nissan and first of Elul as well!,0.0632984
[Academic] Death and our relationship to it (Everyone),2019-12-13 20:56:10,"Many times death and its concepts and shunned and not talked about. So please take this survey in order to aid in the science and philosophy of death.

All responses are anonymous.

**Survey:** [**https://forms.gle/dauzJVuTHZu2vHRM9**](https://forms.gle/dauzJVuTHZu2vHRM9)

Thanks.",0.117624685
,2019-12-06 03:24:51,"You're not supposed to do it this way but it was an opinion of Beit Shammai (~1st Century)
 We do 1-8",0.1011393
,2019-11-28 01:30:31,"I have to say, Ethan Smells was my favorite",0.095343515
,2019-11-27 00:29:56,"Rashi said, Hashem did that in order to glorify Himself and that it wasn't just about giving the Jews freedom but it was also about making His name great and He needed a reason to do it (even though it wasn't a great one)",0.063460775
,2019-11-13 18:28:23,"I just found out that the sites that say his birthday is 24th of Oct. Refer to the Julian (O.S.), not to our present day Gregorian calendar.",0.12697206
Rabbi Sholom Dovber Schneerson's (Rashab) birthday,2019-11-13 17:16:24,"I've been searching online and found that some, more secular sources say that the Rebbe Rashab was born Oct. 24 1860 which is the 8th of חשבן but other sources say that he was born on the 20th of  חשבן.

Can someone help me out with machloket?",0.14530627
,2019-11-12 01:12:40,I think they changed the rule because it discouraged teens from going on these kind of trips to Israel.,0.13561964
,2019-11-12 01:01:18,I thought that only trips to Israel only after you turn 18 affect Birthright eligibility.,0.10690245
Israel Teen Tour,2019-11-11 22:14:37,"Is there a good organization that takes teenagers  on a fun trip to Israel?
I searched online a little and found BBYO and NFTY but I don't really know whether or not these are legit/good/fun.
Any help would be much appreciated.",0.1368129
,2019-11-11 14:15:54,You are the second person that I've ever seen with the same name as me.,0.08490404
,2019-11-03 23:12:03,I love its kippah,0.10815357
,2019-10-28 11:50:35,"Yeah, its unlikely that apples grew in the middle east back then.",0.12912777
,2019-10-28 03:29:08,"I'm having the same problem as aladd04. We want to know specifically who has to look at who to determine, let's say whether or not he drew a 4.",0.039928243
Is it normal to be a good public speaker but terrible at speaking privately?,2019-10-24 13:19:43,"My friend is a great public speaker and he seems to never get too nervous and has a great pace.
However, I noticed that when it comes to speaking with people normally, in regular conversation, he has tons of trouble speaking properly. He stutters a lot, doesnt look at you, and can't find how to say his thoughts.

I asked him about this and he said, ""When I'm speaking publicly, I feel like I'm just speaking to myself, practicing, and the audience is just listening along. But in regular conversation, I'm speaking directly to that person and then I get more nervous"".

I was wondering if this was a common thing?",0.059582297
Confusion About The Stilwell Brain Works.,2019-10-21 00:53:34,"In Mind Field S3 Ep3 Stilwell Brain, Michael made an artificial brain. I was pretty confused about how the V4 section of the brains worked.

If someone can explain to me in depth with examples what exactly each ""nueron"" is looking for that would be greatly appreciated.
Like how does ""number 6 nueron"" know when to raise their flag or not, what are they detecting?
Thanks",0.10741126
,2019-10-18 14:17:34,The guy has got a great looking suit,-0.015797481
,2019-10-16 12:40:50,Can't live without 'em,-0.008093925
,2019-10-03 02:24:55,"Thanks, I hate it.",0.13037498
What would you say are the benefits of self-hatred?,2019-09-27 04:09:00,,-0.057228804
,2019-09-22 12:10:57,"You are a jew. Also it doesn't matter whether or not your dad or your dad mom is jeewish.
The Rule is, if your mom is Jewish then you are 100% a jew.",0.17939575
,2019-09-17 01:56:29,Litterally me every other day.,0.0253025
,2019-09-08 19:18:32,"He explained to me that he has to put the charoset on the maror, which is on the matzah, but make sure the  charoset doesn't drip onto and contact the matzah.",0.100802705
,2019-09-08 03:43:21,"Yeah, I agree. I'm very confused how my rabbi goes his whole Pesach without Butter, Chocolate Spread or even Charoset on matzah.",0.15560824
,2019-09-08 02:53:15,"Some chassidim wouldn't eat it because it may be considered ""Gebrokts"" which is Matzah that touched a liquid.",0.22206199
,2019-09-08 02:50:50,"Lol, I literally do that.",0.031670447
,2019-09-04 01:11:50,"I heard that by ""delicate"" he meant that not bathing gives him physical distress and a mourner shouldnt experience any additional distress.",0.066695526
,2019-08-29 20:52:46,"What about the first verses of Devarim, I heard that they were written at a later period too.",0.07794814
,2019-08-29 20:50:52,"Ketuvim litterally means ""Writings"". It refers to the important Jewish texts that aren't the 5 books of Moses or considered as holy and prophetic as the books in Neviim. They are holy and extremely important but they weren't written with prophecy like the other books.

Ketuvim consists of books such as Tehillim/Psalms (a collection of jewish poetic hymns) and Proverbs ( a book full of proverbs) and a few more.",0.06281143
,2019-08-29 20:42:23,"There were many Neviim, you can look up their specific names.

They were leaders of the Jewish people who were given prophetic visions that were to be used to help lead and better the nation. There are tons of fascinating stories regarding each prophet specifically. Not all, but many of the prophets' stories took place after the death of Moses and it is their stories that were placed in the Neviim section of Tanakh.

(BTW there have been about 48 prophets and 7 prophetesses recorded which appear in Tanakh)",0.07624555
,2019-08-29 15:59:12,Try Scratch. It's super simple. You don't need to know coding at all to make cool games.,0.053879827
,2019-08-26 23:04:43,She: Reveals a second mouth on the back of her head*,0.1354066
I animated a short little clip of a bee for minecraft.,2019-08-26 02:08:11,,-0.057228804
I made this video for the new Minecraft bees.,2019-08-26 01:05:04,,-0.057228804
,2019-08-23 22:46:24,"But honey would be a non-stackable food source which isn't exactly useful, atleast compared to other food sources that we have already.",0.24018589
,2019-08-23 21:36:09,"I wish there was a class on ""How not to be an awkward piece of shit"".",0.07148931
,2019-08-23 21:34:50,"It would be much cooler if I was alive right before the ""blast test"".",0.07200956
,2019-08-23 21:04:35,They will literally appear anywhere just to sell you some crappy items.,0.0028621275
,2019-08-23 20:51:49,Are there going to be any actual good uses for Bees in Minecraft whether it be survival or creative mode?,0.15551898
,2019-08-23 15:03:48,This brings me back to Navi Class in Grade School.,-0.04241541
,2019-08-22 15:14:48,"I'd be more happy with a ""Survive, Chuckle, Show affection"" sign",0.099446505
,2019-08-22 00:09:15,"You are most probably correct about that. I just heard from one person that she regretted it, they must have made a mistake. I fixed mine.",0.1436807
,2019-08-21 23:31:32,"Can't be that weird.
Harry Truman attempted to buy Greenland in the 1940s and others in more recent years have showed interest. Its strategically advantageous, and the leader of Denmark made a disrespectful response. Its not as absurd as it would seem.",0.14857122
,2019-08-20 04:56:30,Dont show this to Pewdiepie. He doesn't need to torture his victims any more.,0.074736334
,2019-08-20 04:48:21,"But my point is that by separating jew, this 1 big family, into different sects we ate creating tension between them ruining our beloved unity that we could have like the jews in the desert of sinai.",0.1210372
,2019-08-20 04:45:38,"I was just quoting a well known paraphrase attributeed to the rebbe (because he said it too)  but I actually made a mistake. He said, ""Labels are for SHIRTS, not jews""
By separating the jews into different sects, aren't we ruining our unity, and this post explains how.",0.09447011
,2019-08-20 00:26:36,Labels are for clothing. Not jews.,0.054985635
,2019-08-12 03:43:53,"Coming from a religous community, I never realised there were this many jews who don't know about Tisha B'av.",0.100277096
[Java] Everybody! Come Join Our Hermitcraft Inspired Server!,2019-08-08 03:30:08,"PhantomMC is a vanilla server inspired by the *Hermitcraft* server on YouTube, with some alterations.

**How to Join:**

* players must be 16+
* **Send a friend request to MrMcAlister#1473 and tell him that LoopyLight got you to join.** We'll respond ASAP!

**Server Info:**

*We'd like to build a community of players who help one another and build together, so far we don't have many farms and we are looking for people to help us build more!

**The Plugins:**

* SilkSpawners
* Crawling
* Dynmap
* EssentialsX
* CoreProtect
* LuckPerms
* Treecapitator",0.007919436
,2019-08-06 21:12:27,The original jewish tradition was to give tzedaka money to children,0.10886636
,2019-08-05 22:45:41,My discord is LoopyLight#3648,0.102099895
,2019-08-05 17:58:55,"Space for another?

Just looking for some pals to play with.",0.017746257
,2019-08-05 17:28:14,"Would an ""execute if entity @p..."" work?",0.049275044
,2019-08-05 05:24:24,Can I be a part of it too?,0.1214028
,2019-08-05 05:17:13,"No, I'm sorry dude.",0.004861567
,2019-08-05 03:35:53,"Ya, I'd love to.",0.07638449
,2019-08-05 00:59:30,"Yes, but also no.
If you need specifically blast protection more than others because you are an unlucky lad (like me), you can swap out normal protection for blast protection on a different armor piece and become extra protected.",0.032784417
,2019-08-05 00:51:19,"No. I'm sure that minecraft doesn't have a seperate hitbox for your feet, legs, chest, and head. It's all rendered as one hit box so it doesn't matter which armor piece has protection.",0.10248209
,2019-08-05 00:42:40,"It protects you from all types of damage except void damage.

The formula for how much damage is absorbed with the protection enchantment is (4*Level)%

The formula for fire protection  is (15*level)%.

So while the protection enchant is for all damage types, it's not as strong as the other, specific, protection enchants.",0.019102788
,2019-08-05 00:36:08,Nice》,0.09445872
,2019-08-05 00:31:48,"Ya, extremely easily! You can use pistons facing each other with 1 block of air and 1 block of redstone in between (this is an example design)
When you push the button, it will act like a lever.

There are hundreds of ways to make a button act like a lever just search on google ""T - flip flop minecraft""",0.0038570575
,2019-08-02 03:42:23,Let's make this happen!,0.033990145
,2019-07-31 01:55:39,Are they sleeping in the beds?,0.18881118
,2019-07-31 00:10:18,"Possible, but it would be way cooler if he was planning it all the way since back then.",0.062463284
,2019-07-30 10:52:40,Build your house on the border of the biome so that this biome can be a sort of quarry behind your home.,0.08381667
,2019-07-30 08:55:10,"The links should have brought you to the correct time, but since they don't I added the correct minute and seconds right after the link.",0.08597972
,2019-07-30 08:49:30,"My link should take you to the correct part of the video.
If not, the time is at the end of the link t=1m40s",0.1485333
Grains Time Traveling Appearances,2019-07-30 00:51:10,,-0.057228804
,2019-07-30 00:32:38,"Nvm, found it",-0.01577796
,2019-07-30 00:15:09,Yeah! That's ages ago.,0.10416186
,2019-07-30 00:13:44,Do you know the episode?,0.14225629
Future Grian Appearing in Past epsiodes,2019-07-29 21:19:10,"Iskall EP - 43
https://youtu.be/nThvGgJlpGc/?t=20m20s
 20m 20s

Iskall EP - 119
https://youtu.be/t-4F_fuEIMg/?t=2m09s
 2m 09s

Stress EP - 55
https://youtu.be/I0Kyi-WUwuk/?t=1m40s
1m 40s

If you know of anymore appearances let us know!!!

(I added the specific times for those of you who the link doesnt work for. Its confusing why it doesnt work but whatever)",0.10004819
,2019-07-29 18:44:14,Iskall's episode 43?,0.07266058
,2019-07-29 18:43:43,Go watch Iskall's episode 43. The mad man played an even longer long game.,0.01476733
,2019-07-29 18:34:37,Wow... I'm just impressed at this mad man.,0.05352112
,2019-07-28 04:19:19,"Well what separates my belief from the ""Mormon Belief"" is that that I believe 1) God is not corporeal as others commenters have said in this thread and also that 2) God has no defined place, He is not ""elsewhere"" as one person said or even in ""outer-space"" as another said. He is everywhere yet doesn't need space to be. 3) Lastly, There has only been one of He. He's indivisible and everlasting. There isnt an idea of man attaining the status of God in my belief.

Those differences, to me atleast, are huge.",0.019153444
,2019-07-27 01:06:56,"An interesting note the add:
The Dogon tribe in Mali, West Africa have a cool relationship with the star Sirius.
 They're ancient teachings say that there were a group of beings, which they called the Nommo, who lived on a planet called, ""Nyan Tolo"" which orbits the star, Sirus C (hasn't been found). The Nommo people were said to have taught the Dogon people about the star, Sirius B (does exist) which isn't visible to the naked eye nor photographed until 1970. They also taught many other true facts such as heliocentrism before it was even proven.

The correlation between the Mormon teachings and the Dogon teaching are surprising, we already to me.",0.06042591
,2019-07-27 00:33:47,"Some say the star/planet is the star Regulus, due to the fact that Kolob might've originated from the word Qalb - Lion (Arabic), which refers to the star Qalb-alasad in Arabic and Regulus in English.

Others propose that it could refer to the star Sirius due to the fact that Kolob might've originated from the word Kalb - Dog(Hebrew - Older pronounciation) which refers to Sirius the dog star.

There probably are other explanations but this are the two I've known of.",0.08985402
,2019-07-26 17:39:51,"Well to begin, I don't believe God and His angels are living nor dead, that's a rule that only applies to his physical creations like us. I also believe that He doesn't take space nor does He have a location.

Regarding angels however I belief there are different planes/dimensions intertwined with each other and the angels can be in whatever location they were told to be whether it be on Earth or in outerspace, but since they don't live and die they aren't life and thus aren't aliens. To me at least, so, where do you say They are?",0.042056717
,2019-07-26 17:24:06,"So your belief is that God and His angels live elsewhere, but not elsewhere as in outer space, right? So where do you say He is.",0.11614477
,2019-07-26 16:42:37,"Well, there's an idea in Mormonism around the fact that there are aliens on planets (and stars too) all around us, some of whom have come to deliver messages sent by God(s) who resides there too.",0.0750491
,2019-07-22 15:00:53,"I haven't got a switch yet, just like you, and I chose to wait for the switch lite to come out.",0.07103558
,2019-07-14 16:04:53,"Jewish Russian*

First you're a Jew then you're Russian.",0.060904272
,2019-07-07 05:59:42,"I'm sitting here thinking, ""That's fucking messed up, who would do such a thing"" completely forgetting that my parents had a dude cut part of my dick off (circumcision).",0.05239892
,2019-07-04 22:41:19,Oh shoot I didn't realize it was a two day Rosh Chodesh. Thanks.,0.07816796
,2019-07-04 22:40:01,"Ah it took me a long time to figure it out. For those who didn't get it: People say that Israel is really Palestine but in reality, Palestine is not real, that's why he's invisible.",0.056316175
,2019-07-04 02:36:05,Do most people use the ה in the year or is it more common to leave it out?,0.1602009
,2019-06-30 22:50:58,No,0.010109326
,2019-06-25 01:33:44,"Ganandorf shaves his beard.
Zelda cuts her hair.

Coincidence?¿?",0.14545828
,2019-06-19 20:33:35,"Ah, you're make a really good point. A company should be forced to suffer in their beliefs (non-religous) so that others don't have to be forced to actually suffer due to unchangeable factors.

It's better this way, we then get more qualified people in the workforce and we'll be helping the country whether some bigot likes it or not.

However, I have found there to be one slight problem. I've heard from people I know that they had to hire a woman over an even more qualified man because they fear that they'll be in trouble for not having ""enough women* and they'll look bigoted.
The truth is, that's not an excuse to make it legal, but it's just an example of how we are all hurt, just who is more.",0.055497874
,2019-06-19 19:50:58,Well the employers aren't killing women are they? They are just hurting their own business.,0.14914787
,2019-06-19 19:00:50,"True, it can't be guaranteed, but there's a good chance that if you're qualified you'll find somewhere or heck, start something that will be more successful than those who chose not to hire you.

It is surely biased, but should they get into loads of trouble for it? The women feel more comfortable without the qualified man. Maybe their business will fail maybe it wont. So their shouldn't be government intervention.",0.094697624
,2019-06-19 18:43:32,"There will always be a business willing to hire a qualified woman.

Let's say there was a business that only has woman, should they be forced to hire a guy even if that could make the workplace uncomfortable to some people?",-0.0008612927
What draws the line between a Psychological illness and a Neurological illness?,2019-06-19 18:24:39,,-0.057228804
,2019-06-19 17:24:52,"Obviously its a mean and stupid thing to do, but do you believe it is such a terrible thing that it should be illegal?",0.15408133
Why is it illegal for one to not hire somebody because of their gender? Shouldn't companies have control over who is and isn't allowed to work for them without the government telling them what to do?,2019-06-19 16:55:08,,-0.057228804
Are the Dragons in Skyward Sword connected to those of Breath of the wild?,2019-06-12 04:41:12,[removed],-0.03906689
Are their calendars based off of other planets?,2019-02-08 13:41:22,[removed],-0.03906689
[TP] Twilit Dragon Agorok Clawshot Glitch!,2019-01-24 00:50:18,"I was just trying to kill him and I glitched the game, it was hilarious. I was wondering how to fix it or do I have to reset until my last save point which was a while ago....
(Edit: I was being stupid, I was laughing too much that I forgot that I could save the game in my exact spot and I'd be transported out of the boss arena)
Here's a video to see what happened. The description says how I did it.
https://youtu.be/GC7kn7Mpw4Y",0.03609421
,2019-01-23 19:21:34,"My question is really asking why A link to the past isnt considered to be a part of any other timelines, why did it have to be in the Downfall one, same goes for all other games. What were the main factors that decided which game will be in which of the 3 timelines?
Like how was it decided that four swords adventure should be apart of the child timeline and not the Downfall timeline as it appears it could.",0.18998887
Why is the LoZ timeline Sorted in Such a Way?,2019-01-23 02:10:38,"My question is, in the LoZ timeline what were the main factors that kept for example Wind Waker, Twilight Princess and A Link To The Past in separate timelines? Are the three timelines sorted in a way so that all games with ganon in it are in the Fallen Hero timeline, all games with the cute and bright cartoon style are in the Adult timeline, and the rest are part of the Child timeline?
Am I right or is there something else that kept these games apart?",0.16749866
,2018-12-17 22:39:50,Another question to add on. Why has the postman never mentioned anything about link being a wolf? Is he just minding his own business or is this just the norm for him.,0.12729362
,2018-12-17 22:35:51,"I would agree with you, but you can see the postman trying to figure out who mr. Zora is in zora's domain. When he does that, he doesn't run around calling ""Mr. Zora!!"" But other than that your answer makes the most sense because of the character's goofyness.",0.0059920102
,2018-12-17 02:31:39,"Why is he a wizard? Where did he get his abilities from? I believe he is a descendent of the postman in majora's mask, making him have no magic in his bloodline.",0.02959688
How Does The Postman in LoZ Twilight Princess Identify Link in His Wolf Form?,2018-12-16 22:54:48,"In wolf form, if you ever walk by the areas in which the post man delivers mail, you'll see that he knows exactly who you are even before you transform back into human form. There is something fishy going on here.
The postman clearly has proven himself to be unintelligent, or is he just faking it? Does he come from the twilight realm?
Or, the unlikely possibility, he follows you.
I always feel like this questions always gets overlooked. If you guys have an idea, please feel free to comment.",0.16560182
