Title,Date,Text,Similarity
,2021-11-21 13:45:20,"I had something with someone, we just used to have fun but one day i was almost sleeping after work and she came drunk. Jumped into bed and tryied to grab my cock, i said ""i dont want to right now im tired"" so she slapped me in the face and went away. I felt like shit like i was betrayed from someone that i held close to my heart.",0.009832781
,2021-11-18 23:40:13,Which app the xbox app? Or just restarting the game?,0.123751275
,2021-11-18 02:49:52,"Theres some options for customization that are locked but it doesnt say theyre from the BP so maybe those will be more progression/f2p focused once the game launches, idk tho.",0.03756485
,2021-11-17 22:41:59,Then wait till full release maybe they will add some stuff. Just be patient. The game is free.,0.05634515
,2021-11-17 21:53:04,Game is free tho,-0.0137909055
,2021-11-16 13:53:10,You good?,0.19918282
,2021-11-16 00:38:50,"How can i change the audio language, it only shows spanish and i want it in english.",0.09302436
,2021-11-13 15:44:20,Played im still in the early game in grove and everything works super fine atm,-0.00849756
,2021-11-13 15:43:33,just unpack one and it will merge them all,-0.030446336
,2021-10-29 04:31:54,Ur genitals become regular usb port/cable,0.055764906
,2021-10-25 14:48:17,"Do you even realize how big the mobile gaming industry is?

""Mobile gaming is the biggest revenue segment of the worldwide gaming market.""

My little brother played a lot of fortnite on his tablet and i tell you he has enjoyed it so much...",0.19176358
,2021-10-24 14:17:15,"Yes it how i see it too, i dont mind losing at all but this is just disgracefull, cant even defend agsinst the ways they use...",0.010333367
,2021-10-24 14:15:31,"Lot of people were SDC fighting in reekwater. Crazy how there was a line with 10+ ice gauntlets and it always started when we were about to capture the point.
To me it seems like your clan is just a breeding pot for behaviour like this. That it has happened before and what i have seen in the wars is enough for me i dont need more proof, once an exploiter always an exploiter. And im sorry i you are new and have faith in these people but i wouldnt.",0.08080607
,2021-10-23 19:18:33,"Yea my info is surely not spot on but thats not he main point its just to get a picture, the main point is they abuse exploits in their benefit.",-0.010604005
War exploit lag,2021-10-23 15:04:24,"By the title you probably know where this is heading.

So I'm a Marauder from the Finias Server in Eu. We are the underdog faction there since the start, but that isnt a problem for us we are trying our best. It started wild with covenants pushing hard and Zerging the whole map. Purple then went on to fight back. We soon realized there was a feud between to big clans in this server that has been ported from ESO. The Saints (Covenants) vs SDC ""Slick Daddy Club"" (Syndicate). So yea we are in midst of all this and we manage to hold on to two of our territories. Whilst purple has claimed everything else besides our 2 and 2 of the covenants zones.

So we as marauders dont step back we keep pushing and pushing making wars everywhere winning on defence and losing on attack.

Then the first big accident happened. Attack war on Reekwater, we were pumped. All in the faction discord of our server, many different companies united people from europe and even asia/north africa in the same discord translating strats and hyped to do our most fierce attack since launch.

The war started our plan did unfold like music for the first 2 points, but while taking the second one the lag started. Those gauntlets spamming like crazy and you all already know the drill. We fought our best war but still lost against the Slick daddys because of their exploit, that was a hard one to swallow and we all felt helpless since it felt so damn unfair, with all the time we have commited to this game and server, we dont want to leave.

All this takes us to yesterday, Monarch's bluff on war, our capital we have to defend against the Slick daddys or well get pushed back to just 1 territory and the tax hell will expand even further. Can you guys guess what happened?

[This happened.](https://www.youtube.com/watch?v=T21RcQP9K_w=Bartin7)

And again the slick daddys who control the whole map have to abuse exploits to win yet another dirty war. So we are now looking into this and it seems like the slick daddys is a huge community known in other games for their griefing, exploiting, toxicity and racist behaviour.

[Post in another mmo about this clan and its behaviour](https://www.reddit.com/r/lastoasis/comments/giwhgs/clan_of_250_people_abusing_bagscheats/?utm_medium=android_app=share)

I dont know... I just sincerely hope they get banned, its what they deserve they dont play fair and they shouldnt be able to ruin a server like this, they cant even win when we fight fairly and right now they are being rewarded by the game with the way they are playing.

Sorry about my rant but i really like this game and devote quite some time into it. It has tons of flaws but i do believe all of them can be worked upon, its just that this situation is the tip of the iceberg for me and needed to let it out. (Sorry if this is a grammar/spelling nightmare im not english)

TL;DR: Biggest clan in the server uses exploits to win every war. They are a known toxic community from other mmos, the way they behave should not go unpunished.",-0.0046182116
,2021-10-22 14:11:23,Which exploit? The one with lag? did they really fix it :O?,0.080503166
,2021-10-20 15:49:11,Maybe I am just bad but spear is just too much for me pvp. Like i have to really put a lot into it to even damage or hit the guy and they just proceed to 2 shot me with GA or spam the ice gauntlet. Like it should  be more rewarding to play.,0.09102025
,2021-10-19 13:59:45,"Remembrer guys dont play with time travel, nice LPT...",0.054659538
,2021-10-17 14:09:28,"One Piece, lol.",-0.005126468
,2021-10-15 14:04:57,"Bro just play skyrim or Rdr2, do some silly side quests and write like you did here, i swear i would pay for that.",-0.012475788
,2021-10-13 14:20:00,"Exp and weapon exp. The satisfaction of beating someone. In a larger scale pvp functions as the way to control the territory via wars that can change the rulers of said territory, if a conpany in your faction owns territory it has some advantages.",0.060622804
,2021-10-13 14:17:38,Ty will try. Probably done very few faction quests...,0.090098865
,2021-10-13 10:45:19,No,0.010109326
,2021-10-13 10:18:27,Where do you get faction quests to expeditions :O?,0.04699399
,2021-10-13 08:29:41,Is that so?,0.11905524
,2021-10-08 14:05:06,You are no coward.,0.15872741
,2021-10-06 14:08:56,You are trolling right?,0.18720753
,2021-10-06 12:39:01,"So i will have to pay to pplay with friends?

Just wondering only curious.",0.082285546
,2021-10-06 12:31:41,"I dont think being able to switch to another spec would do that , quite the opposite.",-0.013230689
,2021-10-06 12:27:07,At what time is this?,0.11531494
,2021-10-06 11:34:57,I hope you never have children,0.23563588
,2021-10-05 14:38:21,Yea we cleared the whole area but it still wouldn't allow it.,0.054651555
"Can't declare war, this territory has an upcoming invasion.",2021-10-05 14:25:02,"We are marauders in a EU server, the underdog faction there,we need to fight wars and take teritory. But every time we invest people time and resources to farm influence and put a territory in a state of conflict this happens and war cannot be declared. If this is intended i don't get why they would let us farm the influence for nothing, if there's an invasion it should be locked and thats it. This must be a bug i think personally and it has to be adressed or atleast aknowleged because its happened 4 times already for us in Cutlass, EBonscale, Restless and Weavers. We are fine being underdogs and fighting but atleast let us do that.

TL;DR: Wasting countless hours to farm influence only to see the declare war button locked saying there's an upcoming invasion.",0.08755358
,2021-10-03 14:23:16,"A mini map would be nice, at least an option to have it.",0.078370616
,2021-09-30 13:43:41,"Yea wow has always been great with this, you pay and you get a fast travel. Not just a loading screen.",0.079916656
,2021-09-26 12:35:58,"Atleast this is good for Alonso, but damn never have i seen such BS.",0.058656614
,2021-09-24 13:04:54,Maybe try looking for a YT channel from your region and see what that community is doing.,0.11062105
,2021-09-24 00:35:45,It was long gone,0.013935598
,2021-09-23 14:39:04,Ok good to know thanks!,0.08701286
,2021-09-23 10:40:06,"I havent played this game and know the very basics of it so it will be like a surprise at launch for me. What i wanted to know is how do servers work, like can i move my character between servers easily lile BDO or is it more like wow were you create a character for a specific server?",0.06248935
,2021-09-22 13:08:44,"Its a small town but we live for the summer season and tourists so the population goes from 3000 im the winter to about 20k in the summer, so then is when stuff happens. One i recall more recently is that a couple was found dead in a hotel room, the man shot his wife and then ended his life there.
Must've been crazy for the person who found them.",0.04186244
,2021-09-22 01:42:54,Alomejor se ha pintado una rayita,-0.04131884
,2021-09-21 14:09:48,Bruh going to see a movie or to the pub isnt the same as getting punched in the face and risking brain damage and so on. I suppose as the president you have to search for other hobbies than smacking people and getting smacked lmao.,0.12845947
,2021-09-06 19:05:40,"Lmao yea, I was actually thinking about the prequels. So yea i messed up big time...",0.09825893
,2021-09-06 17:21:12,"Hello im a newbie PC player. And im using a g29 wheel. So my problem is that i have a profile in the ghub app that in theory changes my wheels degrees to 360 when i open the game. It almost every time i start the game for the first time it wont do that si i have to restart my pc every time. In PC there doesn't seem to be an option in game to set a fixed steering lock for 360 (if there is that please explain to me) so im stuck with restarting my pc every time i want to play and open it for the first time. Does anyone know a solution or have any tips, thanks!!",0.0437506
,2021-09-03 11:57:07,Instagram,0.021041818
,2021-08-25 17:22:33,Isnt a 1st world problem litterally that?,0.12610407
,2021-08-25 00:53:56,Yea it definitely is a nice touch!,0.07737068
,2021-08-24 19:47:35,"Lmao allioli without eggs is the real deal. Call it what you want but allioli is made with garlic salt and olive oil, some people put some lemon in there too.
Every other thing is just mayo with garlic taste and its still good dont get me wrong but its not allioli.
Btw i work as a cook in Spain Catalunya and alloli is like a tradition around here so ive had somewhat of it xD.",0.15925443
,2021-08-23 01:11:59,"The sequels are better than the hobbit, change my mind.",0.1322567
,2021-08-08 18:59:06,"Have a problem with logitech g29 and ghub, sometimes it just doesn't want to lock itself to 360 steering, and since there isnt an option to do that in game for PC im just screwed and have to restart my whole pc when this happens. Is there something im missing?",0.093916
,2021-08-05 17:02:03,Tf yall are the guys who need the floor to be as clean as an eating plate lmao.,0.31058264
,2021-08-03 00:20:05,Nani? Kansei Dorifto!?,0.086016014
,2021-08-01 17:25:31,"Ive been told it finished already, not to long ago.",0.09311214
,2021-07-31 00:41:01,Who cares?,0.090681374
,2021-07-23 17:18:10,"So i like to play in cockpit view but the default one wont even show my mirrors. Can you guys who play in this camera share your settings.

And besides that do you believe im in a disatvantage playing in this mode? Any recommendations are welcome. Thanks guys!",0.09376937
Camera settings for cockpit view,2021-07-23 17:17:15,[removed],-0.03906689
,2021-07-22 16:51:17,AI seems to be harder this year i've read in many places.,0.14048511
Question abou co-op career!,2021-07-21 01:33:11,[removed],-0.03906689
,2021-07-18 19:28:57,Dude theres literally restaurants using dishwashers to do low temp cooking like a ronner and some people even prefer it.,0.17065492
,2021-07-18 01:03:08,Yea seems like this sub is full of people over reacting to stuff. Calling everything animal abuse or bad parenting while its just people taking the piss.,0.08121811
,2021-07-18 00:35:54,Depends on perspective you absolute fucking adorable human being :).,0.0784134
,2021-07-18 00:29:03,"Attention SS1989 you are not Nelson Mandela

He was a prophet who used words wisely.
You just use words.",0.14200367
,2021-07-11 01:18:40,My bet is 200 each tyre,0.102085836
,2021-07-09 19:19:49,"This persone had some issues and one day they came to work while overdosed on meds. The thing ended with the ambulance police and all, they ruled it as suicide attempt and I was floored. My first job with huge resposabilities and this happened within the first week.",0.0034284233
,2021-07-06 19:20:27,Good to know :D thanks! Cya on track,0.05706521
Quick questions about the games!,2021-07-06 18:26:13,"I last played f1 2005. I am back since i got a wheel and im following the scene again. I will be getting 2021 100% sure. But i was wondering which is the general consesus about the best game? And which is the one that has more playerbase for online like is everyone still in 2019 or do people just hop on to the next one?

​

Thanks, race safely!",0.09578593
,2021-07-01 00:45:53,This.,-0.0025558248
,2021-06-25 17:48:36,"Lots of people don't realize this goes way deeper than just hate. It has to do with housing and appartments that previously were for students or residents. These people are getting kicked out because the owners  earn more renting 1 month in airbnb than what a resident/student pays for the whole year.
Then theres the contamination factor but this applies to residents aswell so i dont think its that big of a deal.

So basically its a bit more than just ""fuck tourists"".",0.05227343
,2021-06-16 19:24:26,Yea i thought that. But well if 3klicks did a video on it ill try it out to see how it feels. ty :P,0.07265483
,2021-06-16 17:48:38,"Any realiable source for that?

Basically you are saying that if i have 400 dpi 2 sens i should change to 800 dpi 1 sens?",0.16836098
,2021-06-16 17:47:11,"It depends, sometimes its very bad to have 1600 dpi, but yea depends a lot on the mouse.",0.14776455
,2021-06-14 12:45:20,"Bruuh imagine thinking archers were real, first archeers were elves from lord of the rings...",0.037652038
,2021-06-14 12:43:33,Yea spawn times in general are a bit F\*\*\*\*\* sometimes. For example in duel servers i would like an option to get rid of spawn timers.,0.05993359
,2021-06-04 21:24:47,Yea that's true it just came to my mind as something cool for pvp that i havent really seen in other games.,0.0076987706
,2021-06-04 16:34:19,"Dofus had a system for pvp where you would get a badge with an opposite faction player's coordinates and you would have to hunt them down, lots of fun. Bounty systems and such can be really good if managed well.",0.09534371
,2021-06-04 12:33:04,"It is generally a more casual game than Mordhau which is something i didnt knew i needed. 200h into Mordhau and i still feel that im trash, when a kill more than 10 people in a match i usually feel im giving it my all.
While testing the chiv 2 beta(played 2h) i went on doing 40+ kills without even playing like a tryhard.
I think this will make the game stand on its own and it will be lots of fun.
Mordhau is fun too dont get me wrong but too full of sweats abusing some broken animations, its still not as bad as chiv 1 tho and i hope it doesnt get there.",0.105241194
,2021-05-28 16:40:12,"Absolutely not!! If he said already that he is uncomfortable with the left hand theres no need to relearn. He probably is a bit ambidextrous and doesnt know it. I use my right hand for activities that require force(punching, using a baseball bat, carrying something heavy) and my left hand for more technicall stuff(writing, balancing stuff and so on). So what i wanted to say is that for me having more technicall ability in the left hand makes it perfect to play like a right handed person would because at the end its the left hand doing the hard work(obviously the right hand is super important too but i hope you get my point). So basically im a leftie for most things and firmly believe that it makes it easyer for me playing ""the wrong way"".",-0.02414534
,2021-05-28 16:33:36,"Basureta-Kase.O
If you understand spanish its a hard ride, a beautifull peace of Art.",0.08174552
,2021-05-28 14:08:03,"I completely agree, i'm a bit baffled by these folks here who cant handle some rocks bein stacked. I mean going on a hike itself is sometimes more disrupting to an ecosystem than moving rocks. Or when you all co camping and take wood from the forest that might be housing insects/eggs or necessary for a bird doing a nest, and you just burn it down. It seems to me just like another overreaction to a harmless thing. ""I cant stand all these rocks polluting nature while in the highway consumming 100 gallons of fuel"".
Here in Spain these rock formations are very common in beaches. And when you go hiking it is very easy to distinguish what is meant to be there for navigation purposes, althought that is the one thing that i can sort of underdstand... It is no joke to get lost in the woods.
Anyways just enjoy life, some rocks will not end the planet, the amout of energy we use to talk about these rocks might do tho.",0.13240498
,2021-05-28 13:57:23,"It is normal. Almost in every sport/competition however you want to call it, theres a strong sense of favouritism for the underdog. And this only becomes stronger when the ones on top are there for a long time. So basically the more dominant you are the more people will enjoy seeing someone defeat you because otherways it starts to get boring. I respect Hammilton a lot but i like to see him fight and strugle like everyone has had to st some point.",0.10631181
,2021-05-23 12:12:52,Not everyone should be able to have guns.,0.0626666
,2021-05-22 18:42:28,Go to game or fnac,0.01653876
,2021-05-19 14:49:51,"Half the world would hate each other and themselves, the other half are narcissists. Every 2 weeks or so the roles invert.",0.13334861
,2021-05-17 13:39:11,Lmao,0.016267078
,2021-05-07 15:34:20,About 5€ in Spain,-0.05736926
,2021-05-04 14:55:28,He actually did it tho.,0.018706722
,2021-03-30 15:31:57,"Np, have a good time!",0.12399654
,2021-03-30 15:25:38,yea dm me a code and ill fly by,-0.031680718
,2021-03-30 15:12:07,"Hi, id like to have the carnival things (i believe its what they are called) or as second choice the wooden benches with the bonsais.

Thanks, you are awesome!",0.13608241
,2021-03-26 17:51:17,Put some child labour in there too.,0.08269721
,2021-03-25 22:00:01,I don't want to discourage you but just note that when you use the backup service from the options screen they tell you that these functions will only be usable if the switch has been lost or damaged. So i dont really think its  possible but contacting them and asking about it never hurts!,0.03496888
,2021-03-25 17:44:49,I have 160 if u want to,0.1328284
,2021-03-23 22:44:24,"Sure, ill set that up.",0.08470771
,2021-03-23 22:36:45,mm... im tempted about the red ones but i think ill go orange so it will be more exciting haha!,0.08676145
,2021-03-23 22:30:14,"that would be absolutely awesome, tell me if you have anything that you need or want like furniture or clothing i dont have much but maybe theres something you might like there!",0.13562255
,2021-03-23 21:54:51,If anyone got some of those orange roses from the nook mile islands  that breed into blues id be interested to trade. I came back after a long break and got my path to the blue rose all mixed up. I dont want to have it handed to me directly tho so i am searching for these. Thanks!,-0.01322595
,2021-03-23 17:44:16,Any island i can go to buy some white rose seeds?,0.05632996
,2021-03-23 17:34:19,I wanted to breed it myself and i was almost there but since i took a long break now everything is mixed up and i wanted to see it pop but i think ill eventually clone it.,0.071874544
,2021-03-23 13:35:05,"Hi! Returning player here, after an 8 month break im back at it again. the thing that made me burnout and quit was me trying to get a blue rose but ive seen there are some orange roses that spawn on islands that could help me out. I dont want to do all that breeding again (i was pretty far in) but i also dont want to just get the rose so if someone could trade me some orange roses that breed into blues that would make my day. Thanks!",0.012304852
,2021-03-23 13:32:16,"Yea ive done that plenty of times to do some buisness and also to make some people happy, works great!",0.14960173
Problem with Razer controller Setup for PC,2021-03-19 22:14:02,"So i use this app with my razer wolverine to switch between my created profiles for different games.

Today it just won't work, what happens is it recognizes the controller but it doesnt get any inputs from it. Althought the controller works just fine inside games. So im basically stuck with a profile that i dont want. Any clue about this? Is there any alternative to mapping my controls?

Thanks!

​

Solved by simply re installing the program and rebooting.",0.049603872
,2021-03-01 17:22:46,Its good,0.066693254
,2021-02-24 17:50:49,Thanks god theres people who get this!,0.031292684
,2020-12-17 17:00:38,How can i romance wakako? She's so f\*\*\*ing hot.,-0.00011513382
,2020-12-12 17:04:06,for real? 100% sure ?,0.0065639317
,2020-12-12 16:43:45,"So, should i just wait it out?",0.10409813
,2020-12-10 17:11:12,i didnt know that. I dont really mind it but i guess its a bit dumb that there's no barber or anything like that.,0.09114741
,2020-12-10 17:10:13,Thanks a lot!,0.07994945
,2020-12-10 16:22:29,"Hi, dumb question. How to use the claxon in the car? is it even possible?",0.108598396
,2020-12-09 20:25:15,"Muy correcto, a esa gente hay que calmarla, yo te hablo de la gente de a pié. Obviamente hay un sector altamente toxico y extremista por desracia..
Y lo peor es que en las dos partes y son las que alimentan el conflicto al fin y al cabo.",0.00028454792
,2020-12-09 19:54:02,Yo antes era de los que me daba igual ahora despues de ver como actua el gobierno con violencia incluso hacia mayores entiendo un poco porque querrian el autogobierno. Aunque muy posiblemente resultara igual de corrupto igual no te parten la cara por meter papeles en urnas.,0.052174218
,2020-12-06 04:26:02,Yep. I guess ill have a look,0.13801011
,2020-12-06 03:40:16,The ones in arcanum? Maybe i have one lef or so...,0.03822077
,2020-12-06 02:40:38,"So im a bit confused now, i have read everything cosmere the only thing i have left is a book and a half of white sand. Am i safe to dig into this info?",0.116892114
,2020-12-05 18:57:24,When you get a new console but you barely have any games to play.,0.070993066
,2020-11-13 15:28:15,"Im all for swords overall, Messer and LS might be my favourites. GS is in there too. Thats a great idea and i feel kinda dumb for not realizing this. Ill definitely ask around in duel servers.",-0.009774914
Question about getting info that is up to date.,2020-11-12 21:22:15,"I played this game for a few months when it launched and now i came back. So i was searching for some ranked duel builds to compare with mine but i can only find out dated stuff from previous versions of the game and some things dont match. Is there any known up to date source for content/information like this?

Thanks!",0.11740122
,2020-11-02 01:27:11,that fixed it thanks a lot!,0.038355354
,2020-11-01 22:12:35,thanks i will try!,0.0953777
,2020-11-01 01:44:06,Where can i find this?,0.047030665
Problem when trying to host a workshop map.,2020-10-31 22:27:03,"I play with some friends and we usually hop into aim botz all together before ranks or DMs. So id usually host it but now every time I try when the map loads it crashes and im not able to host a session. My friends have no problem whatsoever when doing the exact same thing.

Does anyone have a clue about this?

I already did verify the game files.",0.044153355
,2020-10-29 15:14:18,You literally cured my AIDS thanks.,0.1527043
,2020-10-26 23:58:33,"no, that makes more sense now!",0.13294458
,2020-10-26 13:08:07,you talk to the lady and when it says invite others press + so introduce your code,0.061058566
,2020-10-26 13:06:17,I found it almost to easy,0.1218144
,2020-10-26 13:03:09,"got it, you only have to go once right? then you can save it ?",0.009411555
,2020-10-26 13:00:16,try the discord maybe,0.12963939
,2020-10-26 12:59:56,"yes you can, when you talk to the girl and the invite others menu appears you click + and it will make you set up a code. Now youll only be paired with people that have the same code.",0.1180931
,2020-10-26 12:58:35,"You can chose any pokemon except the legendary. Then when you exit  the girl asks you if you want to save the location for that legendary like when you lose to it. Just chose to take the legendary if its shiny, if its not chose any other or none.",0.034680992
Was so proud of this! (Not the editing or filming im still learning). But seeing all your clips i understand if you roast me.,2020-10-20 18:13:49,,-0.057228804
,2020-10-20 17:00:32,Noob and shovel-ready. I can now die in peace.,0.05372747
,2020-10-20 11:11:07,"Theres a lot of italians in Barcelona, a lot.",0.017105468
,2020-10-19 06:25:54,"Same for me, i just cant get it to follow the plan.",0.05534944
,2020-10-19 06:12:40,Are you on the airbus?,0.17380284
,2020-10-19 02:55:47,I have a problem where after landing with the boeing 747 the throttle doesnt work at all.,0.040798996
,2020-10-17 18:35:20,"Playing around yesterday with the tbm i figured out  i can find the frequencies inside the computer thing on the plane and the navigation system. And now i know i have to control the throttle myself so im progressing, thanks!",0.18001398
,2020-10-17 00:12:50,Didnt realize that was there. Great!,0.122815415
,2020-10-16 21:45:54,lmao,0.0047101164
,2020-10-16 21:44:21,"Yes man im totally on that mentality. Im enjoying it so much because im having fun and at the same time i know that i have so much room for improvement that its exciting.
I recently just started learning how to use the auto pilot with nav, ils is still a bit complicated. Is there a way to do it without having to pull data from those scary graphics/maps/sheets? I was searching about Ils on youtube and they'd always take those maps as reference and that thing just scares me.
One question i have about autopilot is: does every autopilot have autothrust?",0.084003165
,2020-10-16 21:38:51,"This was really helpfull and easy to understand, not that i know all about it now but its relly good to know. I wasn't even thinking the effect air density would have on my speed / fuel. Ill search this guy Rod. You really helped me out here thanks!",0.19863123
,2020-10-16 00:15:03,This doesnt make sense to me but it kinda does also.,0.06442116
,2020-10-16 00:02:00,"Thanks ill check youtube later. And yes you are right i should probaly stick with the cessna or the tbm right now.
Thanks for your reply!",0.10704502
Beginner needs your help,2020-10-15 23:24:42,"Started recently, i an absolute beginner i was always about buyung fsx but it seemed to complicated, seeing reviews of this game snd the fact that you can have some assist sold it for me.

Did the tutorials. Im playing in medium assist everywhere and can do some ""safe"" landings. Im am basically terrible at navigation. Like when approaching to land or all these patterns... im just unable to follow or find them.

Also finding a good altitude and the concept of cruising is not to clear to me. Trimming is a pain in the but(any speci trick for that?).
The fact that you cant have tutorials for individual aircrafts bugs me a bit. Started ""nailing"" some landings with the TMB and thought well now its time for the boeing.
Man was i wrong. How is even phisically possible to stop this thing from eating dirt while descending? It picks up so much speed and i always always overshoot my landings with it.

Sorry for the banter. I dont want to make it seem like im trashing the game its just im very new to this and want to improve.
Maybe its also due to the fact that english isnt my first language and all these new words are confusing. Like what is even a swanq? Swaq? Sqwank? It sounds to me like the sound of a duck. Anyway i would appreciate any tip or resources you guys find are essential or just really helpful while still keeping it not too hardcore.",0.04095729
,2020-10-11 12:05:04,He's talking about the dad wtf...,-0.0150217675
,2020-10-07 17:37:00,"Hi, so im a fairly new player and just started learning how to use the editing tool.

I see theres some really sick people in this sub so any help/suggestion to make it cleaner or more realistic is very welcome.

I don't sk8 irl so pls don't kill me :')(Just got to learn ollies and shuvs).",-0.0049108677
"""Getting Started""- I put together a few clips I made learning how to use the clip editor.(NSFW music)",2020-10-07 17:36:32,,-0.057228804
,2020-10-05 19:22:18,I am eager to get it on the switch too man i hope its for 2020 atleast,0.08669482
,2020-10-05 16:34:06,Man thats just f sick,-0.0025857575
,2020-10-04 13:25:50,Id make it my dogs room. Hopefully we would get to a point where we pass at a similar time.,0.061507873
,2020-10-02 14:07:32,It's an extract from Homer's Odissey.,0.06979831
,2020-10-01 18:51:17,I dos moke weed to but i also dream a lot.,0.07677394
Help with fiveM error,2020-09-30 16:12:31,"So i recently changed my gpu. Wsnted to play some gta rp today. I open fiveM it updates and first thing i notice when i open up is that the resolution is all screwed. No servers. It just wont search for any servers. So i get out delete the cache and bam servers start showing up. So i enter a server and realize it looks like crap so i realized maybe its runing with my integrsted graphics instrad of my gpu. Any clue on this.
I need help please.",-0.016622959
,2020-09-28 22:24:13,"Its because of people like this that most men are scared of ""feminism"" they see this and think its all it is...",0.05701851
,2020-09-28 22:17:47,Tbf it is a decline. But also more than half of the gaming industry would love to be able to keep going easily after losing 230M players :'),0.04486956
,2020-09-28 12:11:57,I love you.,0.14164837
,2020-09-26 11:44:43,Man this hit home.,0.10749954
,2020-09-25 21:59:11,"Still i can play roa while taking a shit and that makes it superior imo. Its all about perspective, idk about workshop or competitive. Im not hating on pc i own both versions im just sayin that ita a matter of taste.",0.0073277117
,2020-09-25 13:57:55,My prayers are with your soul brother.,0.04733699
,2020-09-25 13:57:36,Np have fun!,0.05726476
,2020-09-25 12:29:37,That's just an opinion.,0.027363274
,2020-09-25 12:29:05,"You need to go to the profile select custom layout and on the attack you press and hold a and then flick the stick, this should register both a and c stick to do tilts, so now you can tilt with c stic and do your nairs with A.",0.07267815
,2020-09-25 12:14:03,"If youre on the switch in europe you can add me, im trash.",-0.03264414
,2020-09-23 20:36:28,This sounds like a board game rule tbh.,0.08759778
,2020-09-22 20:51:49,I mean this even happens in Spain. And let me tell you if its happening in Spain its nothing to be too fascinated about lmao.,0.041522186
,2020-09-18 22:03:56,The universe is just a huge fractal.,-0.02042835
,2020-09-18 19:27:17,Oof,0.06030747
,2020-09-18 13:31:03,r/mortisgang,-0.06280588
,2020-09-16 20:34:23,Yes ofc its a msi rtx 2070 ventus,0.07813902
,2020-09-15 13:17:41,I will try this when i get home. Thanks a lot for replying!,0.05024808
Help with rtx beta.,2020-09-15 12:07:10,"Got a 2070 recently, want to try out rtx for bedrock. Did the thing were you enter the beta. My game shouldve ""updated"" to beta version, but it didn't. I open up Minecraft and its still same as always.
Any clues?
Thanks!",0.094032004
,2020-09-14 23:29:09,"Wow, stunning.",0.12221901
,2020-09-14 23:12:58,The mind is so much fun.,0.11942073
,2020-09-14 22:15:15,"Itachi Uchiha.
Yes ikr im a weeb.",0.055431012
,2020-09-14 20:07:17,This wasn't what i was looking for. But i found something better. Thanks!,0.08863054
,2020-09-14 19:06:44,"Yea thats fd up cause i just spent 420 on that 2070. I curse the day i started gaming at 144hz, it feels so bad now at 60",0.090689465
,2020-09-14 18:59:11,Wow they are costly... i thought about 30€ but 130€? Daayum.,0.041620232
,2020-09-14 18:50:15,Thanks a lot i will look for it.,0.031616427
,2020-09-14 18:45:57,"Yes my bad i picked the wrong one. How would that look like?
Is it for pluging to the monitor or to tje gpu?",0.1625542
Problems with my 144hz monitor: Zowie XL2411P,2020-09-14 18:39:21,"ZOWIE XL2411P

Im using this monitor and today i changed my gpu to an rtx 2070.
Because my 1070 was faulty.
Long story short i am a bit stupid and did not bother to check what cables i can conect to the monitor.
So today i see this 2070 only suports display port and hdmi. Since hdmi doesnt suport 144hz i need to use display port.
The thing is the monitor does not have a port for that. It only has vga hdmi or dvi.
Prior to this i was using dvi.
Do you guys know how i could get those sweet 144hz? Maybe some king of adapter?
Thanks!",0.116751045
,2020-09-13 22:43:28,"Shouldn't the blame go to the producers or who ever is deciding to not pay those extra hours?
Just curious.",0.18869425
,2020-09-13 19:46:08,I just can't imagine myself eating something i cooked without atleast having cleaned out the pans n stuff i used.,0.39296138
,2020-09-12 00:50:32,Go watch the tim rogers kotaku review. Its jazz.,-0.013466204
,2020-09-12 00:49:44,Enjoy it. Its one of the best games i own.,0.09279953
,2020-09-12 00:35:27,I don't know,0.09415669
Help with overclocking stability test.,2020-09-11 17:14:02,"So im overclocking my i5 6600k.
Im starting at 4.2 with 1.250 volts.
Im using aida 64 and hwmonitor.

The thing is that the readings in both apps differ a bit.
Which program do you believe is more trustworthy?
Aida 64 says that current voltatge is at 1.264 while hwmonitor says its at 1.310.
Temps are now at 64 maximum.
Should i push it a bit more?
Thanks for your help guys im pretty new to this.",0.12333318
,2020-09-11 12:17:50,Yes this is my plan. Ill have to buy a new mobo and etc. Thanks!,0.025831614
,2020-09-10 12:39:43,The problem is i bought the 1070 like 3 4 for a really good price. And it is probably a card that was used for mining. Because i have some very annoying problems with it. So im a bit torn on buying second hand again. I just want something that will work a few years that i can later upgrade with a mobo and cpu change.,-0.0024198573
,2020-09-10 12:33:47,Have a faulty 1070 i bought second hand. Now i need to upgrsde and will buy a new one. So im between a 2070 or a 3070. My cpu is a i5 6600K will it be enough to play fhd games? I dont need 300fps. Just fluid gameplay for a few years.,0.07258982
,2020-09-09 23:44:52,Somos hermanos,-0.03199447
,2020-09-09 23:17:53,"Latest drivers affirmative.
Temps do ramp up when the fans do.
But i will reiterate, to me its strange that it only hapoens with some games.",0.073504865
,2020-09-09 22:59:48,"Want to upgrade my system.
Currently i5 6600k
And im looking for a 3070 but it will probably be sold out so fast that ill have to settle with a 2070.
The thing is does anyone know if my current cpu will be capable to handle any of those cards?",0.094502866
Evga 1070 artifacts and crashes to desktop with some games,2020-09-09 22:56:20,"Specs:
16 ram ddr 4
1070 evga ftw
I5 6600k

Basically i bought a 1070 evga ftw, a used one. Everything seemed fine but with some games i have this issue were artifacts start appearing, fans of the gpu ramp up and the game crashes. Some artifacts are the still visible on the desktop/steam/discord for a minute or two.
As I said this only happens with some games and for example i am able to play vr with no issues.

So now im thinking that this card might be at the end of its lifespan(probably used for mining or something).",0.00032099895
Need help with gpu and cpu.,2020-09-09 22:40:31,[removed],-0.03906689
Evga 1070 ftw artifacts and crashes in some games,2020-09-09 22:07:51,[removed],-0.03906689
A few questions.,2020-09-09 22:02:30,[removed],-0.03906689
,2020-09-09 20:49:38,Ill look into that thanks!,0.10675333
I5 6600K with 3070,2020-09-09 20:45:44,[removed],-0.03906689
,2020-09-09 19:27:46,"Question.
Do you guys think a i5 6600K will handle a 3070 or do i need to upgrade my whole set up.",0.08531673
,2020-09-09 05:03:59,Thanks a lot for your help i will look into that.,0.12887874
,2020-09-08 18:45:05,"Can you explain to me what the thermal interface is?
Also yea it doesnt shut down only the app runing crashes.
Thanks for your reply.",0.16489819
,2020-09-08 18:01:53,Drugs,0.087371275
,2020-09-08 17:58:56,The thing is i did stress tests for hours cause i ocd my cpu and everything was stable. Its only with some games. I no longer have my cpu overclocked.,0.1598553
Problems with my 1070,2020-09-08 17:46:23,[removed],-0.03906689
,2020-09-02 22:12:25,This ain't dead nor alive. It just is.,-0.021067746
,2020-09-01 20:48:07,"Searching things in google, efficiently.",-0.01529924
,2020-08-31 23:33:16,Rodney is lovely.,0.08666963
,2020-08-31 21:54:10,How tf would someone learn to read and talk on its own.,0.12124952
,2020-08-31 21:51:52,Unless you work at a restaurant/bar.,0.17183469
,2020-08-30 01:14:53,"You do you, its your life.",0.17338857
,2020-08-26 23:46:19,They feed off mosquitoes. Thats a deal for me.,0.123477384
,2020-08-25 22:46:05,Lmao i just clicked thinking how tf will this guy melon grab with a fingerboard. I am not disappointed.,0.029673042
,2020-08-24 20:21:23,Gba pokemon games,0.0069592632
,2020-08-24 12:15:19,I think it is yes.,0.09166421
,2020-08-24 00:00:46,Estas jodido :'),-0.003945819
,2020-08-21 14:53:55,A mask,0.00033047795
,2020-08-20 01:42:24,So real.... my face against the table was the truest part,0.06930928
,2020-08-18 10:44:29,I think overall they dropped a bit more than that,0.16147391
,2020-08-09 13:15:44,Mark Knopfler,-0.012259858
,2020-08-08 17:52:37,Wow man. Im literal trash but platform fighters are the only figgting games i enjoy.,0.06729462
,2020-08-08 12:04:49,Yes man so tired of Ultimate!,0.15200135
,2020-08-06 23:47:33,"I dont think I ever cried so much ever, over a song/movie/game. That sh** hit my spirit.",0.11596382
,2020-08-06 11:18:50,No dont do that,0.08521211
,2020-08-06 02:43:59,You are right and im sorry for the trouble but i worl 12h a day and felt it was easier to adk. I really should have searched sorry. Thanks a lot!!,0.05101806
Switch Release when?,2020-08-06 00:21:03,I need this on the switch. Now.,0.081178024
,2020-08-05 19:46:03,Red dead Redemption 2. Or any Dragon Quest.,0.065793544
Nintendo Switch,2020-08-02 13:38:20,Any news about the launch for the switch? We only know its comming 2020 right?,0.14798632
,2020-07-28 11:57:36,LPT: Avoid getting arrested.,0.03671682
,2020-07-24 01:59:18,"True like life itself, was pretty shocked to see necrophilia and pedo as a fetish",0.0800865
,2020-07-23 23:56:28,"Naa i think they just were asked to say how taboo they saw each of those practives, not actually tellong what they liked.",0.10697872
,2020-07-23 23:52:08,If you missed RDR2. You need to play it at some point in your life. Masterpiece.,0.11897476
,2020-07-22 16:15:47,"Stormlight SPOILERS

Elhokar Kholin",0.016851459
,2020-07-21 23:39:15,True,-0.039400138
,2020-07-21 20:49:32,"Yes, the orc guy was suposed to throw it near him and they would the do cgi. But he fucken yeeted that knife at viggo and he just deflects it like Obi wan kenobi or something.",0.06676168
,2020-07-21 20:27:23,"Gnarly was, that!",0.040277317
,2020-07-21 20:06:17,r/Birdsarentreal,0.005940371
,2020-07-20 00:57:17,Doubt*,0.12389976
,2020-07-14 02:29:07,You are just trolling at this point. Thanks for enlightening my penis.,0.10691039
,2020-07-14 01:43:10,"They? Were all just persons, beings. If you think men havent contributed to making some pile of trash a best seller just go check out the marvel movies. Do a favour to yourself and think a bit about lotr. We are one. I dont give a fuck about who or what likes our passion. If it wasnt for tolkiens wife maybe he wouldnt even habe written anything. So just think about what you say before spilling some useless shit out.",0.088886164
,2020-07-14 01:03:27,Your thought process is simply fucked up. Lets stard by the fact that women in general read more than men.,0.22104472
,2020-07-14 00:44:05,"Im a man, if it wasnt for my mother i would never have gotten to know these books. So theres that.",0.07545043
,2020-07-14 00:42:32,Wtf,0.05190645
,2020-07-14 00:00:05,"Gracias tio, ahora estoy trabajando mas que los del puente 4 pero cuando acabe la temporada, tengo un monton de ideas pa sacar cositas ;)",0.02624894
,2020-07-13 09:31:23,Gracias jejej cualquier critica es bienvenida ;),-0.05140966
,2020-07-12 23:35:17,Que grande!! Eres bienvenido si dejas tus comentarios respondo :D,0.024018524
This might interest spanish readers.,2020-07-12 17:56:07,"Started this channel over a month ago with the intent of having a small community for spanish readers in youtube. Check it out if youre interested!
I work a lot now so new videos won't be till September but I have uploaded a few already so there's already a lot to discuss about.
Needless to say its full of spoilers for the cosmere.

Take a look [here](https://www.youtube.com/channel/UCBNmvhEaN-YGaGGrGT5uT5g)",0.11247195
,2020-07-11 12:17:30,Is she counting bumping cars while parking as accidents? Because damn.,0.16539347
,2020-07-11 11:36:08,I love how in this sub almost everything that rises gets destroyed in the comments.,0.042200096
,2020-07-10 12:27:04,"I believe ai heard that the contagiousness of yawns has to do with empathy. Its a very interesting topic, plus cute cats. 10/10",0.09230811
,2020-07-06 20:37:09,Im.going to get in on the switch. Because its portable thats the main point. I can take a shit while doing some fancy stuff.,-0.029273242
,2020-07-05 12:37:09,What happened with m2k?,0.024509437
,2020-07-04 15:10:50,Yall heard about the Bible?,0.21910745
,2020-07-02 18:26:05,Would you point it out if it was hetero? Then dont so it just cause its gay. It doesnt matter sh** what it was atleast that isny the important part.,0.15088482
,2020-07-02 15:14:27,Sick,0.06576978
,2020-07-01 22:10:44,"No, without mods. Some stutter also happens and the gpu fans rank up.",0.036332656
,2020-07-01 22:10:03,Nope,-0.012757614
,2020-07-01 19:12:54,The only thing that is giving me hope is that playing with graphics at minimum it doesnt happen. But u believe my specs shouls be able to handle this game...,0.0068296
,2020-07-01 18:00:36,Yep i did use ddu and installed everything from scratch just to be sure. I dont use any mods either.,0.09585266
Game is unplayable for me.,2020-07-01 17:25:25,"I can start it up but after 1-2 minutes the game freezes and crashes. Gpu load seems to be very high also. I really like it and im just looking forward for the switch version because the steam one is unplayable.

Specs : I5 6600K GTX 1070, 16 Ram.",0.07211555
,2020-06-30 14:56:48,People being slick af and then me failing to control the basics of movement.,0.18876716
,2020-06-29 15:49:17,Damn i hope youre doing fine. I had a very bad time at one point playing cs but ive learned from it and its different now.,0.07826516
,2020-06-29 15:48:29,Yea animal crossing is my go to now or skater xl. Its just doing your thing and theres no right or wrong way to do things.,0.030229323
,2020-06-29 15:47:34,Hahah yess weed is good for that but it can go wrong if you start over using it and only relying on weed to be able to play. Now i only smoke before or after cause i over do it if I smoke during rounds. But yea that depends on the person a lot too. You habe to synergize with it.,0.15462472
,2020-06-29 15:44:43,"It is beautifull in a lot of ways. But you have to be in the right mood/mindset to play, thats for sure.",0.19637182
,2020-06-29 13:10:36,Exactly. And you can learn to motivate people and have a good party/group. But yea as you said there are times that ita just better to mute them and move on. Sad but true.,0.21047631
,2020-06-29 13:05:04,I couldnt have put it better. Most of the time althought we play team based games we still play like se are 5 individuals. Not 1 group.,0.020887524
,2020-06-29 13:03:56,That is also true. You learn a lot of teamwork and you see how different people deal with different situations.,0.060179286
,2020-06-29 12:47:28,"Dont get me wrong, i am too and that is the problem, if i play a gamenlike valorant or cs go ill be focused on all the little sh** that happens and get stressed out because people dont take it serious so I have to be in a good mood in order play competitive.",0.09222526
,2020-06-29 12:45:33,Exactly people want me to play dark souls or smash bros and man sometimes its just too much.,0.07294639
,2020-06-29 12:43:05,I feel you on that. The thing is also i use to remember the toxic people which made me have a bad time.,0.14580894
,2020-06-29 12:04:08,Ikr! But still i believe a lot of toxicity in those communities is due to tryharding.,0.1755271
,2020-06-29 11:16:51,It really depends. When i come from work tired i put on some Dragon Quest or some minecraft just to relax and have no worries. Competitive gaming can burn you out a lot tho.,0.15116951
,2020-06-29 10:58:54,"Seems odd but Gamefreak is used to exactly that. Now thay they have plenty of room to work with its almost like they cant handle it.
#BringBackSpritesforPokemon",0.00042068772
,2020-06-21 14:56:54,Hahah Chicote chicote... the thing is they exaggerate stuff like they will ask you to not clean the kitchen for a week and such to make it more dramatic. But usually the focus is on broken relationships or poorly managed restaurants.,0.21080697
,2020-06-20 14:31:22,Lol,-0.0023351628
,2020-06-20 14:30:00,"Im my country its usually related to sports, football mostly.",0.08692427
,2020-06-19 22:39:34,Yes,0.0320203
,2020-06-19 22:07:55,Nice thanks for your help i do really appreciate it.,0.10788224
,2020-06-19 19:15:14,The only thing im worried about is that i put the loctite on the nut not inside and then screw it. I had it already screwed in and put it on top and around. Will that work or should i re do it?,0.13646096
,2020-06-19 10:09:08,"Thanks a lot i did that. The thing is i dont have a nut that locks the king pin. Just the king pin. I put a drop on each. Should i wait 24h?

Edit: I do have the nut and did that i confused some words. Thanks for the picture!",0.14025319
,2020-06-18 23:41:23,No problem thanks for trying :D.,0.020256413
,2020-06-18 22:39:04,My problem isnt the trucks with the board its the trucks itself the part with the wheels that falls off. The other half remains attached to the board.,0.10050619
Problems with new board and trucks,2020-06-18 20:58:50,My firat time assembling a wooden board with trucks. The trucks i managed to put fairly well. But the truck itself keeps unmounting. And spliting. So any tips/tricks for that?,0.12189502
,2020-06-17 23:36:10,Im still learning how to pop ollies so not for me.,0.054052755
,2020-06-17 19:51:54,Omg man why did i laugh at this,0.09689929
,2020-06-17 17:56:04,Yea man thats one of my thoughts. But grain of salt lets keep it calm xD,0.22353576
,2020-06-17 17:55:06,My guesses are BLM or a hint to dark pokemon in colosseum/XD.,0.123576224
,2020-06-17 17:10:14,Yes that is high on the list too.,0.09251605
,2020-06-17 16:54:28,Might have to try that,0.13650428
,2020-06-17 16:53:53,Yea I see it like this too. Maybe when dlcs are finally out or a bit before. But not next week.,0.04251327
,2020-06-17 16:50:46,I want to be like you now.,0.12584347
,2020-06-17 16:48:50,I dont see any possibility for gen 4 remakes. People need to chill xD,0.028340848
,2020-06-17 16:48:26,Hmm I like to think they put things there for a reason so ill keep thinking about it.,0.11763467
Noob question,2020-06-17 16:47:27,Can I use a tech deck to sand out a new applied grip tape? Got my first board but dont have any metal files around. Thanks!,0.025664506
,2020-06-17 16:21:16,Interesting. Do you know why they made that one? Was it a promo for something?,0.19081199
,2020-06-17 16:02:20,Ikr why no one talking about it? A hint for pokemon Colosseum/XD?,0.06506644
,2020-06-17 15:57:03,Yes someone mentioned this and now im starting to get hype. I must keep calm...,0.15286905
,2020-06-17 15:54:32,Black Pikachu too man. Wow dont hype me. This could happen.,0.06046426
Black Pikachu,2020-06-17 15:38:52,[removed],-0.03906689
,2020-06-17 15:33:01,Sorry :/,0.006985093
,2020-06-17 15:30:14,Pokemon XD,0.04138326
,2020-06-17 15:29:15,Lets go jhotto next week. Those gen 2 starter plushies plus lugia ho oh and the dogs... with an eevee between umbreon and espeon.,0.04176102
,2020-06-16 18:53:47,Yea thats why I think the reread might be gold. Ive only read the first prologue so far after every book. And just that is an awesome experience.,0.036326833
,2020-06-16 16:23:47,Voted TWoK because it was a slow start for me but once i got into it it just got better and better. And i bet when i re read it i will like it even more.,0.08841364
,2020-06-16 16:22:12,I mean technically speaking any character/power/splinter whatever that is in the Cosmere books is part of the Cosmere so yes. Most of the time without even knowing. Odium does know obviously.,0.031561118
,2020-06-16 16:16:01,"Oathbringer final spoilers >!When Renarin and Adolin talk in WoR and Renarin is looking at a horse thinking like ""this doesn't make any sense"" in terms of the creatures that exist in roshar a horse just doesn't fit in too well. Then I immediately thought yea right? And what about you? At that moment i realized humans where like the only ones in Roshar that were adapting buildings clothing etc ( external things to their anatomy) to protect themselves from highstorm. At that moment i told my friend ""Man what if humans are actually the voidbringers"" we just laughed it off and never mentioned it again. Then i read Oathbringer and was like WHAT THE ACTUAL F\*\*K. That was soo minblowing i cant put it into words.!",-0.0026822677
