Title,Date,Text,Similarity
,2021-11-21 21:08:25,I’m my experience they have. I’ve owned both the patent leather and suede boots and both stretched enough to be comfortable over time.,0.028124843
,2021-11-21 07:49:15,"So different from other people here, I’d say go for the 6. I’m also a 6.5 and I always size down because I have narrow feet. The boots are always a bit uncomfortable on my toes the first few times I wear them, but stretch out nicely. When I try to wear 7s I find my feet slide too much to feel secure even with thick socks.",0.10093863
,2021-11-20 01:38:03,Did you put onion in it too? It looks like onion slices on the baking sheet image.,0.316451
,2021-11-17 21:39:20,I’d cook down juice until it’s syrupy then add it to a sherbet base. I’ve done a similar thing with Concord grape juice and it turned out really well. I use 125 g of cooked-down juice in 385 g of base.,0.23554806
,2021-11-08 04:23:57,She’s Not There by Jennifer Boylan is a good non-fiction read,0.034543592
,2021-11-07 22:12:57,Have you tried a ballet bun secured with bobby pins? That’s what works for me with high impact movement. I do a high ponytail then twist it into a really tight ballet bun. I secure the bun with lots of bobby pins stabbed around the circumference of the bun. It holds when I do acrobatics and aerials now and when I used to do gymnastics.,0.18877295
,2021-11-05 02:16:11,I definitely think a BHS step out is much easier than a two foot BHS or a round off. The landing is just so much nicer. Between 2 foot BHS and round off I found round off easier.,0.03755677
,2021-11-05 01:26:59,"I’ve tried a couple of different things. One year I did a acorn squash stuffed with lentils, squash, and veggies. I’ve also done rosemary cannollini bean fritters (these were a big hit).",0.22217959
,2021-10-29 22:55:56,"When adding melted chocolate you want to do it slowly, while running the machine so you end up with little stratiacelli flecks instead of seizing. I also prefer to thin it with coconut oil.",0.25007722
,2021-10-23 06:54:21,Rosemary with sea salt dark chocolate,0.1751067
,2021-10-23 06:52:51,Salted caramel ice cream with an apple butter swirl?,0.29522416
,2021-10-22 18:10:42,Trader Joe’s Thai Chili and Morningstar Black Bean,0.10786123
,2021-10-22 02:28:59,"I’m in the US and did gymnastics through college and never heard anyone call them pit boogers until Gymcastic. No one even talked about it. It’s like chalk, just kind of expected.",0.049544867
,2021-10-20 23:11:51,"Tacos. I’ve made really good vegetarian tacos, but it’s just not the same as the ones I ate growing up.",0.28069025
,2021-10-16 17:36:16,It looks like a [Zhang](https://balancebeamsituation.com/stoop-over-zhang/?amp=1),0.0875278
,2021-10-13 07:04:24,"October 18-19 Qualifications

October 21 WAG All Around Finals

October 23 WAG Vault, Uneven Bars

October 24 WAG Beam, Floor",0.06160047
,2021-10-13 06:58:14,There’s only a closed hip form in the code of points. It’s a B.,-0.07641342
,2021-10-12 07:23:45,"I fry up some onions in butter then add drained sauerkraut, 1-2 allspice berries, 1 clove, 1 bay leaf, fresh ground black pepper, lightly crushed caraway seeds, a pinch of sugar, and a little bit (~1/4-1/2 c) veggie broth. Braise on low until the liquid is gone (~10 minutes). I either top with potato noodles or serve as a side dish to German potato salad or linsen mit spätzle.",0.3420481
,2021-10-10 18:07:06,I use 2 gram lecithin for ~900 g of base. I use the same brand of lecithin as you.,0.07523212
,2021-10-10 08:13:20,"I think it’s less that I wasn’t ready for certain books so much as the way they were taught. I feel like I’m school we were expected to over-analyze books to the point that they weren’t enjoyable or useful anymore. I went through a period my freshman year of college (engineering major, so no English classes involved) where I read classic books as part of a personal desire to read more complex  literary novels and it was much more enjoyable. Also, I surprisingly got a lot more out of the books when I wasn’t forced to dissect them ad nauseam.",0.14510673
,2021-10-05 19:15:57,Oryx and Crake trilogy by Margaret Atwood,0.02924975
,2021-09-21 16:47:18,It’s definitely person to person so I thought I’d offer! We have several lesbian women at my studio. Pole and circus in general tend to have more queer people in the community.,-0.026707433
,2021-09-21 16:24:26,"If you’re interested in pole dance and aerial arts it’s a great way to build up your upper body, specifically shoulders and lats.",0.09359369
,2021-09-18 02:12:51,"1. I just freeze it all at once. Repeated freeze thaw cycles don’t seem to hurt it since it’s liquid.  Just make sure you give it a good stir before you use it.

2. Depends on the recipe, but usually about 125 grams for 500 grams of ice cream total (about a pint). So I’ll use ~125 g fruit purée and ~375 g ice cream or sherbet base.

3. Yes, I personally don’t like frozen banana chunks. Also it won’t churn well with chunks. If you want to add mix ins it’s better to stir them in after you churn. If you want to use the banana chunks as a mix in I’d make an extra that you can add in at the end. So basically make double the roasted banana: half to steep in the base and discard, half to use as a mix-in at the end. You can also purée the banana and add it to the base, but the extra starches can change the ice cream texture. I’ve personally never tried that, but there are plenty of recipes that use the purée method.",0.31930536
,2021-09-17 23:59:32,"I make simple cooked fruit purées with in season fruits then freeze them to use in ice cream throughout the year. My basic method is to peel/chop/mash the fruit, simmer about 10 minutes on the stove, purée, then strain out the seeds and pulp.

For all fruits except banana I add the purée at the time of churning. Just whisk it into your base right before you churn. For banana I like to do the steep overnight method: cook the base, add banana chunks to cooked base and refrigerate overnight. The next morning strain out the banana chunks and churn the ice cream.",0.24003832
,2021-09-10 08:02:58,Morningstar black bean patties,0.08837944
,2021-09-04 19:20:24,"This looks really neat! I’ve always wanted to try a Dutch oven for bread baking, but never got around to buying one.",0.15847886
,2021-09-02 03:03:16,"I mean you can, but liability waivers don’t always hold up in court. I personally wouldn’t feel comfortable. Have you considered seeing if you could do private lessons at off hours when there’s no one else in the gym?",0.061274603
,2021-09-01 22:48:42,"Seconding what the other poster said. As a former gymnastics coach and current aerial arts instructor I would never agree to spot in a backyard. In addition to the obvious safety and equipment concerns, you also have insurance concerns. Gyms will have liability insurance that protects covers their employees in case you get injured while learning from them in the gym. That’s not going to cover backyard coaching.",0.020335786
,2021-08-30 06:25:49,"Powder pb is not a good solution. I’ve tried that before and it was bad.

I’ve made great peanut butter ice cream by adding 80 g (~5 Tbspoon) of peanut butter to 1 pint of ice cream base.",0.2797202
,2021-08-29 23:18:46,"Does the studio actually penalize other students who are late? If they’re unevenly enforcing the rule, and you’ve been affected by that, then feel free to complain to the management about it, but if anyone who’s late still gets let in, or you’ve never been locked out for being late, it’s not really your place to complain.

As an instructor, yes I prefer my students to be on time, but I’d be really bothered if a student tried to complain about other student’s tardiness on my behalf. It’s really none of their business. Shit happens, as long as you aren’t disruptive when you come in and you take a few extra minutes to fully warm up in it’s not a big deal.

The monopolizing teacher time is tricky. I feel like you can try to talk to your instructor about this, but the chances that they can do anything about it are minimal. Part of this is that the instructor needs to set expectations about when is appropriate to ask for feedback (i.e. if I’m watching or spotting someone else, don’t interrupt me. If a student does interrupt I usually say something like “I’m watching X right now. I’ll help you next.” To highlight that they need to wait.) Also sometimes the instructor knows the student is annoying to others, but can’t really do anything about it since they aren’t doing anything unsafe. As for asking other advanced students to teach her, unless she asks you, it’s not your problem. Either the instructor will address it if it bothers them, or the students she’s asking can bring it up with the instructor.",0.11033855
,2021-08-25 20:10:17,"You can half recipes, as long as the amount isn’t too small. I have the 1.5 qt freezer bowl Cuisinart ice cream maker and I regularly make 1 pint amounts. It churns fine, the churn time is about the same as churning a full batch, maybe 5 min less? Just keep an eye on it and you’ll be fine.",0.3001431
,2021-08-25 02:29:05,But Simone was in the team this year? And she’s not doing NCAA.,0.092788294
,2021-08-24 22:20:47,I mean it’s better than than the random front tuck before a tumbling pass,0.14451328
,2021-08-24 07:39:16,"I vote for Kohei, his winning streak is phenomenal. However, the one thing that the MAG contenders don’t seem have that Simone does is innovation of new skills. Simone really pushed the boundaries of WAG with 4 named skills (plus the unnamed yurchenko double pike). As far as I’m aware Kohei didn’t create any new skills and Scherbo only has one.",-0.034721367
,2021-08-21 01:40:06,"I had oral surgery earlier this year. Other than soups here’s some of what I ate.

Dal or other red lentil dishes cook down really mushy

Baked sweet potatoes mashed with butter

Applesauce

Pudding

Nutrition shakes (Boost, Ensure, etc) honestly these were the best for me when I was on the go. Super portable and a good balance of protein and nutrients",0.37770855
,2021-08-19 16:17:39,"Agreed. I’ve made good grape ice cream by buying good Concord grape juice, cooking it down to make a syrup, and adding that to my base.",0.22637215
,2021-08-17 18:20:18,"Nothing super hard for me, I pretty much maxed out at E skills.


Vault- Yurchenko layout 1/2 (4.2)

Bars- double front dismount (E)

Beam- back layout 2 feet (E)

Floor- triple full (E) I trained more E skills (double front, double Arabian, full twisting double back) on tumble track too, but the 3/1 was the only skill that made it to the real floor


I also trained more unusual bars skills that aren’t necessarily hard, but were more uncommon like a Khorkina release and a toe-on front dismount.",0.07689674
,2021-08-11 07:56:45,"The 100 year old man who climbed out the window and disappeared

The protagonist isn’t female, but he is elderly and the novel is lighthearted.",-0.050954286
,2021-08-11 07:17:05,"Either a mount bonus on beam and bars, maybe for C+? Or a requirement that the mount be counted as one of the 8 D value skills.

Get rid of the E cap on bars transitions.

Allow controlled lunges on floor.

Upgrade forward tumbling passes. Downgrade Silvias.

Double the vault deductions instead of continuing to lower the start values. I’m not sure if this is the best way to fix the vault E score problems, since you’d still have the problem of not enough differentiation between scores, but it seems more reasonable than lowering the D score every quad.",0.16323414
,2021-08-09 04:00:16,"I’d recommend looking for local pole dance, aerial, or circus schools. All three should offer flexibility classes. Eventually you can move on to contortion classes which work on tricks at the more extreme ranges of flexibility. You can also look for flow arts (fire dancing, poi, hoop dancing) which are similar to the apparatus manipulation in rhythmic gymnastics. I’ve never seen flow arts classes in my area, it seems to be a more community-based thing with jams advertised on Facebook groups or through word of mouth in the circus community. Your local circus schools might be able to direct you to some good resources if you’re interested in that.

Also as a former gymnast turned pole dancer I totally recommend trying pole.",0.08276671
,2021-08-06 07:27:31,Do you have Whole Foods near you? Mine has a bunch of veggie options.,0.32196712
,2021-08-06 07:25:59,Their Thai Chili burgers are excellent,0.17076233
,2021-08-06 00:19:01,"I love barbecue chickpeas. Simply sautée some onion, toss in a can of chickpeas and some watered down BBQ sauce and cook until the glaze is thick. My omni boyfriend loves it too.

Tempeh is also a great meat substitute. It has a nice mild nutty flavor and good texture. I’ve marinated it to make “bacon” (doesn’t really taste like bacon, but has a similar smokiness). Barbecue marinated tempeh is also good. I really like to cook it in Asian recipes in place of meat. It goes great with sweet and sour.

Another good substitute is lentils. I make a red lentil cacciatore and a green lentil fesenjoon.

Barbecue cauliflower is also a classic. I do it the lazy way where you just steam the cauliflower in the microwave and dip it in the sauce.

For Mexican style dishes I usually use beans as a substitute. I made great tacos the other day with red onion, broad beans, spices, lime, and cilantro. Black beans and pinto beans are of course the classic go-tos.",0.24258322
,2021-08-03 23:39:24,"I’m not a huge fan of tofu as a chicken replacement. It’s too bland and squishy. I use either tempeh, chickpeas, or lentils depending on the recipe.",0.26883066
,2021-07-31 00:06:55,I think it’s called a Wenson,0.091874346
,2021-07-31 00:00:57,Her second pass was just gorgeous!,0.13434832
,2021-07-30 01:14:58,So I could do a press from my feet but not from stalder. It’s not really necessary to have bc when you do a straddle cast on bars you use momentum to get up and the only other time people use press handstands is for beam mounts and there’s plenty of other options.,0.051748767
,2021-07-29 21:16:41,"In my personal experience, pretty far. I didn’t have natural talent but made it to NCAA as a walk-on (not at a top school obviously). I couldn’t climb a rope without legs until I was 13, didn’t get my press handstand until I was 21. My flexibility wasn’t great, but I worked really hard at it and eventually achieved moderate oversplits on both sides. It’s really about the effort you put into it. Of course, I could never have made it to elite or even a good NCAA team. At that level you need talent and hard work, but level 10/mediocre college team? Totally achievable.",0.13630511
,2021-07-08 04:38:33,This is great😂,0.06545649
Toes on pointe heels?,2021-07-06 22:21:07,"Has anyone here ordered from toes on pointe? How is the quality and fit? I love that they let you customize your style and material, but I don’t want to order without knowing more since they’re pretty pricey.",0.12466569
,2021-07-02 03:13:49,Ah all my gyms were in the Southwest. I wonder if it’s regional,0.12771265
,2021-07-02 02:32:03,"Yeah I agree, line-ups aren’t abnormal. It just seems like an easy way to get everyone to pay attention to any last minute remarks at the end of practice. Most of the gyms I went to did that, but the chant is odd. One of the gyms I went to required you hug the coaches before you left which didn’t bother me bother me at the time, but looking back it seems not okay.",0.042648982
,2021-07-02 02:27:12,"Interesting, what area of the country were you in? I moved a lot as a kid, so I went to 6 different gyms and only 1 of them didn’t do line-ups. Some of them only did it at the beginning and not at the end, but most of them did it at least once.",0.11197312
,2021-06-28 01:04:38,I honestly have no idea. I saw these results on gymter.net,0.07841511
,2021-06-27 16:22:38,"WAG: Vault-Jade Carey, Bars-Fan Yilin, Beam-Ashikawa Urara, Floor-Vanessa Ferrari

MAG: Floor-Rayderley Zapata, Pommel Horse-Kameyama Kohei, Rings-Eleftherios Petrounias, Vault-Shin Jea-hwan, Parallel Bars-You Hao, High Bar-Epke Zonderland",0.0028161071
,2021-06-26 07:52:09,Check out balance beam situation or the gymternet. They both live blogged the meet.,0.08924556
,2021-06-13 18:51:34,In gymnastics usually you jump off your non-dominant leg for a regular split leap so you hit your dominant split. So it would have the same problem for connecting to an aerial as a switch leap.,-0.018256048
,2021-06-08 22:09:54,"China and Russia have 4+2 for both WAG and MAG, or at least China will after the Apparatus World Cup Series concludes. Russia’s +2 are both non-nominative, so they aren’t tied to a specific athlete. I think Japan MAG could possibly get a second +1 after Doha, but I haven’t kept up with the rankings/tie breaking procedures very well.",0.017225303
,2021-06-02 21:48:15,The Maruchan soy sauce flavor where I live (USA) is not vegetarian. It contains beef broth/flavoring.,0.21559468
,2021-06-01 19:57:33,The Ghost Bride by Yangsze Choo,0.05026061
,2021-05-31 03:59:31,I competed in college and loved it and I still think NCAA is boring to watch. It’s really only fun when you’re doing it IMO. I’m glad it has a fan base though because I want gymnasts to have the opportunity to participate in college gymnastics.,0.11949514
,2021-05-31 03:53:53,I totally agree on the leotard thing. It always makes me a bit uncomfortable the way unitards are pushed. There’s nothing wrong with preferring a leotard.,0.040167607
,2021-05-27 03:20:24,"I like the Dr. Praeger’s California Veggie Burger. I just tried the new cauliflower ones tonight and they’re decent too.

I also like the Morningstar Spicy Black Bean Burger, Trader Joe’s Thai Chili Burger, and Hilary’s World’s Best Veggie Burger

None of these taste like fake meat, they all taste like veggies, beans, grains.",0.2790473
,2021-05-21 08:12:27,Love China Mievelle (not sure I’d define him as sci-fi though) and Ted Chiang. I definitely second those recommendations!,0.13686147
,2021-05-15 05:40:09,"I still like pricier store ice cream like Talenti, Jeni’s, or McConnell’s. I just can’t justify paying for it anymore unless it’s a flavor that takes too much work.",0.18414038
,2021-05-14 06:41:23,Glycerin is more for body grip than hand grip. It’s super good if you have dry skin.,0.09813905
,2021-05-11 08:15:50,Look for circus schools instead of gymnastics gyms! They’re more likely to offer adult trampoline classes than gymnastics gyms.,0.0465322
,2021-04-29 20:12:18,"I haven’t tried it, so I’m not 100% sure if it’s good, but body online has classes from Roz the Diva. She’s excellent for plus size poling.",0.117781475
,2021-04-15 22:29:34,"As a non-religious person who did gymnastics in Texas, yes. You just kind of stand there. Thankfully my college team wasn’t religious.",0.090178885
,2021-03-16 07:08:06,Everything I’ve made from this website turns out wonderful. https://www.vegrecipesofindia.com/paneer-tikka-masala-recipe/#wprm-recipe-container-139656,0.05269987
Short Story Collections like Ted Chiang,2021-03-06 06:04:49,I just finished Stories of Your Life and Others and Exhalation by Ted Chiang. I’m interested in reading other short story collections that have a similar feel.,0.0766808
,2021-02-25 06:33:52,I was so sad to learn this. My mom had always used it growing up and I wanted to make cornbread that reminded me of childhood:(,0.23106322
,2021-02-11 01:48:56,McCarthy’s writing style drives me insane. I have to force myself to finish his books.,0.07694804
,2021-02-11 01:46:42,Same. I feel like the writing wasn’t great and the story wasn’t good enough to make up for the poor writing.,0.077973366
,2021-01-05 18:45:59,"Bail

Bail 1.5

Straddle Back

Bhardwaj

Ezhova

Zuchold-Schleudern",0.093230724
,2020-10-03 01:56:48,I love her hop full too! I wish gymnasts still did those,0.022028325
,2020-10-03 00:58:38,Would you mind sharing the recipes for all of the dishes?,0.30793846
,2020-08-18 01:34:23,"The matching leos was definitely Kurt Thomas. I trained with several people who left that gym. And no, it’s not common practice at all.",0.03125898
,2020-08-14 05:57:50,"I’m not surprised about Marcus at all. It’s really disappointing because he used to be a good coach before he moved to Texas Dreams (at least in my experience, I can’t speak for anyone else). I actually moved to the gym he was at before Texas Dreams to get away from a verbally and emotionally abusive coach. I remember being surprised that he actually let people rest injuries at that gym. It was just such a different experience for me. Unfortunately, that gym shut down, so he moved to Texas Dreams. I went to Texas Dreams for the first month he was there and he just changed. Way more yelling and excessively tough conditioning/practice assignments. It’s like he was trying to prove something to the Texas Dreams coaches. It sounds like he’s just gotten worse since then.",-0.024418544
,2020-08-07 06:08:34,I thought it was the yurchenko double back that Martha nixed.,0.023073882
,2020-08-07 00:07:19,"Top two:
Trader Joe’s Thai Sweet Chili Burger

Morningstar Spicy Black Bean Burger

Also good:
Dr. Praeger’s California Veggie Burger

Hilary’s World’s Best Veggie Burger",0.20167777
,2020-07-20 19:32:57,Lye is definitely the secret. The first couple of times I made pretzels I tried the baking soda bath and I could never get them dark enough. With the lye bath they turn out perfectly browned and chewy.,0.18348467
,2020-07-17 22:40:00,Cleo is okay. It fits true to size and it’s cheap for a pole wear brand. I don’t love their materials though. I feel like the shorts are too thin. I feel a bit too exposed in their stuff because of it. A lot of the nicer polewear brands either double line the shorts or use a thicker material.,0.1266414
,2020-06-07 03:06:21,Leggings are good for hoop,0.027958577
,2020-05-17 20:54:15,"I use my regular base plus 2.5 g (~1/2 tsp) of cake batter extract and 2.5 g vanilla extract per pint. The cake batter extract I use is from Baker flavors, so I’m not sure how the potency compares. You could start with 1 g and taste as you go. After churning I stir in sprinkles. Sometimes I’ll add a buttercream swirl if I’m feeling extra fancy. For the buttercream swirl I replace some of the sugar with glucose syrup so it stays a softer.",0.27498317
,2020-05-09 15:12:36,Shaylah Scott at Illinois is 5’9”,0.07061612
,2020-04-25 19:53:04,That could work if you use extra water. I don’t use any water in my base. I find the fruit purée has enough water on it’s own.,0.20882395
,2020-04-25 17:48:08,"I’d be worried about it having a salty flavor, but I’ve also never done a veggie sorbet.",0.31056717
,2020-04-25 17:12:14,"I make all my sorbets by puréeing the fruit in a blender, straining, then combining the strained purée with dextrose powder, sucrose, and xanthan gum. Make sure the stabilizer you use doesn’t need to be heat-activated (i.e. don’t used locust bean gum even though it’s generally better than xanthan because it needs to be cooked in order to work). You’ll also need more sugar than your typical sorbet because cabbage is basically just water whereas fruit has more natural sugar content.",0.28478062
,2020-04-22 18:01:17,Recipe?,0.16563417
,2020-04-19 06:18:52,You should consider letting people enter their own price options in.,0.10245638
,2020-04-18 18:48:20,Recipe?,0.16563417
,2020-04-17 23:51:36,I had a chip in my front tooth that the dentist ground down without asking. It had happened when I was 7ish. The filling/cap thing lasted until I was about 14 which is apparently a really long time for a front tooth. I wanted it replaced but my new dentist wouldn’t do it bc in his words “it would fall out in six months”...sure...the first one only lasted 7 years... anyway I got used to the chip then when I was 16 he randomly started grinding it down without anesthetic or asking me first. This was during a cleaning. He then had the nerve to try and charge for it. He had to go back and grind my other front tooth too so that they would line up (it was a fairly large corner chip). Worst part is my tooth is still slanted because it was impossible to grind away the whole chip.,0.047875516
,2020-04-14 03:56:48,"As someone whose hair won’t stay put even with gel, I wish I could’ve gotten away with the hair that they let people do today. Honestly, I think it looks better too. Super tight ponytails aren’t flattering for everyone’s face shape plus they’re uncomfortable.",0.058708485
,2020-04-12 03:33:49,I love this one https://www.vegrecipesofindia.com/punjabi-chole-chickpeas-in-a-spicy-gravy/,0.066821255
,2020-04-10 07:14:34,"Make sure to churn it immediately after whisking. I used 250 g of lemon juice to start. After cooking it down, I added that to 770 g of sherbet base. It made about a quart.",0.20150852
,2020-04-09 07:01:07,"Any specific part of Asia you’re looking for? Ube ice cream was popular in Singapore when I was there. Pandan would also fit for South East Asia. If you’re going for more East Asian you could go with red bean, black sesame, matcha, or jasmine green tea. Chai tea would give a more Indian vibe. I think Salt  Straw did a curry flavored ice cream which could be interesting.",0.2207507
,2020-04-04 05:42:55,You can make lemon ice cream with real lemons. I’ve done it with great results. I cook down the lemon juice until it’s syrupy. I then make the ice cream base and steep it with the lemon peel over night. In the morning I whisk the reduced lemon juice into the base and immediately churn. It turns out super tart and lemony.,0.20178838
,2020-04-02 21:46:38,"[Lloimincia Hall](https://m.youtube.com/watch?v=DcP78qKlg8I)

[Brooklyn Moors](https://m.youtube.com/watch?v=sWgus46ZY1Q)",0.10945015
,2020-03-31 19:03:12,You could add citric acid for tartness. I buy it off amazon.,0.15516132
,2020-03-29 21:17:27,"I use heavy whipping cream which is 36-38% milk fat in USA. I typically use whole milk. Lecithin helps with emulsification which improves texture. It does the job of eggs without making your ice cream heavy. Locust bean gum stabilizes the ice cream and prevents ice crystal formation, so also an ingredient for smoother texture. Start with 0.2% of the recipe by weight for stabilizer and go up from there. I usually do 0.25%.",0.20797822
,2020-03-29 19:00:21,"I use a 2 milk:1 cream ratio with really good results. I use also use skim milk powder, lecithin, locust bean gum. For sugar I do a mix of sucrose, dextrose, and invert sugar. The dextrose and invert sugar lower freezing point more than regular table sugar.",0.24941328
,2020-03-28 23:05:44,"It is really normalized. I’ve always felt lucky that I made it out of gymnastics with no surgeries. I have a few partial ligament tears, but nothing bad enough to require surgery. I have to be extra vigilant to keep my leg muscles strong otherwise my knee and ankle joints start hurting during everyday activities. I have a lower back injury from when I was 16 that never fully healed. As an adult training a non-gymnastics sport it continually surprises me that people take time off to care for injuries. Admittedly, I’m still bad about training through injuries. I currently have a rotator cuff issue that I train on and the same back problem from gymnastics.",0.046379287
,2020-03-26 15:28:05,She’s doing okay. No dialysis yet. A lot of really strict dietary requirements and medication have been enough to slow progress so far.,0.22953466
,2020-03-26 03:56:00,"This happened to my mom, except it turns out she actually does have kidney disease unfortunately. She had proteinuria that was dismissed because she’s a heavy exerciser and is otherwise healthy. She looks really fit too which didn’t help, A year or so later she started retaining large amounts of water. It turns out she had been in the early stages of kidney failure when they did the first test.",0.24396434
,2020-03-26 02:46:44,"Are you okay with yellow split pea recipes?

I made [this](https://ottolenghi.co.uk/recipes/legume-noodle-soup) recipe on Saturday and it was AMAZING. A lot of work, but worth it. I replaced the butter with olive oil and omitted both the noodles and sour cream.

I also like to make Kik Alicha. It’s a mild ethiopian stew made of yellow split peas. I can post my recipe if you’re interested.",0.26961455
,2020-03-17 05:15:12,What do you use to replace the cream when your using cashew milk?,0.17476666
,2020-03-17 03:50:25,Oh that sounds good! I also don’t like the beyond burgers. I find the texture icky. Are they flavored like fake meat or like veggies/grains? I don’t like the meat flavored ones.,0.33211827
,2020-03-16 20:07:23,"I make something really similar! I like to add a bit of cumin, paprika, and ancho chili to mine.",0.17405628
,2020-03-16 05:39:05,Would you say they’re similar to a black bean burger or more like a fake meat like a Beyond Burger or impossible burger?,0.2978981
Dr. Praeger’s Pure Plant Protein burgers?,2020-03-16 04:35:00,Has anyone tried the new Dr. Praeger’s pure plant protein burgers? Are they any good? I like their normal veggie burger line (especially the California Veggie Burgers) and was wondering if they’re similar in texture/flavor. The extra protein would be a nice bonus!,0.38120514
,2020-03-11 06:18:16,"In my experience it depended on the gym. I did JO then college and ended up at 8 different gyms over my JO career (combo of family moving, following coaches that switched gyms, gyms closing, and 1 move to get out of an abusive coaching situation). Only 4 of these did dance training. Two of those 4 had us do ballet with a qualified instructor 1 hour weekly. One did ballet with a qualified instructor, but only once a month. The last one had the head coach’s completely clueless daughter d teach us. That one was a total joke. So basically, dance training is highly variable.

Edit: The elites at the gyms I went received the same dance training (or lack of it) as the JO girls. So out of those gyms, 4 had at least 1 elite while I was there and 3 of those 4 gyms had dance.",0.034942213
,2020-03-08 08:22:43,If you have Trader Joe’s near you they have some! It in the spice section.,0.17476639
,2020-03-04 20:04:56,"Wild blackberry, preferably sherbet style! Also chai tea, oatmeal, or banana pb swirl.",0.23788016
,2020-03-03 07:04:50,Mix with coconut oil. I do 48 grams of pb melted with 9 grams of coconut oil for 1 pint of ice cream (2.5 Tbsp pb with about 2 tsp coconut oil). Make sure you use refined coconut oil so you don’t taste it.,0.26036254
,2020-03-01 01:53:05,Seconding the misir wat. It’s my go-to red lentil dish.,0.19962987
,2020-02-25 20:45:43,"Interesting. I usually think Delta is a lot better in customer service than United and especially better than American (I refuse to fly American after 3 horrid experiences). However, I had the same situation happen to me on United with a completely different outcome. I’d ordered the vegetarian meal in advance, but they had forgotten to stock the plane. The flight attendant was super nice to me though, and I was in the economy cabin. She brought me the snacks from first class and let me pick out whatever I wanted so I could eat.",0.15638492
,2020-02-25 01:11:19,"I also dislike overly chewy or “meaty” textures (like mushrooms, tofu, boca veggie burgers, etc.).  I’m not a big fan of seitan. The texture is too off-putting. However, if it’s finely ground up and used for veggie meatballs or meatloaf I don’t mind it. I like tempeh a lot. It’s not chewy at all. I like to slice it super thin (less than 1/4” thick) and either pan fry or broil it so it gets nice and crispy. I marinate it before cooking. Some of the marinades I use are BBQ sauce, a liquid smoke soy sauce mixture, or sweet and sour sauce.",0.2701835
,2020-02-23 07:31:51,"Awesome! Thanks for this. I was just planning to try a lemon sherbet in the next few days, but wasn’t quite sure on the sugar. I use a base and method similar to Dana Cree’s but without the buttermilk, so this is really helpful:) I have some invert sugar I can swap with part of the glucose if I do some math.",0.21553479
,2020-02-22 18:38:12,When you swapped out the orange for lime did you need to modify the sugar amount at all or swap sugar types for sweeter ones to counteract the sourness of the lime?,0.31107444
,2020-02-18 17:45:07,I’m in my 20s and I still have to use them to pay my utility bills. I live in a major west coast city. Technically you can pay online but the fees are ridiculous if you do.,0.034877375
,2020-02-09 02:33:32,Links added to original comment.,0.05097855
,2020-02-09 02:18:46,"I can link the websites, most of them have different pricing depending on if you do a membership, single class, or class packages",0.0696549
,2020-02-08 17:34:50,"[Pole Fitness Seattle](https://www.polefitnessseattle.com) Seattle, WA, USA and Bellevue, WA, USA

[Ascendance](https://www.ascendancestudios.org) Renton, WA, USA

[Kiska](http://www.kiskapole.com) Portland, Oregon, USA

[The Aero Space](https://www.aerospacestudios.com) Portland, Oregon, USA

[Ecdysiast](https://www.ecdysiaststudio.com) Portland, Oregon, USA

[Tantra Fitness](https://www.tantrafitness.com) Vancouver, BC, Canada

[R Song Studios](http://rsongstudios.com) Calgary, AB, Canada",-0.0011261692
,2020-02-06 21:58:00,"You can get a skill named after yourself in the USAG WAG JO Code of Points (what NCAA uses) by competing it at Nationals, Easterns, or Westerns. Not sure how it works in NCAA, but I imagine there’s a similar process for competing a skill at recognized meets.",0.0062430706
,2020-02-05 21:58:13,"I have the Queen for Dance ones. I like them, they don’t stick to the floor and they have enough padding. The padding does wear out sooner than volleyball knee pads, but no worse than other pole brands. They’re plenty sticky on the pole. Make sure you buy them small, they stretch after the first couple times you wear them.",0.14197809
,2020-01-31 23:17:57,"I’ve used butter with good success. I made a fruity pebbles ice cream with fruity pebbles crunchy mix-ins with good success. I followed the milk bar recipe for cereal crunch (it’s in the cook book, basically boils down to tossing cereal with a little bit of sugar, milk powder, and melted butter then baking at low heat until crispy).",0.3042295
,2020-01-26 05:45:15,Do you have a recipe?,0.31266162
,2020-01-25 05:27:22,"Yes, I’m going to add more milk powder to correct it.",0.124011815
,2020-01-25 00:54:23,"I’ll give it a try! My base is 2 milk:1 cream, so maybe I’ll replace half the milk.",0.16082796
Tea concentrate for ice cream?,2020-01-24 23:04:13,"So I have some leftover chai tea concentrate that I’d like to use to flavor ice cream. I’ve made ice cream with loose leaf tea in the past and it turned out super well, but I’m not sure if the concentrate is too watery to add to a base.

My thought is that I’d reduce the concentrate (it’s about 15% sugar, 85% water) until it’s thick and syrupy and add this too the base. I’m concerned this might mess with the flavor though. I’ve heard tea gets bitter if steeped too long or reheated, but I’m not sure that would apply to already cooked concentrate.

Another thought is to replace some of the milk in my base with milk powder and add the concentrate with out reducing. The thought is that milk powder+water from concentrate would serve as “milk”.

Has anyone had success with tea concentrates in the past?

Edit: I replaced 1/2 of the milk with the Chai concentrate, added an extra 20 g of milk power (equivalent of 1 c skim milk), and adjusted the sucrose accordingly it turned out great! Final ratio was 1:1:1 for cream, milk, and chai.",0.25059497
,2020-01-24 20:16:02,"Does your library take suggestions? Mine lets you request both regular books and ebooks. There’s a little bit of a wait, but they usually purchase requested books.",0.07898915
,2020-01-24 07:17:21,"That sounds like a great combination! I’ve never had xoconostle, but the sour from citric acid really complimented the flavor, so I imagine it’d be good.",0.24699579
,2020-01-23 07:32:30,"That’s a really good idea! My strawberry stuff always turns out really dull colored. I’d love to make something with guava, but I can never find them near me.",0.13763937
,2020-01-23 07:18:12,"No filter here, it really is that bright bubblegum pink. The taste for this one is interesting, I’m not sure how I feel about it. Prickly pears are pretty mild and watery tasting, so I don’t think they make the best ice cream.

To make this I peeled the fruit and cooked down the flesh to help concentrate flavor. There’s a lot of good info online if you google “how to peel a prickly pear”. Be ready for pink juice everywhere. I got these from a grocery store in Texas, so all the spines were already gone. I brought the fruit to a boil then simmered it for about 20 min, at which point it was about 2/3 the original weight. After it cooled a bit, I puréed it and strained out the seeds. I then cooked up a sherbet base and let it sit over night (recipe for base is in my post history). In the morning I mixed the concentrated 125 g prickly pear juice, 382 g sherbet base, and 5 g of citric acid, whisked briefly, then churned.

I used double citric acid than I normally do for sherbet which helped bring out the fruit flavor a bit more. I think if I make this again I would need to make the prickly pear juice even more concentrated, since the flavor is so weak.",0.23162651
Prickly Pear Sherbet,2020-01-23 07:04:50,,-0.057228804
,2020-01-17 09:25:43,"I had a similar situation with my grandpa. He died when I was 9, I didn’t find out he was an abusive alcoholic until I was 15. It was bad enough that my dad left an Ivy League college (they were really poor, so it was a big deal) after his freshman year and enrolled in a school near his hometown so he could help protect his mother. My grandma wasn’t really willing or able to leave him. Her father had forced her to quit school when she was 15 or 16, so she didn’t have many job options. My grandpa stopped the drinking and ‘bad’ abuse when I was really young, but after that he basically did nothing all day and just ignored my grandma.

I never would’ve guessed. He was always a great grandparent to my sister and I. He would make us animal shaped pancakes, whatever animal we wanted. He was really gentle with animals. There were tons of squirrels and birds that he would feed in the yard and there was a stray cat who would sit next with him when he was outside. The cat wouldn’t let anyone else touch him.

It’s really fascinating how different people are with their grandkids.",0.035095237
,2020-01-16 01:45:55,"“Magnolia” by Gang of Youths
“Runaway Train” by Soul Asylum

Both are upbeat songs, but the lyrics really resonate with me.",0.12237537
,2020-01-14 22:52:33,"I’m usually more of a WAG follower, but I am a fan of watching MAG when it’s available. I thought this was a pretty cool compilation.

Some thoughts:

Juarez has beautiful p-bar skills, really graceful and floaty.

The 3 1/2 twist vault by Yonekura was jaw dropping. It’s amazing that he can pull that many twists.

I still don’t understand pommel horse. All the skills look basically the same (yes I see the different hand positions, but still). I appreciate that it’s really difficult, but it’s super boring. I guess this how people watching WAG feel when they say they the leaps and turns should be taken out of floor bc they only like the tumbling.",0.0046207244
New Men’s Artistic Gymnastic Elements,2020-01-14 22:31:00,,-0.057228804
,2020-01-12 23:08:31,"I wonder if she’s still eligible for academic scholarships? That could help with tuition a lot. As a normal walk-on (no letter of intent signing) I had a full ride for academics, so I still got free college when I had to leave the team for medical reasons.",0.03883984
,2020-01-12 17:31:40,"Malazan Book of the Fallen series by Erik Stevenson. It’s a bit slow to start, but if you push through the first 1/3 of book one it gets really good.",0.1600266
,2020-01-12 17:28:55,"Beyond the zonules of Zinn by David Bainbridge


The Tale of the Dueling Neurosurgeons by Sam Kean

They’re both about neuroscience.",0.11280791
,2020-01-08 06:18:51,"Positive: it made me work hard. School was naturally easy for me (and still is), but for gymnastics I actually had to try. I didn’t have much natural talent and absolutely no natural flexibility. I appreciated it so much more because I had to work for my success. Plus all those years of practice payed off. I now practice pole and circus disciplines and I’m good at them! It was super easy pick up because of all the body awareness and strength I had built over the gymnastics years. It is admittedly a little bit annoying that everyone discounts me as “naturally flexible”. They missed the 2 years I spent as a preteen working in getting my bad side split flat, and the work I put in to get it back after injury.

I’ve also always been able to find a happy place in exercise due to my time in gymnastics. I really enjoy working out which is great for both my physical and mental health. Thanks to my time in the gym, I decent base level of strength and coordination which makes it easy for me to try new hobbies like rock climbing or yoga. I’m not good at everything I try, but I usually have enough ability to enjoy things without feeling frustrated.


Negative: I am more tolerant of verbal abuse than I should be (see previous reply to another commenter). While as an adult I know it’s not okay for people to verbally berate me, I sometimes find by self waiting for my boyfriend to start criticizing me when I mess up. He doesn’t, obviously (he’s a loving, healthy partner), but it’s really hard to break the ingrained feelings of low self worth, especially in when I’ve made a mistake.

I have a couple minor lingering injuries, but they aren’t horrible. I’m very thankful that I made it out of the sport with no surgeries, only broken bones and a couple partial soft tissue tears.",0.108947605
,2020-01-08 05:56:45,"I totally feel the verbal abuse thing. I don’t feel like I can tell the difference between tough coaching and mildly abusive coaching. I had one clearly verbally and emotionally abusive coach, but there are 1 or 2 others I’m honestly not sure about. And it took me almost 2 years to realize the bad coach was abusive, even though I was a teenager at the time. Plus I feel like abusive practices are so prevalent that even good, well meaning coaches slip into abuse on occasion and it’s tolerated without apology or change. No one even really blinks.

As a side note, the day I realized my coach was abusive was so liberating. He would usually berate us until we cried, or make us work out with the preschoolers to humiliate us, or punish excessively with conditioning for minor mistakes. He was yelling at me and I just stared, not crying, because I realized I didn’t care what he thought. He gave up after a few more minutes and I switched gyms the next day.",0.06796439
,2020-01-08 05:34:53,Hmm that’s interesting. I generally preferred books where the characters are older than me. In middle school I read books with high school or older characters. High school saw college age and older characters. Even now (I’m in my mid 20s) most of the books I enjoy have characters 30+. It’s not something I even consciously think about. It’s a bit odd. It’s not that I avoid books with younger main characters; I’m just more drawn to the books in the older ones.,0.05774506
,2020-01-06 06:41:17,"I use whatever scraps I have on hand plus a couple of bay leaves and some pepper. No salt because I prefer to control that in the final recipe.

I keep a gallon bag in the freezer and fill it up with scraps as I cook. I also add veggies that are starting to go bad. Not rotten, but past good eating consistency. It helps cut down on waste.

Onion peels and carrot peels are always in there. There’s usually also some celery bottoms/leaves, sugar snap peas (both ends and whole pods), and bell pepper tops. If I have mushrooms I’ll toss a couple in. Other veggie scraps I use include leek scraps, eggplant tops, zucchini and summer squash tops.

I do try to balance the types of scraps. I cook with a ton of onion, but I try not to overwhelm it with onion skins. I also try to make sure I have enough non-leafy greens (celery, sugar snaps) because I like their flavors.

I don’t use tomato or potato pieces. I don’t like the starchy thickening qualities of potatoes. As for tomato, I prefer my broth to be more of a flavorful, blank slate. I find tomato to be too distinctive in flavor. Mushrooms give the same umami notes without a super distinct flavor.",0.28672028
,2020-01-06 03:54:36,"That was the case for me. I was terrified of flyaways. I worked through the fear on and off through levels 7 and 8. In level 7 I dismounted with a layout. By Level 8 regionals I was piking down out of my final giant so I could do a kip to baby cast (like less than horizontal) tuck flyaway. For level 9 I learned a toe on front. As a side note, I feel like this dismount should be valued more. It’s way harder than it looks (although it is super ugly, so maybe it should stay low to discourage people from doing it lol). Level 10 I upgraded to double front (still a bit of irrational fear, but not as bad as backwards fly aways).",0.084531575
,2020-01-06 02:55:28,"I’d be up for the option of leotards with shorts being allowed (depending on what each person wants), but I can’t agree with unitards. I have to wear them occasionally for aerial performances now and they’re way less comfortable than leotards in my experience. They always seem to bunch uncomfortably in the crotch.",0.03253133
,2020-01-03 22:30:56,"I also am a vegetarian with an anorexia history. When I went vegetarian I was about 4 years into my ED, hovering in the semi-recovered stage.

Growing up I never really liked meat. I was the child who would eat 3-4 bites of her steak and be done, and only if it was a non-juicy over cooked lump. The only meat dishes I enjoyed were things like tacos and meatballs, where there’s more flavor from the seasoning than the meat. I went vegetarian in college for a couple reasons:

1. I realized it was an option. As silly as it sounds, I never knew it was something you could do for non-religious reasons. I grew up in the South and it just wasn’t a thing at the time. In college I met vegetarians (both religious and not), so I figured I’d try it.

2. I didn’t really like meat. I think it’s gross to cook, most of it didn’t taste great, and the meat stuff in the college dining hall was just gross.

3. I like animals and don’t like killing for no reason. Hunting and fishing for fun have always bothered me. As a kid I used to cry l when I saw the taxidermy hunting trophies.

4.(This is the not so good reason) Purging meat was gross. This wasn’t my only reason. Purging cheese was gross too, but I didn’t give that up. But if I’m being honest, this was part of the reason I went veggie. So, while it was a mostly ED free choice to go vegetarian, it wasn’t entirely. Not that I think that means I shouldn’t have done it. I just think it’s important to be careful. Make sure you’ll still be in recovery if you switch and that this isn’t just a choice to perpetuate your disorder.

I encourage you to honestly evaluate your reasons for going vegetarian. Only you can answer if it’s because of your eating disorder. Even if it’s not part of your eating disorder it’s important to check that it won’t make your disorder worse. For example, I tried to go vegan (for honest animal rights reasons), but I found myself obsessing and feeling guilty over food and it started to trigger ED behaviors. So, my balance is vegetarian is fine for me, but vegan is too far, at least for my current state of recovery. Protecting your health is important. It doesn’t make you a bad person if you can’t go vegetarian or vegan or whatever because it would hurt your mental health. It’s like sometimes having to take a pill with gelatin in it because you need the medication.

Sorry for the long ramble! I got interrupted a few times while typing this. I hope everything works out for you!",0.34089345
,2020-01-02 08:12:14,"Veggie Burgers/Meat Subs:

-Morningstar Spicy Black Bean Burger

-Trader Joe’s Thai Chili Veggie Burger

-Amy’s All American Veggie Burger

-Hilary’s World’s Nest Veggie Burger (this one is really good, but doesn’t really have any protein)

-Amy’s Veggie Meatballs

-Field Roast Apple Maple Breakfast Sausage

Other protein sources:

-Tempeh: I slice it super thin and marinate it (BBQ, Sweet, Liquid smoke and other spices for “bacon”, etc) it absorbs flavors super well. I either pan fry it or broil it, so it gets nice and crispy. I like it better than tofu because it has a way better texture.

-Chickpeas (these go with anything really)

-Lentils (for simple you can just boil then mix in oil and whatever seasoning you like)

-Beans (can be used as a meat sub in chili/stews/soups, black beans with some garlic and cumin are good in tacos)

-Edamame (good lazy meal, microwave and toss with sweet chili sauce or use in Asian inspired pasta dishes)

If you like to cook I really recommend trying Ethiopian and Indian dishes.",0.30727488
,2020-01-02 07:59:32,I do this too! It’s even better with sunflower seed butter.,0.15440404
,2020-01-01 08:31:09,"It really depends on how far you’re moving and how much stuff you have. My partner and I moved and packed our whole 1 bedroom apartment in a day, but we were only moving a few minutes away from our old place. Our packing consisted of just tossing things in the same 4 boxes, driving them to the new place, and unloading them on the floor. No one helped us. It took all day (and our new place was an unorganized mess)  but wasn’t too bad.

When we moved cross country we packed in about 3 days, but we only spent a couple hours each night. It took about 2 hours to load the truck. Realistically we could’ve done it in a day. Especially since we had help on moving day from his parents.",0.057475254
,2020-01-01 01:46:19,"I don’t think Chuso is overrated at all. Regardless of whether she’s going to win a medal or not, she’s still a top vaulter and she’s been able to keep her career going for years. It’s really impressive.",0.15379801
,2019-12-31 23:50:29,"I make small batches, only a pint at a time. I only buy a pint of cream each time and make 4-6 batches (depends if I’m doing sherbet or traditional ice cream) that I leave in the freezer for me and my SO. They store well if you use a good stabilizer. We usually have between 4-8 pints in the freezer at a time.",0.20650783
,2019-12-29 02:40:01,Me too! I think this is the year though,0.12862968
,2019-12-21 17:39:23,"Exactly. He clearly had no idea how to coach the skill, and shouldn’t have let me do it.",0.050897367
,2019-12-21 01:43:05,I know! Looking back I’m glad nothing happened. I had no fear at that age.,0.12111288
,2019-12-20 23:50:44,"9 or 10 years old: I had a trampoline in my backyard. I decided it would be a great idea to learn double fronts. I tried a bunch, all barely clearing my head and landing on my back. I finally landed on my head one day (thankfully no injury) and it scared me out of trying it on the trampoline for good.

Another incident was around old level 5 (today’s level 4). My sister was a cheerleader. Her practices ended an hour later than mine, so I’d go to the cheer open gym to practice tumbling while I waited. I asked the open gym coach to spot me on a double back. He said I’d be fine and just go for it, no spot... This was on a tumble track on a mat stack. So I did it. It was terrifying, kept landing on all fours, not rotating anywhere near fast enough. Next week at practice I told my coach I did double backs at the cheer gym. He was horrified haha.",0.11945314
,2019-12-19 23:38:00,Try different brands if you can. I find different soy mills and almond milks have different consistencies and flavors.,0.15473583
,2019-12-18 21:17:59,"Does your girlfriend have a recipe for vegan Mac  Cheese she’s willing to share? I LOVE box Mac, but hate the homemade roux based stuff (I know it’s weird). I’d love to have a homemade recipe if actually enjoy eating.",0.38255715
,2019-12-18 20:10:28,It totally depends how you use the tofu. Tofu in something it’s traditionally in is fine. I was once served a block of un-marinated oven baked tofu with sauce poured on top as the vegetarian option (main dish was meatloaf). It was gross and weird.,0.3684218
,2019-12-13 00:21:29,"Yeah, I’m wondering if OP was thinking of the Biles 2 (DV 1) which would make more sense for comparing to the full turn series with connection value.",0.09956694
,2019-12-12 22:43:46,"Assuming full credit: D + B + D + B, skill value: .4 + .2 + .4 + .2 = 1.2, CV: .1 + .1 + .1 = .3

Total: 1.5

But, only the top 8 skill values count toward the D score. Based on her other routine elements, the 2 B value turns don’t count.

Adjusted total: 1.1

The Biles 1 is a G, so it’s worth .7 on its own. So, yes, that turn combo of four skills has more value than a single Biles 1.",0.03441841
,2019-12-10 01:52:47,"Agreed, the whole thing is a bit weird sounding. I just can’t imagine a school letting a parent randomly walk into classes. I was thinking the girl had maybe asked mom for tampons (if she’s an athlete it might feel more mentally comfortable to not have a visible pad). Or dad is clueless and doesn’t know the difference.",0.05303985
,2019-12-10 01:35:22,"I put in a tampon alone for my first period. I just read the instructions and it went in fine. Granted, I was also a gymnast so pads weren’t exactly an option.",0.06999156
,2019-12-09 16:43:19,Are you avoiding sugar? Sugar would lower the freezing point so it stays soft. You can use something like dextrose (more freezing point depression than sucrose) if you want to minimize the amount.,0.34205592
,2019-12-09 16:15:21,"I wonder if they could take the spots away from the all-around world cup series? It wouldn’t be fair to countries who were planning to qualify that way, but it hasn’t started yet so no one would be losing a named spot.",0.062730454
,2019-12-08 22:44:54,[Underbelly Blog](https://under-belly.org/category/ice-cream/) there’s a whole section on emulsifiers and stablizers.,0.13319203
,2019-12-05 05:27:23,"Seconding Earth Balance as a butter substitute! I’m not dairy free, but I buy it anyways because it tastes better than butter imo and is easier to spread. I like the whipped version.",0.30489588
,2019-12-03 01:55:05,"I am admittedly terrible about remembering baking times. I usually put a timer for 10 min, check to see how it’s doing then check in 5 min increments after that until it’s nearly done. How long that takes is dependent on the thickness of your slices and how browned you like it. The broiler is a part of the oven, usually at the top that gets really hot and directly heats food. To use it you move your oven rack to the highest position then press the broiler button on the oven. Watch it carefully when you’re broiling because it can start to burn pretty fast.",0.22276542
,2019-12-03 00:40:00,"I cut it super thin, thinner than 1/4” slices. I then marinate it over night. Some good marinades are bbq sauce, soy sauce and liquid smoke, or orange sauce. I then either pan fry it with olive oil or bake it at 350 °F. When baking I stick it under the broiler for 2-3 min to crisp it.",0.31659716
,2019-12-02 23:11:59,"Hmm I guess I could see that. My dismount on beam was a right round off to left 2/1, however, and I never noticed a problem. Ideally I think you should land a round-off centered with backwards/vertical moment like you would for a basic BHS or back tuck.",0.1302991
,2019-12-02 22:32:35,"Out of curiosity, do you know why it’s considered wrong? I also did a right round off with a left twist for back tumbling. For some reason I twisted to the right for front tumbling.",0.17675772
,2019-12-02 17:09:48,"This is exactly why I won’t contribute financially to Avas Demon. I love her comic, but she doesn’t update reliably, even after vastly exceeding her goal on Kickstarter two separate times. I understand life happens, so I don’t fault her for that, but I’m not willing to pay for it either.",0.07485346
,2019-12-02 16:37:06,"Add some sugar to the peanut one to lower the freezing point. If you don’t want to use any sugar you can’t try a bit of erythritol.

You’ll probably need to just let it sit out for a bit before eating like most of the commercial low calorie ice creams.",0.35504258
,2019-12-02 00:59:17,"Is this the Daring Gourmet recipe? I use the same one and mine turns out red. Definitely a bright red, but it looks like the misir wot I’ve had in restaurants.",0.34423134
,2019-12-01 13:06:46,I’ve made Pb  J. It’s so good!,0.14780658
How long is it safe to age a base?,2019-11-27 23:38:10,"I cooked up an ice cream base for banana ice cream Monday night. I’m using Dana Crew’s method of infusing the bananas into the base. Unfortunately, I forgot to churn it yesterday and I’m out of town until Sunday afternoon. Will it still be safe to use then, assuming the bananas haven’t done weird things? It will have been 6 days since I made it. I started with ultra-pasteurized milk and cream if that makes a difference.",0.27438563
,2019-11-27 06:47:28,"I wouldn’t switch to that gym then, unless your daughter really wants to. Even if they did eventually let her into JO, it seems like it’s not the best environment if they threat her like she’s not good enough.",0.15881668
,2019-11-27 03:20:51,"Definitely not too late. I started gymnastics at 6 and didn’t do JO old level 4 (equivalent to today’s level 3) until I was 10. We kept moving so I did pre-team 3 years in a row. And I still made it to college level just fine.

For OP, did they say why she can’t do JO? Would they let her train with the JO team and not compete until next year?",0.078580946
,2019-11-20 18:36:57,There’s a [step out version](https://balancebeamsituation.com/back-handspring-stepout-from-side-tousek/),-0.02068099
,2019-11-20 06:09:04,Yeah it was a little uncomfortable. I’m glad I got to go a size up instead of a size down. Too small leotard would’ve been really awkward.,0.17578605
,2019-11-19 06:32:31,"You wash them after wearing, so no. The laundry service was provided by the school. When I was in club we would use the same leotard for every competition for two years whereas in college we had several different ones we would rotate, so honestly they probably got less use overall.",-0.0009053713
,2019-11-19 05:13:00,"I can’t speak for big programs; the college I went to was a D1 school, but lower tier for gymnastics. They didn’t get all new leos every year. All of ours were the standard GK sizes (XS-L). As a freshman you’d tell the coaches your size and if they had it in stock they’d give it to you, if not you got the next closest size. When you graduated (or otherwise left the team) you’d turn all your leos back in. I walked on to the team at the start of the school year, so some of the stuff fit, but others were a size too big.",0.06082064
,2019-11-18 23:33:46,"I don’t use eggs in any of my ice cream, just a personal preference. I’ve seen a lot of lemon ice cream recipes that use eggs, so it shouldn’t matter.

If you don’t use eggs you should consider using an emulsifier. I use lecithin powder.",0.2810127
,2019-11-18 02:03:21,"I’ve made lime before. You want to reduce the juice prior to adding it so you get more flavor for less liquid. Also, like the other commenter said, you want to add the juice right before churning.

For my lime ice cream I use 80 g of lime juice, cook it on the stove until it’s reduced to 20 g. I make my base (457 g, about a pint) as usual and refrigerate over night. In the morning I whisk the reduced lime juice into the base and churn. It turns out super limey.",0.24807104
,2019-11-14 18:26:39,Apple Fritter ice cream sounds amazing!,0.25008333
,2019-11-13 06:42:49,"Pear sorbet is a good fall recipe, provided you can find good very ripe pears.

400 g pear
40 g dextrose
60 g sucrose
1 g citric acid
1 g xanthan gum

Blend everything together. Let sit in fridge overnight then freeze in ice cream maker. If you work fast you can keep the pears from browning, but it’s nbd if it browns. It looks unappetizing as a browned liquid, but it’ll freeze to a golden color instead of white. Taste is the same either way.",0.2880845
,2019-11-13 03:28:57,"For the store bought green ones I think it’s maybe a mix. I’ve made peppermint ice cream with dark chocolate flecks at home. It was really good, but distinctly peppermint instead of the general mint flavor.",0.18364032
,2019-11-09 16:37:18,"Also the weight should be self-entered. It didn’t have any options under 100lbs. Out of curiosity, what is the purpose of collecting weight?",0.26310527
,2019-11-02 06:49:52,I’ll check it out!,0.05443514
,2019-11-02 02:08:15,"Yeah the only one I buy is Purina. I have a super picky senior cat who will only eat a specific flavor of their cat food. She won’t eat anything else, even real food like fish. They changed the formula a few years ago so it’s 1/2 old stuff and 1/2 new stuff (you can tell by the color) and she still eats around the newer kibble pieces.",0.24188474
,2019-11-02 00:45:13,She could do the thing that’s like a pak 1/2 from front giant. I forget what it’s called.,0.042261574
,2019-10-28 20:57:01,"I’m not a fan of recipes that are super high in butterfat. I develop my own recipes are about 11% butterfat for ice creams and about 4.5% butterfat for sherbets (ideal for fresh fruity flavors). I use cookbooks as flavor inspiration instead of full recipes.

The [underbelly blog](https://under-belly.org/how-to-build-an-ice-cream-recipe/) has a ton of good posts with info on how to build and balance an ice cream recipe. The other bonus of making your own recipes is that you can control sweetness and modify firmness to fit your freezer.",0.29866886
,2019-10-20 03:57:43,"Yeah, there is a biological component to eating disorders, but not in the way he’s saying. There’s evidence for genetic predisposition and brain changes in relation to eating disorders, but age isn’t the cause. Plenty of older women and men and even young kids (",0.44477463
