Title,Date,Text,Similarity
i am so in love,2021-11-21 09:04:18,thats it thats the post i am so fucking utterly and completely in love and i want to kiss him all over and spend the rest of my life with him he is so perfect and i am so lucky,-0.0028936304
,2021-11-21 08:32:52,me but im a guy lookin at skinny guys lmfao,0.09221253
"Anyone else just say ""fuck you"" to one particular limb",2021-11-16 09:11:26,"​

https://preview.redd.it/66z8iubd1xz71.png?width=1720=png=webp=04bc978082af1888a08adc25b40f00de4e6cbdd3",0.10126728
,2021-11-15 11:51:31,"im really sorry youre goin through this man, i hope youll be alright. if you can manage try to get some water, it sometimes helps after attacks",0.06266234
,2021-11-15 11:47:12,"is there anyone around you right now you could go to or call? if you cant do something like that right now try to practice some grounding techniques and just steady your breath. breath in and out and really try to focus on it, count from 1 to 5

if that doesnt help try your best to name five things you can see, four things you can touch, three things you can hear, two things you can smell and one thing you can taste",0.19641568
,2021-11-15 11:41:25,you good?,0.1986967
me after breaking my fast for some shitty bean dip at [x time] after i told myself this one was going to last longer,2021-11-15 04:52:02,,-0.057228804
Struggling with self harm,2021-11-13 03:44:19,"I recently moved and I'm happy about that, but the anniversary of a traumatic event has come up and I find myself feeling helpless and drained. It's very confusing and lonely and since I no longer live around any of my friends I feel so fucking scared. I think due to the stress I've relapsed into self harm again (cutting, starving, etc.) and I haven't told anyone, not even my boyfriend. I wish someone was here to tell me it'd be okay.",0.10932804
,2021-11-12 09:40:26,im totally down with that!!!,0.09388108
"First post here, Hi!",2021-11-11 05:12:48,"​

https://preview.redd.it/vvfztd396wy71.png?width=1510=png=webp=616ae4e07b61f0c1bedc331f896bcd5fa3643ba3",0.09658561
,2021-11-07 11:33:18,some of us really are just overachievers huh,0.11375593
,2021-11-03 10:00:07,"tomatoes, pickles with hummus, baby carrots, takis, granola bars",0.26357472
Mother of the year!,2021-11-02 07:55:08,,-0.057228804
It's back,2021-10-14 03:43:52,The guilt of eating is back. Lord praise the heavens the relapse isn't bad this time!,0.34490246
,2021-10-13 04:27:31,i actually have had this same issue lmfao,0.04089269
Scared of relapse,2021-10-13 04:00:12,"I'm having a REALLY hard time eating normally lately. Things were going good until my brother started his tirade of commenting on every person he see's body and my mother constantly pointing out calories and weight. I thought maybe I was finally ok with food and eating intuitively but I'm so scared I'm going to have a really bad relapse this year. Maybe even worse than the one last year I hindered a severe vitamin deficiency from. One that literally left me writhing in pain many times.

Idk I'm just so scared honestly. I want to have a healthy relationship with my body and food, but every time I eat or think about food all the harmful things my brothers and mother have done and said to me repeat in my head.

It's just a constant loop of ""fat people are disgusting"" ""theres no excuse"" ""youre not allowed to have that"" that appetite suppressant tricks, the diets, the calorie counting and everything they did at me at alarmingly young ages.

I know there is no good enough in their eyes, and it's an unattainable goal for people who probably don't even care for my health, but just want me to be skinny. But even so I find myself tracking my calories and fasting and exercising any time I eat again. It's just so stressful and scary.",0.384351
,2021-09-11 19:57:45,yea thats basically how it goes,-0.02689337
I feel like my only way out is killing myself,2021-08-27 04:48:37,"Every year of my life seems to be crueller than the last. I can't seem to ever catch a break and I'm still living with the guilt of not being able to help those around me who needed it most, especially my mother. But that situation is a whole other thing that deeply traumatized me.
Ive had such a hard few years I've completely failed school to the point this is my third year in 9th grade. I always said if I repeated a grade id kill myself, there was no purpose anymore after that. And now that this has happened twice I find no purpose to keep going on, maybe it seems dramatic or whiny but I don't know.
Its either this or i just relapse into self harm and my ED over and over with no help from no one. I feel empty and hollow and maybe there are some good parts, but it mostly just feels like I'm going to end up having a life not worth living. I'm so lost and scared.",0.13184834
DAE seem to relapse when a big change in their life happens??,2021-08-15 06:42:00,"For context in my situation I'm going back to school for the first time since March 2020 and I'm missing some credits, which really scares me. This is not only because of my relapse into my ED around that time, but a huge traumatic event I endured that sent me into a spiral of depression and etc.
I got better for a few months though, mostly wanting to for my boyfriend. He's struggled with his own ED before (he's recovered, thankfully) and I wanted to get better so he'd never have to be around that kind of thing before. But even so I'm good at hiding these things, he only found out that first time because I came clean to him.
But I feel like all that progress is shortly going to go out of the window because of school starting in ten days. My brain tells me I HAVE to look skinnier for my friends because after nearly two years I have no excuse to look like I do, even if it is unhealthy for me to think this way I cant stop it and it's really scary.

Have any of you ever felt like this? Or anything similar?",0.113294035
frustrated,2021-08-04 01:14:09,"My mother has gotten a habit of constantly talking about her weight loss. I try not to let it bother me but today she said she was ""shrinking in weight"" and I don't know why but for some reason it triggered me so fucking badly and I'm fighting off the urges to go throw up in the bathroom right now. I cannot fucking stand her. She knows about my relationship with food and my body yet constantly talks about her ""shitty eating habits"" and how she's dropping weight. And when I tell her to not she gets fucking defensive. I've literally said to her face I don't want to hear about it because I don't like myself and she said ""I don't believe that, you just want to be a bitch."" I fucking hate her. She acts like she isn't the one who gave me body image issues.",0.33942857
,2021-07-20 11:04:49,idk if this counts but i have certain periods of time where i dont care that im eating and then one tiny thing will trigger me and ill just unconciously relapse,0.39611313
,2021-07-16 10:19:35,FR THO,-0.0022998005
realizing how my family has affected me,2021-07-15 11:48:29,"About 10 minutes prior to writing this I was in my kitchen getting something to eat. Recently my eating habits have been better and I've been pretty proud of myself, but as I was microwaving shitty leftovers I looked at the calorie label on a seasoning. It said what you'd expect. Though for some odd reason though I found myself overcome with emotion and remember a certain time when I was little. My family had always like to poke fun at me for my weight and eating habits as a child, growing up female (I'm transgender to be clear, he/him) it felt they put these weird expectations on me to be ""healthier"" when really that just meant skinny to them. I ate a good diet, but their problem was I ""ate too much"" in their words at least.
 I have these memories of them locking the fridge and cabinets and tauntingly telling me I'm ""on a low diet"" but the memory that stuck out to me when I saw that label on the seasoning was when I was about maybe 7, my mother had bought my favourite crackers and of course I was eager to eat them. But almost immediately my brother made a comment about calorie labels. How because I was on this ""low diet"" I wasn't allowed to have more than the serving size (very small mind you) and in the moment of remembering that my eyes started to well up with tears and I felt almost ashamed and panicked to be eating normal sized meals again. It felt like I was that tiny kid again, mad at my family for telling me I couldn't have something I wanted? Or I guess rather needed.
Only this time the only person telling me no was myself",0.4419952
p much,2021-07-14 03:07:07,,-0.057228804
this is really badly put together im sorry,2021-07-06 02:30:46,,-0.057228804
,2021-06-23 12:02:07,holy fucking shit thank you for this,0.111050665
,2021-06-23 11:50:12,"BAHAHA my mom said this to me too

like girl chill i am ELEVEN",0.11565378
is it fucked up i laughed a lot while making this,2021-06-20 06:54:24,,-0.057228804
,2021-06-19 08:07:04,please note i would not tell the person i am doing that and i would never hold something like this above their head !!,0.0812881
i am mentally ill,2021-06-19 08:06:30,,-0.057228804
dumb little vent about side effects or whatever,2021-06-13 09:31:09,"I never realized how fucking painful this disorder could get, man.

I was at my friends house last night in the worst fucking pain I'd been in for a while and oh my god. I literally couldn't fucking sleep because of how unbearable it was. He wakes up fairly early and he caught me like noticeably in pain and asked me if I needed something, but I said no because 1. I'd already ate at his house and was afraid of surpassing my count for the day and 2. I'd just generally feel bad if I ruined the mood at his house. If that even makes sense??

Idk it just sucks. I might tell him what I'm going through soon, I'm sure he'd understand.",0.19641975
it really be like that huh,2021-06-10 10:35:48,,-0.057228804
back on my bullshit,2021-06-07 11:33:47,,-0.057228804
,2021-05-31 07:33:15,"As someone who's been struggling with his own ED for years I was so happy when she got help, it gave me hope for myself. Regardless though there's no way she's making it much longer.

We may say this every year, but I honestly just cant imagine her making it to Christmas.",0.12079375
i cant stand her man,2021-05-07 23:04:40,,-0.057228804
rant abt my mother,2021-04-23 01:03:28,"Recently we went to the doctor for the first time in years, and they took my blood. Mind you I had just ate 5 minutes prior to coming to this doctor, because I was in the car and being forced to.

They took my blood as any checkup would, and my results came back normal. The thing is my mother read my results COMPLETELY wrong, placing me on a diet and taking away all of my safe foods the day we got the results back. I had to open up to her about my ED out of fear and give her an explanation. She didn't listen though, and made it about herself per the usual.

Cut to a few weeks later I get retested and ask the doctor if I'm okay, and she replies yes. My blood levels were all normal and I was functioning just how any other person should. In short, I'm healthy.

So I eat one normal meal bc I figured after all that restricting it would be fine yknow. I deserved it I thought, I didn't even follow my mothers diet plan anyway bc of all the restricting I'd been doing. Thing is, she catches me eating this meal and fucking BLOWS UP knowing my test results are all normal (I'd told her they were, and even showed proof) and says ""You can't go back to eating how you were, you're going to get bigger, this is bad for you"" yadda yadda

And I'm just standing there!!! like !!!! you know all of my levels are normal?? and then she tries to argue ""your blood sugar is on the high side of normal"" ??? like ??? no  its not????? the doctor said everything about me is normal? and I'm just sitting here so fucking pissed off now like

She's put me on diets my entire childhood, and with me currently battling my ED her saying I need to stick to her ""diet plan"" even though I'm healthy and well pisses me off SO bad. It's like I wouldn't please her unless my body was emaciated and I was knocking on deaths door and I'm so sick of it.",0.26951995
help,2021-04-15 01:11:19,,-0.057228804
pain,2021-04-11 23:43:03,,-0.057228804
,2021-04-09 23:17:22,"i stupidly did this the day before i went to the doctor and now my mom thinks im dying

like no i just have an eating disorder 😕",0.25373343
small rant about ED ig,2021-04-09 12:14:15,"i feel so fucking stupid.

for everything. for my disorder. for making it to 16. it all hurts so bad. i wish my mother realized i need help. i wish my friends cared. i wish my boyfriend wasnt mad at me all the time. im so sick of it all. im so sick of passing out in the bathroom and being afraid of the calories in stupid shit like chapstick and toothpaste.

i just want to be normal again but im so scared to be normal again. i wish someone would just tell me its gonna be okay. im so tired of going through it alone",0.118487574
idk if this has been done yet or not lolz,2021-04-09 08:51:49,,-0.057228804
"DAE feel like they're ""boring"" w/o their disorder?",2021-04-08 10:12:37,"I'm in the midst of probably the worst relapse I have ever been through, and don't get me wrong it fucking SUCKS, like oh my god.

But some part of me says if I make any attempt to recover I'll suddenly become boring, something inside of me is telling me ""this disorder is the only thing you're living for, and you need to succeed at it."" (Even if it does happen to be actively killing me)

And ig essentially I'm scared if I get better there isn't gonna be anything filling that void anymore? There will be no big mysterious secret I hide from family and friends and boyfriend, I'll just be the self I was before my ED, and I don't know why that scares me so much?

Is anyone going through this or something similar too? And if you've made attempts at recovery did you feel like this as well?",0.18736811
hate these type of mfs,2021-04-06 11:03:11,,-0.057228804
sick of my mother!! (spoiler just incase),2021-04-03 14:17:21,"recently i came clean to my mother about what id been going through, somehow she took this as me overeating and it honestly just felt HORRIBLE.

ive dropped a considerable amount of weight just in these past few months and she doesnt seem to notice. when she talks to me she essentially says im fat? as if my ribs arent showing?

 idk!! i just feel so bad. sometimes she makes me not want to ever recover. she makes me feel like i need to suffer until i cant anymore and it sucks :( , i wish she would just be happy with my body and not care so much about what i look like",0.24007785
,2021-04-03 12:45:44,"ngl the only anorexia/ED movie ive liked is ""For the love of Nancy"", to me at least it seemed very accurate to what it can be like",0.16351877
"first post, hi!! :)",2021-04-02 07:10:48,,-0.057228804
,2021-04-01 03:08:24,ive been on both sides of this coin oh my god,0.15778236
How would I get my mother to realize my eating disorder?,2021-03-31 06:12:01,"For context I wanna say I was always kind of a chubby kid, my entire family have fast metabolisms but I unfortunately inherited my fathers slow one.

 As I was growing up they made several comments about me and my weight, how much I ate, etc. It became so bad in fact when I was around 6 - 10 they placed me on what they referred to as a ""low diet"" something they would always berate and make fun of me for, especially my two older brothers, in daunting voices. It clearly wasn't just normal sibling insults either, they were teenagers saying this to a literal child.

In this time period my mother did things such as lock the cabinets/fridge so I couldn't get food, count my calories, force me to go to the gym with her, and eat under 800 cals a day. Which obviously isn't enough for a child, especially since I was a tall, mostly active one as well. On this ""low diet"" they basically deprived me so much I sometimes had to beg my neighbours (them being literal drug addicts) to feed me. It was only when CPS was called (for an unrelated matter) did they take the locks off in the kitchen.

But that didn't stop their comments, moreso my mothers. Her constant belittlement of my body, how I needed to lose weight, how when she was my age she was skinnier and prettier and had boyfriends every week. How I couldn't wear certain clothes because they ""didn't fit my body type"". She told me she was only saying/doing these things bc she ""Just wanted what was best for me""

The thing is though despite my being chubby I was never considered obese, I knew how to feed myself. I exercised. All of that.

Of course you'd guess this would have really affected me, and it did. Middle school is when it all started, I remember the notebooks. How I felt, all of that.

I was better for a while, and it was nice. Of course the thoughts still lingered but I was powering through. Now I'm a Sophomore in Highschool and I've relapsed hard. Probably harder than I ever have before. (Due to a recent traumatic event)

Just recently though I sat down and had a talk with her about my health after a doctors appointment, explaining what I'd been going through, but she didn't seem to get it. Essentially she made it about herself, rambling on and on about something I honestly don't even remember. I was too dizzy to do so.

That brings me to now, and how she just told me I need to lose weight about half an hour ago. Unsolicited as well. She said again it was because she ""cares about me"". But the thing is I don't know how to properly tell her what I'm going through without her making it about herself or her looking up numbers.

Do any of you have some solid advice?

​

(PS I'm new to Reddit!! Apologies if I got the tags wrong)",0.3460106
