Title,Date,Text,Similarity
b' ',2022-10-16 12:58:33,agreed lol,-0.0038959896
b' ',2022-10-15 16:45:13,the latter,-0.02093887
b' ',2022-10-15 16:44:40,ill manifest a mermaid orgy for you my friend,0.051888335
b' ',2022-10-13 02:50:14,"If only i were not asexual. I dont know what is with this dream, it is the only sexual dream I have. and honestly im more focused on the fact that I can breath underwater lmao",0.09056543
b' ',2022-10-11 20:56:32,"Unless stated, All of these dreams are lucid. they occur about 3 - 20 times a month depending on the dream. feel free to ask questions.",0.07523647
b'My recurring dream iceberg',2022-10-11 20:55:49,,-0.057228804
b' ',2022-10-08 06:43:19,Yes. its literally just telling history. its important for people to know so it does not repeat again,0.07164587
b' ',2022-10-08 06:36:48,poly means you have multiple romantic relationships. Have you an answer for my question or are you just going to be silly?,0.098818585
b' ',2022-10-08 06:35:17,"""Im ace too. Dating isn't for everyone :)""",0.031646635
b'Why do people date only one person?',2022-10-08 01:42:41,"""I'm poly, and I see couples break up over mutual cheating on each other. When they find out, they are mad at each other even though they both did it? If they both want to have sex with other people, why don't they just do that? \n\nI don't get jealous that my friends hang out with other friends, I feel the same about romantic partners. \n\nI feel happy that my loves have more loves, its not like they love me any less. \n\nMono folks, what is different about these two relationships types that makes you want one exclusive romantic partner, but multiple friends?\n\nThanks!""",0.0432228
b' ',2022-10-03 17:55:00,Goodluck!,0.1439717
b' ',2022-10-03 17:54:49,"correct, that is a no.",0.045878448
b' ',2022-10-03 04:06:33,anything happen?,0.08730759
b' ',2022-10-03 04:03:21,"Your clone is just you. You could be a ""clone"" now and not know it, they will do whatever you would do.",0.09761267
b' ',2022-09-30 02:34:27,"More realistic ones can suspend my disbelief, there is only so far it can stretch lmao. and this is coming from someone who actually believes in fae",0.07880654
b' ',2022-09-30 02:27:02,"the zombies will be gone you mean, but society would be very changed.",0.11009953
b' ',2022-09-30 02:26:30,Lmao im sure its great for some but my belief can only be suspended so far.,0.107000485
b' ',2022-09-30 02:17:40,"""Lmao I don't think I could get past the unrealistic nature of it""",0.047575746
b' ',2022-09-30 01:46:15,"Nice, Love to find a fellow rennie in a comment section!",0.028414845
b' ',2022-09-30 00:56:32,"dont prepare for the future yes, but where did he say the other two?",0.07606959
b' ',2022-09-30 00:55:31,"""Have you ever fought in it? and what type of swords do you have, as in are they mma swords for actual battle or just the cheap ones you can get at ren faires? Also are you and your companions trained with a sword? honestly if you aren't trained in it you should just use something blunt as a sword would just get stuck in the flesh without proper training. Also Im not sure how much damage an arrow would do to a zombie, perhaps if you get it through an eye socket maybe, but that takes getting a very precise target.""",0.17801328
b' ',2022-09-29 22:45:17,literally his preachings were take care and be nice to everyone and give away all your money,0.1316246
b' ',2022-09-29 22:44:19,"""true. It just annoys me that people claim to follow a guys practices, and then don't.""",0.08457341
b' ',2022-09-29 21:55:31,"I grew up methodist christian, being told ""the bible has been passed down by so many people that we dont know what is original or not, but its good to be kind to everyone and thats what jesus said so yay jesus."" I am not atheist, more spiritual, but having read what jesus actually says (or what he is said to have said in the bible), hes not a bad dude, a hippie who loves all and promotes eat the rich and self sacrifice (and self harm to prevent sin). He seems a bit misled and flawed, like a human is. It frustrates me to see hardcore trumpies preach about how jesus would agree with him. I think that raising children to believe in something without question is always bad, and can lead to people ignoring their so called rule books. but outlawing it would definitely not work as it would fule fundies rage.",0.13912244
b' ',2022-09-29 21:38:17,"yes that seems quite loud to me, would that not draw zombies near? still obviously an efficient weapon if you are already in a big group of em, but I would be concerned about using them in said high populated areas, are zombies typically attracted to noise?",0.22229198
b' ',2022-09-29 21:33:21,"How silent is pretty quiet? Again I have no experience with guns. I could not even be around fire alarms, high school assemblies, sports games, concerts, and other things of the sort without getting a massive headache and ringing of my ears. When I google these things, they average around 90 - 110 decibels, and guns are 140 and over, how quiet can that be made?",0.15018997
b' ',2022-09-29 21:03:52,however much you feel like carrying.,0.19956535
b' ',2022-09-29 20:17:55,my mama is a very reasonable person. if she tells me to knock someone out she has a good reason.,0.06418492
b' ',2022-09-29 20:16:07,"Abandoned pool that someone released some fish into. they were thriving on algae until the hoa drained it, but they let a farmer moved the fish to his pond first.",0.04138407
b' ',2022-09-29 20:13:29,"oh yeah i 100% believe in them. when I garden they bring me things, like cool rocks and feathers. They are also mischievous and hide my things. If I ask them politely I will find the things, Exactly where I thought I left them and already checked. Ofc this could all be in my head, but whats the harm in thinking its not? lol",0.12872428
b' ',2022-09-29 20:10:28,"gnomes, sidhe, fae, little people, etc",0.05749734
b' ',2022-09-29 20:03:37,"""The problem is, its in human nature. There's a reason it came about in so many cultures. People want things to believe in. I don't think we would have gotten this far as a species if we hadn't had religion. Now it is not beneficial, but I dont think there is any way to stop it lol""",0.117050245
b' ',2022-09-29 19:56:19,"true true. although zips are not always as durable as they should be, coming from someone who has had to mend a fair amount of zips. I think multiple layers of clothing, making sure the top layer is a pull over or something without closures is the best.",0.055413604
b' ',2022-09-29 19:54:17,"you cant bite through normal clothes, but you can tear it with your teeth while trying, which would happen with zombie hordes. But mail is not too stealthy, so definitely multiple layers of cloth would be best. my everyday winter wear - shift, corset, multiple layers of skirt, multiple layers of shirt, cloak - would work, although I would probably wear multiple jeans instead of my skirts as they are ankle length and quite snatchable, and perhaps get coats instead of a cloak for the same reason.",0.12164511
b' ',2022-09-29 19:48:45,"""Yes, Just coming from a seamstress I would rather wear a little extra weight than have my gambeson's front layer constantly ripped. If i am dealing with a lot of zombies, also them pulling off the buckles. but if its just one or two gambeson would work fine. and Layers of normal clothes work too - I just already dress historically and have this stuff anyway lol""",0.077090174
b' ',2022-09-29 19:19:06,"yes, they have teeth. thus the chain mail. gambeson so the chain mail does not hurt you.",0.1502688
b' ',2022-09-29 19:05:45,"""sucks that i cant use this experience in an discussion about zombie apocalypses. Its not like i can tell people that I know exactly how difficult it is to lob someones head off""",0.068847865
b' ',2022-09-29 19:04:38,whats ur of?,0.1326297
b' ',2022-09-29 19:04:15,e as silly and have as much fun as I can.,0.13322839
b' ',2022-09-29 19:02:56,"""Distance is definitely good for those with good aim, me personally I have never shot a gun so probably I would have to get close to get a chance at hitting the head, plus silencers aren't quiet enough for other zombies to not hear. If you are fighting a lot of zombies at once tho definitely gun. perhaps the answer to this is have multiple weapons.""",0.16604222
b' ',2022-09-29 18:58:58,still i would much rather be sick with pretty rocks than sick without any rocks.,0.11937775
b' ',2022-09-29 18:56:04,"""I once accidentally stabbed a guy in the balls while fencing. I dont know why there isn't more than 3 layers of crotch protection there.""",0.044863384
b' ',2022-09-29 18:53:07,"""this is not at all applied to girls. it used to be strange when someone in the stall next to me would make casual conversation. I don't mind it now that im on anxiety medication but I definitely don't initiate the talking lmao""",0.11127891
b' ',2022-09-29 18:48:41,"""I had never heard about monster hunter before so i googled it and... how the hell did anyone accept that as plausible lmao those weapons are completely  unwieldable. As for the armor, looking at the massive beasts they are fighting its probably better to be agile than protected. plate wont do you any better (maybe worse?) than cloth if the thing you're fighting can drop you 20 feet.""",0.15328504
b' ',2022-09-29 18:37:30,"Not at all. Im poly and ace. If my partner wants to have sex with me im not apposed, but I dont think I would be able to keep up with their need. I would be fine if a partner had sex or a relationship with other people",-0.012439293
b' ',2022-09-29 18:35:51,my legs are tired,0.07712907
b' ',2022-09-29 18:34:15,stopped me from offing myself because of school anxiety. bought me the time i needed to convince my parents to get me help lmao,0.08964029
b' ',2022-09-29 17:14:27,"""absolutely fair, I know nothing about guns lmao. and to someone who's a good shot it with proper sound protection its a valid weapon. How quite can guns be made if you know?""",0.06424697
b' ',2022-09-29 17:09:32,"""Agreed. But anyone who owns a dogshit sword probably isnt trained in them and so a good one would be useless to them anyway. If you know how to use a sword, you're probably a medieval mma fighter who has a real one.""",0.04481574
b' ',2022-09-29 16:58:19,"I would still think that chain over gambeson would be the best, chain mail stopping the pulling on the buckles and gambeson stopping pressure exerted by the zombies. I think the best helmet would be a fencing helmet, as nothing is biting it and its not that difficult to see in. just make sure it is put on before the gambeson so it wont be pulled off.",0.11985697
b' ',2022-09-29 16:52:33,"Its padded fabric armor worn under plate and chainmail, or by itself.",0.0667292
b' ',2022-09-29 16:50:52,"yes, agreed, and I have. I assume most people wont have access to swords, Everyone I know who has one is in medieval mma.",0.044022515
b' ',2022-09-29 16:49:37,lmao realistically in my circle - rennies and medieval mma fighters - would not even wear their plate armor because they know how taxing it is. gambeson and plate mail I think is the best.,0.100391686
b' ',2022-09-29 16:45:47,"chain mail over gambeson, or if you havent that then multiple layers of clothing",0.06761284
b' ',2022-09-29 16:40:15,"true, but unless recently turned their gums would be quite decomposed and the teeth would dislocate before biting through tough fabrics",0.058761142
b' ',2022-09-29 16:08:15,meats meat,0.08202168
b' ',2022-09-29 16:03:58,"""oh yeah I completely forgot about maces. I agree that that would be the most effective, though for some people like me who are not as strong I don't think I could carry that around. It took me two years to be able to effectively swing about a 4 pound hand and a half sword without significant fatigue, I doubt I could wield a two handed (one handed wouldn't be very effective I dont think, but honestly idk much about maces) mace with all of 5-7 pound on the end. Its also again quite difficult to take the head off and I would need the sharp edge, which honestly isnt that taxing as I already have to upkeep these things.""",0.090866104
b' ',2022-09-29 13:12:08,You would be wearing the chainmail over the gambeson. What do you suggest be the best protection?,0.10021566
b' ',2022-09-29 13:08:14,"Now that I think of it, your best strategy would be removing the mobility of the zombies. so whacking until their legs are broken lmao",0.14663473
b' ',2022-09-29 13:06:42,"Yes, I said it is still difficult. But better than a gun. Also anyone who has a combat sword (not just the cheap ones you can get for 60-120$ at the ren faire) also is usually trained in it (Medieval MMA), unless we are talking the classic neckbeard katana types.",0.024303267
b' ',2022-09-29 12:48:42,and ping pong lol ?,0.010800981
b' ',2022-09-29 12:48:12,is being bad at driving something stereotyped as being asian? I have never heard that before.,0.25881317
b' ',2022-09-29 12:46:10,"True, perhaps some chain mail then. but in my experience plate takes like 20+ minutes to put on and thats with someone helping you, and then its extremely taxing to move around in, in my combat gym one minute of combat needs 90 seconds of rest between each (3 rounds in total). And these are people who train for 7+ months for these fights. When people get taken to the floor are commonly so exhausted they cant get up on their own.",0.09755954
b' ',2022-09-29 05:49:15,oom make ear deaf. deaf ear cant hear.,0.08844853
b' ',2022-09-29 05:45:19,tell me how it goes!,0.011694573
b' ',2022-09-29 05:21:46,"""Where generally do you live? Some tips I have to ward of spirits:\n\nwear an iron necklace, or hang something iron above your doorway. \n\nspecifically cast out anything that wishes to cause harm.\n\ndont flee spirits, ignore them. If they are showing themselves to you, they want you to see them and get a reaction out of you. \n\nTo me it sounds like she is scaring you to feed off of your negative energy. realise that she can't do any more harm to you than your paranoia can do to yourself.""",0.16510034
b' ',2022-09-29 05:11:54,"""I have sleep paralysis frequently. I am used to it now, I just keep my eyes shut and force myself to calm down. If they haven't hurt you by now, thats not what they want.""",0.21538495
b' ',2022-09-29 04:58:56,The Mechanisms?,0.08322635
"b'""Unseasoned Food""'",2022-09-29 04:56:05,"White american here. I think this stereotype is quite funny as I am the epitome of it. \n\n\nI dont like tomato sauce on my pasta. I just eat it with salt. Honestly sometimes I dont even put salt on it. \n\n\nI dont put sugar on my rice crispys or wheat flakes.\n\n\nMy favorite food is bread. Just bread.\n\n\nI eat veggie sushi. no soy sauce or anything else. just vegetables surrounded by rice\n\n\nI only drink water and milk, and occasionally some very mild lemonade.\n\n\nperhaps controversial in white spaces, i do not like Ketchup and Mayo.\n\n\nthe only things with flavor I like are fruits like strawberries, oranges, blueberries, lemons, cherries etc. \n\n\nI do like raisins but it is absolutely true that white people put them in too many things.",0.32874697
b' ',2022-09-29 04:42:17,"constant pain. My back has been with a stabbing pain since I was in middle school. I usually can ignore it but it is hard sometimes. When other parts of my body get hurt, even if it is worse pain it is a welcome distraction.",0.08765672
b' ',2022-09-29 04:39:21,"""Getting shot doesn't hurt. Its like your brain ignores the pain so you can get away from the danger. but after the shock goes away it is quite painful.""",0.06007176
b' ',2022-09-29 04:37:17,change humans brains so they are not so mean to eachother.,0.20370358
b' ',2022-09-29 04:36:19,As a rennie I strongly disagree. Bagpipes are hot as hell. But also yes kilts definitely are too.,0.069027275
b' ',2022-09-29 04:34:40,"someone who has platemail is probably a re-enactor or is into armored combat and would have a gambeson. Wear a gambeson. Or if you do fencing wear your fencing gear. Its made for sharp metal not to get through, human teeth wont.",0.008545987
b' ',2022-09-29 04:31:14,"also that guns are not the best way to do that. best bet is using an axe, bat, or sword to whack it off or cut it off. this is still difficult but better than just making a hole in it with a gun.",0.06872292
b' ',2022-09-29 04:28:22,"the collapse of civilisation is what will kill you. zombies will decompose. Guns are loud, will only ruin your hearing and draw more to you. Better off using a baseball bat to whack their heads off. Or a sword if you are trained to use one. If you need meds to live you are dead.",0.16991678
b' ',2022-09-29 04:24:37,water,0.0001899181
b' ',2022-09-29 04:20:30,"""You can't. But you can describe what emotions colors are commonly associated with.""",0.18054527
b' ',2022-09-29 03:40:36,as a white american who enjoys cold (occasionally salty) pasta yes it is true. My favorite food is bland bread.,0.38002938
b' ',2022-09-29 03:33:37,"""1. I am into history so I am compelled to learn just about anything that I can click my way into a rabbit hole of. So yes, and it is quite horrific but I have also learned that horrific stuff of that nature happens everywhere there are people throughout history, and its still happening today in some places. I know some white people feel guilty about what their ancestors did, I don't. We need to correct mistakes our ancestors did, but its not like we were the ones to do it. Also no matter who you are or where you come from, your people committed atrocities, thats what humans do. And thats not on your shoulders, just remember what happened and dont let it happen again. \n\nTv shows:\nGravity falls\nAdventure time\nSiren""",0.06256963
b' ',2022-09-29 01:34:19,"""I wash my face with a wash cloth twice a day\n\n\nprivates , armpits, feet, once a day with a wash cloth\n\n\nhair once a week \n\n\nrest of body every 3 days with a wash cloth unless I got really sweaty that day.\n\n\nI used to wash my skin more frequently but it made my skin irritated and dry even with lotion, and I am clean this way so I do it this way. \n \npeoples skin needs different things. if i'm just sitting about sewing all day my skin does not get dirty.\n\nPeople are judging here for their hygiene... \nperhaps we should think of our modern clothes washing practices \xf0\x9f\x98\x82. detergent doesn't get rid of bacteria, only dirt! we wash our undies with our outer wear!! modern people have poopy clothes. Historically we would boil the shit out of our linens, now people wear such small underwear we dont even cover most of our skin from our outerwear! but now we have more outerwear at a time and less durable, so people wash it too lmao.""",0.044208206
b' ',2022-09-28 05:15:43,"Its in the name, reality shifting. We believe we go to other realities with our consciousness.",0.04258287
b' ',2022-09-27 13:04:48,"""lol u shouldn't have gotten banned but just an fyi that joke is not funny.""",0.14108196
b' ',2022-09-27 12:47:21,"""girl shifting is a spiritual thing obv we're not gonna be able to prove it to you. Why are you in this sub if you don't believe in it.""",0.13733737
b' ',2022-09-27 12:35:35,friends,-0.015825428
"b""White Flour - A Children's Book about Clowns Hijacking a Klan Rally""",2022-09-24 17:16:56,,-0.057228804
b' ',2022-09-22 17:17:59,"Same, I love both! I would love to learn about your mermaid if you would like to share!",0.033241782
b' ',2022-09-22 16:18:44,much appreciated!,0.05991731
b' ',2022-09-22 06:28:27,Over the Garden Wall,0.0716168
b' ',2022-09-22 06:15:30,"""I have killed a lot of people in lucid dreams as self defense, and I don't notice any messing up of the brain. ofc the reason my brain keeps throwing people at me to kill might be an indicator that I was already messed up lmao""",0.19366698
b' ',2022-09-22 05:06:18,Im glad you enjoyed it!!,0.21827774
b' ',2022-09-22 05:05:10,yeah you should probably go to a cryptid subreddit for cryptid info. i know quite a bit tho if u want to message me :),0.11479987
b' ',2022-09-22 04:54:42,"""There are no skinwalkers in Europe so don't worry :)""",0.054209463
b' ',2022-09-22 04:53:45,"Different cryptids have different means to find them. A skinwalker is not a cryptid, regardless of how people treat them. A crawler is a creepypasta but people claim to have seen them, giving them a bit of a cryptid status.",0.029226348
b' ',2022-09-22 04:06:09,weird. I have a pintrest board linked in the intro that has examples too.,0.07165107
b' ',2022-09-22 01:39:39,thank you!,0.13484871
b' ',2022-09-22 01:39:25,thank you!,0.13484871
b' ',2022-09-21 21:53:55,"yeah, what comes up when googling ""mayfly"" is not a bug I would have called a mayfly. A crane fly is what I would have called a mayfly. I wonder why we call it something it is not?",0.09794405
b'Mermaid Design Poll',2022-09-21 21:51:29,,-0.057228804
b'Mermaid Design Poll',2022-09-21 21:50:59,Please consider filling out my 15 minute mermaid design survey. I made this for curiosities sake and will be posting the results at the beginning of December! \n\nMarked NSFW for bare mermaid chests in some of the photos.\n\n[https://docs.google.com/forms/d/e/1FAIpQLScukEhIsjwaESpaBxw9GWIUyjPHyLJjIpeyZHTmR5-s73_w3w/viewform](https://docs.google.com/forms/d/e/1FAIpQLScukEhIsjwaESpaBxw9GWIUyjPHyLJjIpeyZHTmR5-s73_w3w/viewform),0.06749153
b' ',2022-09-20 06:19:44,yup. if you go to krispy kreems and talk like a pirate on talk like a pirate day you get a free donut.,0.0757683
b' ',2022-09-20 05:03:21,"TN and I have heard them called that before but it was more common to say daddy long legs where I was. Did anyone refer to them as just ""daddies""",0.114057876
b' ',2022-09-20 05:00:41,"""I live in the south east of america, and we just call cellar spiders cellar spiders. Daddy long legs (or just daddies for short) are these spider like things (if you look closely they only have one body segment) they have a small round  body with two tiny eyes and eight lengthy legs. I don't know why they are called daddies or daddy long legs lol""",0.047287595
b' ',2022-09-20 04:56:00,"my family (southern) refer to harvest men as daddy long legs, but usually just say daddies for short. Cellar spiders are just cellar spiders, and Crane flys are Mayflys. I have also heard ""misquito eater"" before but I don\'t think that is accurate as I don\'t think they can even eat lol.",0.17857048
b' ',2022-09-16 19:37:01,I recommend musi for phones to stop ads,0.08223137
b' ',2022-09-15 22:00:16,Carbon Dioxide is life? what does this mean.,0.18357028
b' ',2022-09-15 21:58:05,"""Drow are physical and also don't exist here though?""",0.08553376
b' ',2022-09-12 10:05:21,what are you a fucking mechanism? lmao.,0.14365432
b' ',2022-09-12 02:37:07,"usually we dont greet eachother, we just say whatever we need to say. but Here are a few common occurrences with my siblings when we choose to partake in pleasantries:\n\nBrother: *looks in my direction*\n\nMe: wtf do u want\n\n---\n\nMe: Hello Brother Whom i love so dearly\n\nBrother: what do you want from me\n\n---\n\nMe: Hi\n\nSister: What\n\n---\n\nMe: What are you doing\n\nSister: *looks at me begrudgingly*\n\n---\n\nMe: Hello Brother.\n\nBrother: Hello Sister.\n\n---\n\nMe: *smacks sibling in the back of the head*\n\nSibling: *eldritch screeching noises*",0.07369258
b' ',2022-09-09 06:31:47,"My mother pronounces:\n""While"" as ""why""\n""Avocado"" as ""al-vuh-cod-o""\nwhere did the L come from?? \n\nboth my sister and my best friend pronounce\n""festival"" as ""festi-bull""",0.11015321
b' ',2022-09-09 06:02:48,"Those are the feelings of you disconnecting from your body. You should try not to focus on them, the more you practice shifting the less you will feel it. No method is the best. you must experiment to see what works the best for you.",0.24130693
b' ',2022-09-09 05:44:37,"I have gotten used to creepy dream things. most of my dreams are lucid now. I still get dreams where I am violently attacked and have to harm or kill someone in self defence, but because I am lucid its more unpleasant than scary. sometimes when I tell my dream folks that I am dreaming, they do creepy dream stuff. But I just laugh at them and tell them to keep up the impressive special effects.",0.08597178
b' ',2022-09-09 05:40:28,"reply with ""lol ok""",-0.0673434
b' ',2022-08-23 12:22:12,"""I have had a dream where I met god, or a god at least.\nShe was black with a fat figure and red hair (like orange ginger hair not actual red) and wore leaves all around her that formed a dress. She was very put together and regal but in a nature kinda way. This was at the height of my depression and I had asked for a sign of god. Maybe its just what my brain conjured up, but that is what I saw. she didn't say anything, just smiled at me.""",0.10020915
b' ',2022-08-23 12:11:11,"""huh, I will try this! Though my opinion now is that they are an extension of my subconscious used to work out specific issues - I think they act differently for everyone. \n\nWhat do you think your's motives are? if they are trying to scare us, maybe that is why mine stop trying after a while, because they know I am no longer scared of them? I have never had dream characters attack me after I acknowledge that they are dream characters\n\nlike someone could be attacking me in a dream, but they are still playing a part in the dream. never have they attacked me after I tell them I know its a dream.""",0.14651829
b' ',2022-08-23 12:04:46,this would be a good horror movie,0.09923868
b' ',2022-08-23 12:02:37,I have silly ones where I really need to piss but the toilet stalls are all torn open or have weird openings so there is no privacy. They are very busy and gross. I have always just assumed they are a manifestation of my hatred of public toilets lmao.,0.10103421
b' ',2022-08-23 11:57:21,"""I think they might act differently depending on how we view them. I kind of view them as scare actors; having worked at a haunted house attraction myself, I see them as an extension of my brain trying to scare me because that is what I expect them to do. Or maybe they are just saddened by the fact that their acting wasn't good enough to fool me \xf0\x9f\x98\x82\n\nWhy do you think they think you are a threat? what makes you a threat to them? :)""",0.18274601
b' ',2022-08-23 11:52:25,"Oh yeah it is totally horror movie shit. but I guess I am used to it? I also have frequent violent trauma dreams and sleep paralysis, and I am not so much scared anymore, mostly just annoyed.",0.13131571
b' ',2022-08-23 03:44:43,"I recently started telling my dream characters that I know I am dreaming, And at first they denied it. Then they started being creepy and turning their eyes white and talking robotic. after a few more times they did this i was like ""come on mate level with me here, you\'ve already done this try something new"" and then they laugh with me and were like ""Damn! gotta come up with some new material!"". Had a dream last night where my friend said something weird and i was like ""Ohhh im dreaming"" then she started doing creepy dream shit and I told her that instead of doing that, she should shapeshift into something cool. she shifted into a few movie characters but didn\'t do a good job and I criticised her acting skills. then I woke up. I think that dream characters are more mischievous than mean once you get to know them haha.",0.03305122
b' ',2022-08-16 13:54:31,im jealous,0.009587737
b' ',2022-08-16 13:45:11,like in school lunchroom when someone would pop a bag and everyone would look to see if we were about to be shot up \xf0\x9f\x98\x82,0.07080867
b' ',2022-08-07 02:25:53,1850s,0.013575054
b' ',2022-08-03 16:19:42,what if i only have one nut should i put it all on one nut or halve the recipe,0.27875388
b' ',2022-08-03 16:17:43,"""If you don't have motivation, take a break. for however long you need. shifting will be here when you are ready :)""",0.11428481
b' ',2022-08-03 16:16:37,"I tried for two years before I finally shifted, and had a lot of same thoughts you did. Just know that its ok to not get there immediately, your dr is not going anywhere",0.06851444
