Title,Date,Text,Similarity
b' ',2022-10-17 11:48:35,cramming tooo!! add me to any study gc so we can cram together \xf0\x9f\x98\x9d,0.072423756
b' ',2022-10-10 20:42:24,count me in please!,0.13442732
b'food goes back up',2022-09-28 17:33:56,"does anyone else experience this? ive been trying to stop purging, but whenever i eat, its like my system involuntary puts the food back up and i end up puking it out. i dont even have to force it\xe2\x80\xa6 if that makes sense",0.4994681
b'i\xe2\x80\x99m glad my mom died thoughts',2022-09-23 19:34:59,"not sure if anyone\xe2\x80\x99s read the book, but if you have, what are your thoughts on it? most especially on the ed bulimia portion\xe2\x80\xa6 i\xe2\x80\x99ve been having a hard time getting through it but im hoping sticking to the end could get me to stop",0.1617659
b'i hate myself too much',2022-06-20 18:56:49,i cant stop binge purging :( i need help so badly\xe2\x80\xa6 its getting so much worse,0.22591552
b' ',2022-06-19 13:14:56,aghh im terrified to tel my family :( happy for you!!,0.038146365
b'how did you tell a loved one?',2022-06-18 16:50:10,"hi! i\xe2\x80\x99ve been purging (not binging though) for around 5 months, and im really scared :( i want to stop myself and i dont think telling my family would help (since they sort of triggered me to get to that point) \n\nso i decided to take a step and tell one of my closest friends. however, im genuinely terrified\xe2\x80\xa6. could anyone tell me how their thought process went during doing this? how it was/went? \n\nthank you :( idk how to stop this becos my stomach gets so bad now if i eat anything",0.09086816
b' ',2022-06-17 18:03:46,thank you :(,0.14276043
b'period questions',2022-06-16 18:34:14,"hello! for girls who deal w purging, did you have any trouble w late periods? and what\xe2\x80\x99d you do about them? i accidentally let it slip today and i think my mother is taking me to the doctor and im scared she\xe2\x80\x99ll find out then\xe2\x80\xa6.",0.19729516
b' ',2022-06-16 17:47:45,thank you so much for this :( i hope you\xe2\x80\x99re doing better,0.05432892
b' ',2022-06-16 17:47:18,ive been thjnking about confiding in my friends first because my mom is kind of the reason why it started\xe2\x80\xa6.,0.09792337
b' ',2022-06-16 05:34:50,thank you!,0.13484871
b'i\xe2\x80\x99m so ashamed',2022-06-15 20:05:26,"sorry for the trigger warning, but i\xe2\x80\x99m at lowest low\xe2\x80\xa6. i ended up purging into trash bags and sneaking them out of my room out of fear of being caught. i had to result to trash bags because my toilet was starting to smell and i share it with my siblings\xe2\x80\xa6 \n\nhas anyone found that sharing your ed w a friend helps? idk what to do, i hate myself so much",0.06843696
b' ',2022-06-06 08:23:55,"hey! this was my first sat, but on practice tests on KA i\xe2\x80\x99d get around 1300-1400! feel free to message me for more info on how i studied, but i used the black book and kaplan (but dont rlly recommend the latter)",0.07368733
b' ',2022-05-26 05:37:23,"thank you! for math, i used kaplan at first to review concepts BUT don\xe2\x80\x99t recommend since their q\xe2\x80\x99s are harder than the actual sat imo\xe2\x80\xa6 the black book has a guide w every math formula u need to know! after that, it was just constant khan practice tests for me! lmk if you need anything else",0.005456591
