Title,Date,Text,Similarity
b' ',2022-10-18 07:05:27,"Function words are everything for this task, not the content words themselves as much.",0.12368696
b' ',2022-10-15 15:47:41,"""I know some companies use existing modules for this such as FlairNLP, if you want an existing framework you can test this, but i'm not familiar enough to tell to what extent it will help with your use-case/out of domain data.\n\n  \nMaybe look into past work on the CoNLL 2003 task, which was NER. The task still has seen a lot of work over the years and model performance is summarized on the graph linked below. It should give you an overview of the SOTA approaches.\n\n[https://paperswithcode.com/sota/named-entity-recognition-ner-on-conll-2003](https://paperswithcode.com/sota/named-entity-recognition-ner-on-conll-2003)""",0.04061973
b' ',2022-10-15 14:45:16,"""You are basically going to perform a Named Entity Recognition with your custom defined set of entities (quantity, and texture).\n\nThe first part comes with getting the entities, since you have a custom set, you're going to need to label some data to train a model, do you have access to such resources?\n\nIf I were you I would advice training a CRF model based on such labeled data, encoding it at setence level and adding some features to these sentence level encodings. For your particular case Part of Speech is extremely important since packages such as Spacy will already mark NUM which will help indicate when it is quantity. On the other hand, textures will should exclusively be proper nouns.\n\nI would also advise to use a pre-trained embedding model since your system will benefit of the additional vocabulary knowledge (especially with smaller training data sets)""",0.0195835
b' ',2022-10-15 11:59:12,Can you imagine changing the name of your child to inject a script into the government database? lol,0.18368164
b' ',2022-10-15 08:36:57,"USA en vrije wereld? Vgm mis je even dat de VS een oorlogsmacht is die een groot aantal landen uitbuit voor grondstoffen en continu met militaire macht dreigt en er ook tot in staat blijkt te zijn om dat te benuttigen,",0.010008245
b' ',2022-10-14 20:40:14,"You got to look for something called \'\'Societeiten"" often those are just venues up for rental.   \nStudent Association SSRA is right next to the melkweg and is a building with max cap of 400 peoples. They are able to rent out the location for a reasonable price on the weekends, just give em a call.\n\n[https://www.ssra.nl/societeit/verhuur/](https://www.ssra.nl/societeit/verhuur/)",-0.02323237
b' ',2022-10-14 18:40:44,Hij veegt zn tranen weg met bankbiljetten,-0.0069708657
b' ',2022-10-14 18:36:01,Hans Niemann?,0.1330302
b' ',2022-10-10 16:41:40,"""I'm not exactly sure what task you are trying to use this for, but I don't see how or why you would want to implement something like this into embeddings.\n\nSo lets say you are doing sentiment analysis, You can use existing taggers to identify 'very' as a modifier and heuristically modify its significance from there for proper nouns that use these adjectives or modifiers. Maybe identify similar words by clustering adjectives from the glove embeddings.""",0.0749572
b' ',2022-10-05 20:04:05,"Het behalen van die doelstellingen, zoals geopperd door de VN en WEF, zal leiden tot een communistische wereldorde. Vgm bedoelen ze het zo.",-0.00800795
b' ',2022-10-05 19:57:02,"Surveys don\'t reflect the marketplace. More and more online dating and the means through which competition manifests plays an important role that is not taken into account here. \n\nRule #1 of agenda setting theory: ""the agenda does not tell you what to think, but it tells you what to think about"".\n\nIf dating apps tell you that looks are important, than your selection process will become more oriented around this.",0.16662666
b' ',2022-09-30 17:55:21,"Wait, you guys are getting paid??",0.06667525
b' ',2022-09-28 19:51:38,"How do you do this similarity calculation now? I\'m not exactly sure what your current approach is. From what I am reading here you are just comparing vector similarity of the texts right? I think it might be a bit slow processing wise.\n\nIf I am understanding it correctly,\n\nThe user prompt is something like \'I want seconds"" and the prompt should return pages that contain something semantically similar?\n\nI would look into NLP tasks such as Semantic Role Labeling. This is often used for tasks such as question answering and text summarization. Matching predicate frames and argument roles with those of the target.",0.07355352
b' ',2022-09-24 11:05:44,"Yeah thats true, imo theres just a different distribution of day-to-day  costs for men and women, I eat approx 3x the amount on food in comparison to my gf to eat at maintenance. Granted, she spends more money on other things.\n\nYou also have to decide what outliers of these distributions are? I for example spend money on hair loss medication, I know there are also a lot of men that spend money on beard growth supplements etc, which are costs that women will not have. These costs could match, or outweigh the costs women make on beauty products? \n\nThe most fair approach imo is therefore to just split equally or build a relationship of trust around money, sometimes I will cover it, sometimes my gf will, thats just the most fair way of doing things imo. Though with food I do tend to cover considering its quite a lot lol.",0.30344975
b' ',2022-09-24 10:09:33,"""To prepare? You shouldn't have to?""",0.1844432
b' ',2022-09-17 20:49:42,"""Yeah its a pathing issue. Go to directory of where you are executing the py file and provide the path to the file you are trying to read from there, can honestly not help you there much further :l.\n\nAlso useFile.close() at the end, otherwise you don't properly close your file after opening. Or better, use a context manager\n\n    with open('file.txt') as File: # 'r' is default so can be omitted ;)\n        F = File.readlines()\n        print(F)\n\nThis way, after the indent, the file closes automatically""",0.007845599
b' ',2022-09-17 17:48:06,"""Shes not your ex though? She said she wasn't looking for something serious before right?""",0.13131425
b' ',2022-09-17 16:52:19,The restaurant? Foods hella good there though,0.3130138
b' ',2022-09-17 16:32:10,"haha i just helped my gf move out today.   \nYeah they ask for a lot of bs fees, you can literally open the door at change= west without a pass, undersell you 2sq/m on a room.   \nTheres the two BOOS episodes you can check out",0.004357429
b' ',2022-09-16 20:43:24,"Tbh im not someone doing omad, i was considering trying it recently though and just did a trial yesterday to see whether it was worth trying for me. in my circumstances i would need to eat ~3k calories maintenance which i would guess is a bit more than this? \n\nI mean how much you should eat entirely depends on your weight, dietary/fitness goals, metabolism and bweight. So i honestly dont know if you should eat more :/",0.47341034
b' ',2022-09-16 19:50:04,How many kcal is that? That gets you through the day?,0.31905365
b' ',2022-09-10 10:48:28,"""waste"", what makes you use that word? Yes sometimes you can use expert level advice to get to your goal quicker, but everyone has a different amount of time to get there. And with time, eventually you will learn more along the way.  \n\n\nThings like handstand and planche movements are combinations of technique and skill, if you train strength in the right places then technique and muscle memory is all that you need, and as long as you are training and eating you are progressing in at least one of these areas, so there is no \'\'waste\'\' imo.",0.16455235
b' ',2022-09-10 10:35:11,"""Still solid improvement imo. Don't really know what to tell you but hair isn't really a concern anymore.""",0.107218765
b' ',2022-09-10 10:33:03,"""Did for me. Only occurs in younger individuals due to role for DHT in brain development and yes it influences neurosteroids, where did you read it didn't?""",0.34026104
b' ',2022-09-03 15:26:00,"""There are quite a bit of attempts done with emotion detection. Imo the hardest part for a good system is defining a set of emotions that you can deem ''detectable'' in journal entries. This is very important because my guess is that inter-annotator agreement for these tasks is typically very low, so humans already find it hard to agree on what emotion a text is manifesting.   \n\n\nspacytextblob is maybe an interesting library to look at? It will return some polarity and subjectivity scores, and maybe you can add some emotion thresholds to this.\n\nText2emotion is another one.  \n\n\n Maybe look at some of these libraries and see if you can train with your own data (since you want to focus on journal entries). Otherwise training from scratch with a pre-trained embedding model for vocabulary migth be the more fun option, though a lot more work to get it going nicely.""",0.109489575
b' ',2022-09-03 13:12:32,postnatal abortion,0.06525804
b' ',2022-09-03 11:49:15,"""Use a clustering algorithm like K-means and maybe select the spans or the words you're looking for with some heuristics and dependency parsing?""",0.1052972
b' ',2022-08-27 15:33:06,"Hahah interesting observation, I also noticed in my bisexual friend who was dating a guy that he found the things attractive that hes insecure about in himself, and I think the other dude was the same way. Its interesting how those dynamics work.",0.091154024
b' ',2022-08-27 14:05:44,Ban is lifted in ADA sports as far as im aware.,0.06422541
b' ',2022-08-27 14:03:14,"15 % higher e levels so in males: 35ng/dl becomes 40ng/dl. But also 13-15% increase in T which takes over the role of DHT though as you mentioned is less potent, so less aromatase inhibitory. Still the question of what amount of that is actually free, I found some literature disagreeing on that, but if you have low SHBG my guess is that there is still an increase in circulating T levels. \n\nAlso if we look at real world examples, male pseudohermaphrodites typically appear prebubescent, but seem more muscular than avg imo, theres that one old famous image with the three boys. Do with that interpretation as you will.",0.17858464
b' ',2022-08-20 21:21:41,"or take it 3x a week. Thats what im doing, literature says its 85% effective and I have good results so far.",0.11300808
b' ',2022-08-15 17:37:15,Yeah i got mine replaced after contacting jbl in the end thankfully,-0.005456269
b' ',2022-08-06 10:10:17,Had some cognitive sides on 1mg a day and reduced to 1mg every 3 days which got rid of it,0.21729313
b' ',2022-08-06 10:09:45,"Not that i noticed it no, i think there were two periods in these 7 months where there was a bit more of a shed, one a little after a month i think, and the other one more recently",0.17660438
b' ',2022-08-06 01:42:55,"Right, i would say its almost nw2 now, but i dont want to be too optimistic",0.08254009
b' ',2022-08-06 01:29:16,I dont think i\xe2\x80\x99ve ever had the best hairline so i dont worry about it too much. There is some slight progress in that department but not as much as on the vertex area since the shit has had some time to die off before i noticed i had mpb \xf0\x9f\x98\x85,0.009567975
b' ',2022-08-06 01:22:49,I think it was about two weeks after starting fin that i noticed my hairs werent falling out as much.\n\nI think i had one or two shedding phases while on it but they werent very obvious or impactful.,0.12611887
b' ',2022-08-06 00:53:39,"Yeah i see what you mean with the brittle feel. Havent really thought of it actually, but it feels a lot thinner after use and makes my hair a lot lighter. theres like not much consistency in it after if you know what I mean. But as long as it contributes to less dht on scalp and acts as an antifungal/dandruff agent im fine with it.",0.12467152
b' ',2022-08-05 22:52:56,You\xe2\x80\x99d say theres no progress? I can definately tell its different,0.07364103
b' ',2022-08-05 13:43:57,"MPB is caused by excess DHT making it to the scalp which manifests as a thick kinda substance that clogs your hair sacks basically. Your blood supply then is not able to give these sacks the oxygen they need to grow, and your hairs will diffuse over time and fall out due to hypoxia.\n\nFinasteride tackles the problem by basically reducing total DHT by inhibiting the enzyme responsible for testosterone to DHT derivation in your body, therefore less thick hormone manifest gets in these sacks.\n\nMinoxidil tackles the problem of hypoxia specifically, basically forcing your body to work a bit harder to send more oxygen to the scalp.\n\nTo answer your question. Combination typically provides best results, however both can work on their own, just in different ways.",0.15649387
b' ',2022-08-05 12:46:45,"Hey guys, thought id share my progress here. Id like to say i was nw3v and luckily seeing the vertex go away :).  My regiment is fin 3x a week and ketaconazole 1x a week.",0.07535969
b'Finasteride progress - February to Aug (7mo)',2022-08-05 12:43:12,,-0.057228804
b' ',2022-07-23 07:55:11,"""I've met quite a few women that don't know this.""",0.12531498
b' ',2022-07-23 07:51:43,"That women enjoy sex, i thought the moaning was because it hurt for the longest time (till I was like 14-15?). I had no idea why they wanted to put up with it.",0.1734573
b' ',2022-07-22 18:32:17,"Its the "";"" no?",0.067114025
b' ',2022-07-16 15:45:33,"""I'm in the same boat. Just keep going as long as its fun for both of you and be open about your feelings and intentions to eachother.""",0.14018029
b' ',2022-07-15 13:23:06,Ronnie en Tonnie,-0.025510808
b' ',2022-07-10 15:22:47,"""Yes its relevant if you're having sex **in a state where such a law applies.** \n\nLets not argue with strawman fallacies here, stick to the content of my posts please and be civil. I am not treating you with any kind of disrespect either.""",0.10254245
b' ',2022-07-10 15:15:17,Not if they are doing so protected and live in a state where she can choose?,0.07029387
b' ',2022-07-10 14:55:57,"""Yeah but OP is pro abortion on individual level as well right? Like the way I interpreted it is as if your friend has a situation like this, then OP agrees with her right to choose, though potentially overruling these laws at national level sets a precedent, raises another issue of state individualism which OP might disagree with (like i don't exactly know the political landscape here but i'm sure OP has some reason for his political views right?). Like i'm sure there are manners in which they could talk about this and compromise in some form. \n\nClearly by all the dislikes I am getting people don't see eye to eye with me on this but imo it wouldn't be that big of a deal. \n\nI had many moments in a past relationship where I had vastly different political views than my SO and we saw past it, really cherishing other, more important aspects that we saw eye to eye on and enjoyed in the relationship.""",0.049328566
b' ',2022-07-10 14:43:37,""">ch, with economy and wealth that you think that\xe2\x80\x99s just\xe2\x80\xa6possible for all women? That\xe2\x80\x99s not even a mild issue that\xe2\x80\x99s a big issue, and if those women who cannot even pay to move out of state get pregnant, well then there\xe2\x80\x99s your real problem.\n\nlmao why are you guessing my political view on this front. I am pro-abortion myself (and not american) wtf. \n\nAs I said before, this is not neccesarily relevant for this relationship right? Like i literally said, 'unless they're planning to move somewhere' so my point still stands. \n\nTo elaborate and reason a bit with you here; you're absolutely correct, IF they were moving or living in a state where this is an issue, it would affect them. ELSE: not neccesarily relevant""",0.11594762
b' ',2022-07-10 14:35:36,"""\\^ this is a dating advice sub and nothing you just commented had anything to do with the actual question at hand here, namely whether this influences their compatability as a 'couple'. Do you guys expect to see eye to eye on everything politically with a so? I'm not going to politically engage in this  since I don't even disagree at that front.""",0.10949186
b' ',2022-07-10 14:30:27,"""Then don't move to that state? I mean look i'm pro abortion myself, but for relationship compatability its not the biggest deal unless you two are planning to move somewhere where this is an issue.""",0.08020604
b' ',2022-07-10 14:27:22,"""This is a dating advice sub, for dating.... Why is it always on reddit that the moment something political gets mentioned, everything else is irrelevant and out the window. Lets note that i''m not advocating for or against any political view here myself (im also not american). Lets zoom out for a second and go over where they agree and disagree. \n\nAGREE:  \nOP: **But on a actual abortion issue I said a woman should have the choice**\n\nHER: **She went off on me stating women have full body autonomy**\n\nDISAGREE:\n\nOP: **she didn\xe2\x80\x99t like that I think the states should decide individually.**\n\nThere.""",0.01014295
b' ',2022-07-10 14:09:44,"Isnt it irrelevant for this relationship though? Like lets be honest to ourselves and look at the essence here. They both agree that a woman should have the choice over their body, which is the only aspect that actually IS relevant in this relationship",0.076732546
b' ',2022-07-10 13:31:18,"""Bruh something so small (you basically have the same view) and she broke up with you? Shes either clinically insane or doesn't care (maybe using it as an excuse for sth else?). Dodge the bullet and move on""",0.05189074
b' ',2022-07-10 11:56:36,"maybe like this, wrote this on the fly with no testing so be wary of mistakes, but just an idea.\n\n    import spacy # You want some NLP modules for detecting what is a word\n    \n    def compare_vocab(userinp):\n        nlp = spacy.load(\'en_core_web_sm\') # Loading the vocab\n        wordlist = set() # Put all the words in here\n        doc_objects = nlp(userinp)\n        vocab = {d.text for d in doc_objects} # Set with vocabulary as strings\n        to_annotate = {d for d in doc_objects if d in wordlist} # This you might look at to further optimise for speed (maybe compare with vector reps instead)\n        return to_annotate\n    \n    if __name__ == \'__main__\':\n        \'\'\'\'So here you can try and call it with a live-run which you can perhaps better do in the frontend, otherwise maybe mess with some while loops?\'\'\'\n        userinp = input(""Type input here"")\n        compare_vocab(userinp)",0.018267956
b' ',2022-07-10 11:24:04,Yes secret society is the way to go,0.06055507
b' ',2022-07-10 08:45:29,"""    ~/Library/Group Containers/group.com.apple.notes/\n\n\\^Should be in this directory (according to old stackexchange [post](https://apple.stackexchange.com/questions/111633/where-do-my-notes-written-in-the-notes-application-on-my-mac-get-saved) related to el capitan) . Not sure what exactly you're trying to do with icloud implementation, but I guess its built-in auto updating should be enough.""",-0.029349033
b' ',2022-07-10 08:35:27,"Yeah you could do that.\n\n    def function1(file1, file2=False): \r\n    if not file2:\r\n        return file1\r\n    else:\r\n        return file1, file2",0.049904298
b' ',2022-07-10 08:30:22,"So the string ""a"" is truthy. You are basically checking whether ""a"" is True, and any non-empty string will be True, so it will always go in adding mode.  \n\n\nYour if statements should look more like  \n\n\n    if Addition_or_subtraction.lower().startswith(\'a\'):\n    elif Addition_or_subtraction.lower().startswith(\'s\')",0.036281373
b' ',2022-07-03 02:25:00,Should be 85% as effective in comparison to 1mg a day and will significantly reduce chance of sides. I had pretty severe brain fog on 1mg a day but do not have it with this lower dose.,0.17397976
b' ',2022-07-02 21:35:37,1mg 3x a week,0.036645308
b' ',2022-07-02 20:17:38,"""What happened to the discussion that has been going on in this subs top post of all time. Isn't eating 5 apples every day the secret cure?""",0.39966327
b' ',2022-07-02 18:56:59,"""Yeah, when I left my ex I also immediately shed quite a bit of fat. I think in general women and men eat differently and need to eat differently to attain a certain standard for body composition. Imo because women get away with eating a lot of shit food because they have better fat distribution than men; like it adding up to the buttocks or breasts, whereas in guys it  more typically adds to the face and stomach.  (Also unrelated: Another difference I think is variation? Might just be me but its not strange for me to eat the same dinner 5x a week, just because i like keeping things simple and because I can easily make a lot of it. for women I think because portions are typically smaller, they prefer more varied foods throughout the week.)\n\nYou gotta find someone thats supportive of your ambitions and doesn't hold you back while also compromising where you can. I mean you can basically eat a lot of 'healthy' junk and stay within calorie goals. Like 300kcal ice-cream exists and there is Greg Doucettes anabolic cookbook which makes for some good options.""",0.37126684
b' ',2022-07-02 17:51:35,"""Imo you're taking the wrong angle. He is confessing feeling to his ex, its not like they were going to end up dating again or it wouldn't be his ex. I think OP's goal with this post was to emotionally relieve himself, and help him direct a clear path forward, to which i'd argue, sound advice.""",0.052107625
b' ',2022-07-02 15:37:51,"""Only on fin since february, made up a lot of ground on my crown area. Completely filled up with hair now, and i'm so stoked to see whats to come :D""",0.061042838
b' ',2022-06-26 00:28:39,"""My last relationship lasted two and a half years and I haven't had any pictures of me and her on social media. Granted she posted some after about a year or so, but for me its just not something I do since i'm quite private about my affectionate side in general. Has nothing to do with loyalty or cheating or such and shouldn't be a red flag in my opinion.""",0.14947063
b' ',2022-06-25 11:43:54,"""Gotta disagree with #4, some people don't want to bombard social media with that shit. People will know and figure it out with time usually, as a relatively quiet individual myself, i don't feel the need to share it with everyone.""",0.089949526
b' ',2022-06-12 20:29:15,east,-0.027872073
b' ',2022-06-12 18:57:26,"Right, realised this just now",0.040283743
b' ',2022-06-12 18:47:26,There is a 710 now!,0.050051495
b' ',2022-06-12 18:45:21,Only thing comparable is soundboks 2,-0.017478779
b' ',2022-06-10 19:43:31,"Imo its always going to be a mixed bag. You can\xe2\x80\x99t have everything at once. Also you\xe2\x80\x99re not going to lose progress from push in a week, you need atleast two weeks of not training to start getting noticeable performance drops.\nIf you also have a push goal, just focus that week on doing things like greasing the groove with handstands for example and improving the neurological pathways for those exercises, you will still progress.",0.14821246
b' ',2022-06-10 10:30:59,"""Age is an important factor here. I mean at some point your warmups should just be longer, I'm not sure how old you are but I think around 30 people start to notice that they're more likely to face injuries. Additionally, everyone is different so try to acknowledge the injuries your body is more prone to and focus your warmup around that. For me if I don't do good rotator cuff warmup for example, I pretty much know I'm setting myself up for an injury. \n\nAlso judging by your history of lifting unconventional stuff, its possible your muscles are kind of formed around that. Many professional climbers and gymnasts for example have a lot of wrist problems that are chronic, and they need to acknowledge them and work around them in order to do what they do best.  \n\nI'd say focus on being consistent in the movement, maybe even switch to a very variation to address the problems and address them by completing the full rom at exactly the same speed. As in, you can probably identify where you're lacking by seeing what part of the exercise your body wants to do quicker since it is probably either due to muscle memory or an inconsistency in your fibers that you can work on to get a new baseline :). \n\nAgain, just a guess, and probably what I'd try from hearing your situation.""",0.14033394
b' ',2022-06-10 10:16:05,"""Maybe try this?\n\nStep loading: 3 weeks 5x5, deload for the week after with only light exercise and up the weight when you are ready to do the week after. Only up the weight in high increments. Don't do marginal increases in weight but rather try to master it before moving on to a weight that challenges you again (up it 5kg at a time for example). Is a Dominik sky routine.""",0.25846207
b' ',2022-06-10 10:11:46,"""This, boosted my muscle ups from 2 reps to 10+ in no time at all. By far the best way to go imo if your form is perfect and you're just missing the strength component of it.""",0.12118995
b' ',2022-06-10 10:10:30,"A lot of exercises here, focus on less and get better results. Honestly you just need one exercise for each direction of motion for push/pull",0.14074732
b' ',2022-06-10 10:04:07,"While working out you pretty much banked up a bunch of myonuclei. They are there forever and will not go away after training. You will lose some muscle yes, but when you recover you will regain them back really quickly, and probably end up stronger than you were at baseline :)",0.1573751
b' ',2022-05-28 20:39:55,The humerus is a bone so yes,0.17477971
b' ',2022-05-28 20:34:53,This month they have been setting up new API endpoints. It is possible some things got lost along the way. I think this would especially explain the unmatch showing back up.  \nOtherwise its possible that they just deleted their account? \n\nIts also possible that you matched someone whos a bit like me and deletes a bunch of apps on a whim without giving it much care or thought.,0.060442783
b' ',2022-05-28 18:30:13,You just called yourself her girlfriend?,0.15308931
b' ',2022-05-24 14:39:56,"    obj = [[3,5],[2,4]]\n    output = []\n    for lst in obj:\n        num = lst[0]\n        amount = lst[1]\n        for i in range(amount + 1):\n            output.append(num)\n    \n    print(output)\n\nThis is one way, though its computational inefficient, so find a better one :)",0.02707468
b' ',2022-05-23 20:36:09,"Quick note on input() if you werent aware, it will always be a string if a user inputs a value :)",0.08701716
b' ',2022-05-22 13:47:21,"The docs say this about math.log10(x)\n\nReturn the base-10 logarithm of x. This is usually more accurate than log(x, 10).\n\nI think your intuition is on the right track and it has to do with the rounding",0.10082642
b' ',2022-05-22 13:36:35,"""    countries = set('China', 'The Netherlands')\n    \n    {country: {'inhabitants': None, 'capital': None} for country in countries}\n\nI guess like this?""",-0.01853314
b' ',2022-05-21 13:02:44,"Couple ways, I usually do the following assuming the json object is assigned to a variable so lets say it has variable  myobject and is of type list\n\n    for dct in myobject:\n        print(""symbol:"", dct[""symbol""]) # Will get you the symbol value\n        print(""name:"", dct[""name""]) # The name value",-0.019551966
b' ',2022-05-15 15:26:36,Ok kind of important to leave out the fact that you did cycles. So T level can just drop to hypogonadal levels when quitting and it can come up slowly again. So the T increase could happen irrespective of finasteride use or not.,0.16505492
b' ',2022-05-15 15:18:19,"What is a ""max value"" even supposed to be... \n\nand you are taking fin to suppress it...  \nAlso you are getting twice the T level according to you which is already an overexaggeration imo and would be extremely unlikely. \n\nThis means either you have an extremely low T level to start with and overactivity of 5AR enzymes converting basically alll of the remaining T to DHT. Only possibility I can come up with is a defective or abnormal SRD5A2  gene. The increase after fin use according to most relevant literature is 0-10% and could even be placebo so nah I don\'t really buy it.",0.17266425
b' ',2022-05-15 15:03:20,They were not as far as I am aware,0.043058988
b' ',2022-05-15 14:19:05,Is spyder running the code through your conda environment? Otherwise try running it through a terminal and activating it first. If thats not the issue then do the pip install [scipy.io](https://scipy.io) as the other comment suggested.,0.121396706
b' ',2022-05-15 13:46:01,"""Yeah I can't really block her out of my life completely. If that were an option, I think I would have done that a while ago. I also don't wan to give her any kind of reaction implying that I care at all  because then she would win.""",0.12257002
b' ',2022-05-15 13:32:44,"""Tbh I don't really care about it. In my mind we are not together anymore and therefore idc who she has sex with. Its mainly the associated drama that i'm annoyed about. Additionally i've been under the impression that she has been blackmailing me to some of our mutual friends.\n\nI talked to someone about it who is fairly close to us who said she was not under the impression that my ex did it to get a reaction out of me which is why I was wondering what the people of reddit think.""",0.08557426
b' ',2022-05-15 13:27:16,Are you posting this for a homework assignment? Did you try running it yourself bit by bit first?,0.15534168
b' ',2022-05-15 13:26:17,any() and all() operators.,-0.01238003
b' ',2022-05-15 13:16:58,Right so we formulated the same problem and proposed the same solution i guess,-0.02390191
b' ',2022-05-15 13:09:50,Not true. You would be correct if you are checking for strings. But if you use the in condition on a list it needs to be an exact match for anything in this list.,0.11032342
b'Does my ex have something against me for breaking up with her?',2022-05-15 12:54:57,"""So I 25(M) broke up with my ex 24(F) 6 months ago. The day we ended it then we basically discussed to not do anything sexual with someone else in front of eachother, since we would still be seeing eachother regularly at events where we would both have a lot of our mutual friends present. Back then she mentioned she really did like me as a person still and just wanted to stay friends. I told her back then that I wanted some distance first. We had been living together for two years and I had just moved out to live with a friend of mine and his brother. \n\nSo since then she still texts me every once and a while how i'm doing and all of that, invited me over for dinner twice which was also kind of a convenience thing since I still had some stuff to pick up from her place, and everytime I met she was overly nice to me (more nice than she was when we were together). I've also gotten messages from her basically begging me to go to events where I didn't neccesarily feel like going. While all of this is going on I realised that she is having sex with my roommate which I thought was a bit strange as he wouldn't typically strike me as being her type. Also of all people to have sex with, she chose the guy that is living with her ex, that comes accross as a bit strange to me and I feel like it would have been a no go if I did the same thing. My roommate mentioned to me that it happened once, but I quickly learned that this is actually happening on a more ongoing basis and I can tell he feels guilty about it and is trying to hide it from me. \n\nMeanwhile I feel like i've moved on, started dating again and really don't want to deal with the drama behind me. I am wondering whether she is still not over me, or whether she is doing this to try and grab my attention or to get a reaction out of me?""",0.0016336795
b' ',2022-05-15 08:46:50,Exactly what I wouldve asked in this situation lol,0.033042017
b' ',2022-05-15 08:25:06,"""Are you adding commas inbetween\n\n''berserker'', ''mage'', ''gambler''\n\nbecause right now you don't seem to be.\n\nAlso the break statement, just breaks out of that loop, so at the end of each check for the while condition you will go to the next section of the game regardless. Is there a particular reason why you added this?\n\nAlso for this i would use the 'in' operator.   \n\n\nif role\\_choice in \\['mage', 'berserker', 'gambler'\\]""",0.013669195
b' ',2022-05-14 22:31:56,Aha i see,0.055247977
b' ',2022-05-14 22:11:45,I think the nicest way is probably a while loop. Just keep asking while the answer is not in \xe2\x80\x98n\xe2\x80\x99 or \xe2\x80\x98y\xe2\x80\x99,0.09145464
b' ',2022-05-14 22:03:42,Whats the error? It works on my interpreter \xf0\x9f\x98\xb3,0.11013958
b' ',2022-05-14 21:46:57,"""I mean you are looping over all of them no? \n\nlike first you check if bart\\_appeared, and then you loop over all the attendees, so if bart\\_appeared and multiple attendees are present, it will add to multiple sets. Is this what you mean?   \n\n\nAlso the 'attendees' contains multiple values as a list right, so its not strange that its adding to multiple sets.""",0.16498516
b' ',2022-05-14 21:33:17,"""Also there is another bug in the code where you don't exit the program and move on to the next if statement if they type in anything other than yes or no when asking if they want to play.""",0.02299827
b' ',2022-05-14 21:27:10,"I would do it like so. It doesn\'t give me any errors and fixes the problem.\n\n```\n\nif user\\_pick.lower() == computers\\_action:  \nprint(f""Both players selected {user\\_pick}. It\'s a tie!"")  \nelse:  \nif user\\_pick.lower() in \\[""rock"", ""paper"", ""scissors""\\]:  \nprint(  \nf""\\\\nYou chose {user\\_pick.lower()} whilst the computer chose {computers\\_action}!"")  \nif user\\_pick.lower() == ""rock"":  \nif computers\\_action == ""scissors"":  \nprint(""Congrats! You win"")  \nelse:  \nprint(""Unlucky, you lose!"")  \nelif user\\_pick.lower() == ""paper"":  \nif computers\\_action == ""rock"":  \nprint(""Congrats! You win!"")  \nelse:  \nprint(""Unlucky, you lose!"")  \nelif user\\_pick.lower() == ""scissors"":  \nif computers\\_action == ""paper"":  \nprint(""Congrats! You win!"")  \nelse:  \nprint(""Unlucky, you lose!"")\n\n```",-0.008968823
b' ',2022-05-14 21:10:41,Yeah i call bs now \xf0\x9f\x98\x82,-0.0089326035
b' ',2022-05-14 21:08:00,"""Put an 'else' before the elif user\\_pick.lower() == 'rock' and indent the other if statements accordingly. This way it will first check whether they're equal before checking all the other conditions :)""",0.050129965
b' ',2022-05-14 21:01:43,"""dating apps are destroying the dating scene imo. The apps will make fairly good looking guys loose their confidence till want to have sex with anything, and this causes a boost in female confidence to a point where they have standards that are above what they should be when they're looking for something serious. \n\nAdditionally, on dating apps make a date more repleaceable and thus more disposeable. Even though I do fairly ok on dating apps, I deleted everything a few weeks in because I realized it was affecting my mental health.""",0.05738303
b' ',2022-05-14 20:09:16,"""When you say 'i can't do anything serious but in the future maybe i could' you basically leave all doors open for him, imo its important to be clear about what you want. I'm guessing you said it like this because you are not sure what you want yet, maybe tell him you want to just date casually and see where it goes? As long as its fun for the both of you hes not going anywhere, and if he does go somewhere then it probably wasn't destined to be more long term to begin with.""",0.10346639
b' ',2022-05-14 18:29:06,"""Yeah this was my guess too. I didn't have my levels checked though. I think in our case the amount of DHT being blocked must be pretty substantial though, for most people I think it should be a 10% increase in free t. The reason why I thought it was a bit odd though is because I was under the impression that my E levels would also be higher. Did you do a test on your full hormone profile?""",0.33176887
b' ',2022-05-14 18:17:31,"""A lot of men don't admit this. But an important psychological concept that directors also manipulate when creating characters in films is to make the characters they want to come accross as attractive carry themselves more extrovertly and confidently. \n\nIrrespective of looks, these people will be more noticeable and thus people are more likely to fantasize about dating them (you're more likely to think about what you frequently hear). I've seen guys rate girls that have these qualities are more physically attractive than other girls, but when judging them purely on appearance with no context given it would yield the opposite response. Of course this is also codependent on whether the characteristics you're expressing align with the other individual's persona. \n\nI think men aren't as picky as you might think appearance wise, the way you carry yourself in life will matter a lot.""",0.12749276
b' ',2022-05-14 17:52:57,"""Stop living with your ex, get back on track doing things you enjoy. You aren't ready to date if you're not emotionally content with yourself first.""",0.13877122
b' ',2022-05-14 17:33:54,"""I had the same fat loss experience as you. Don't know why and why I rarely hear mentions of this.""",0.23155935
b' ',2022-05-14 17:06:16,"So the extra test you get takes over some of the functions of DHT, but its not as potent in doing this. So basically one function of DHT is to suppress the estrogen levels, so if your estrogen levels spike due to lifestyle or other factors for a prolonged period of time due to not enough test/dht to suppress it, you will get gyno.",0.25736767
b'Sklearn CRF system predicts one label too late.',2022-05-11 17:33:55,"""I am stumbled by the following output, when I used a CRF system in the past and it did not yield these kinds of results. This is what its doing  \n\n\n|Nord|O|\n|:-|:-|\n|12|O|\n|is|B-ADR|\n|an|I-ADR|\n|address|O|\n\nI initialised sklearn\\_crfsuite like so:\n\n    def train_crf_model(X_train, y_train):\n    \n        crf = sklearn_crfsuite.CRF(\n            algorithm='lbfgs',\n            c1=0.1,\n            c2=0.1,\n            max_iterations=10000,\n            all_possible_transitions=True\n        )\n        crf.fit(X_train, y_train)\n        # We save a loadable file, so we can reload it later\n        pickle.dump(crf, open('loadable_models/crf_model.pkl', 'wb'))\n    \n        return crf\n\nI am extracting features for the system like this.  \n\n\n    def token2features(sentence, i):\n    \n        # token = sentence[i][0]\n        # postag = sentence[i][1]\n        features = {\n            'bias': 1.0,\n            'token': sentence[i][0],\n            'postag': sentence[i][1],\n            'prev_postag': sentence[i-1][1] if i > 0 else '',\n            'next_postag': sentence[i+1][1] if i",0.021198124
