Title,Date,Text,Similarity
b' ',2022-09-11 12:01:28,Anti matter does not have negative mass nor negative energy. \n\nAnti-matter is a consequence of conserved quantum numbers and relativistic quantum vacuum energies. The idea is generally credited to insights by Dirac.,0.0505376
b' ',2022-08-11 18:37:33,"The expansion of space into itself was mathematically described in Einstein\xe2\x80\x99s Theory of General Relativity and experimentally shown by Hubble\xe2\x80\x99s discovery of Hubble\xe2\x80\x99s Law/expansion. \n\nYou are conflating ideas of inflaton theory, which discusses very early universe rapid expansion/pre Big Bang multi-bubble universes spawning from a hypothetical inflaton field. The inflaton field is complete conjecture and is unproven, not the expansion of space into itself.",0.017924812
b' ',2022-07-12 00:22:57,"I have only glanced through the paper so I may be missing parts. It means that the entire \xe2\x80\x9cpassage\xe2\x80\x9d processing portion of the model is trained separately on its own task. Once this is trained the passage model is frozen and the rest of the architecture is trained without changing the passage encoder (but still generating and using its outputs for each input). The opposite of freezing the passage encoder would be try to train both the passage and question models at the same time, this CAN create a more adaptable model but comes at the cost of \xe2\x80\x9cmuddying\xe2\x80\x9d the training process where both the passage and question portion are changing their representations to better fit one another rather than just the question model training itself to work well using a preexisting predictable function which creates decent passage representations",0.039300937
b' ',2022-07-11 22:37:46,Freezing means not updating the weights of that portion of the model during training/not training a portion of the model,0.09900325
b' ',2022-06-28 13:38:36,"Cartesian coordinates? (x,y,z relative to an arbitrary origin of your choice 0,0,0) or more similar to longitude,latitude radial/spherical coordinates (r,theta,phi with r being distance theta and phi being angular measurements similar to lat-long)",0.063770525
b' ',2022-06-04 19:17:41,"Any calorie intake is turned into fat if unused whether it be a carb, fat or protein. Yes it takes ~2g of sugar/carbs for 1g of bodyweight fat, otherwise you\xe2\x80\x99d be breaking conservation of energy by transforming 4 calories into 9. Mass is not conserved in partial chemical reactions, the calories in the sugar get condensed into fats while the excess mass is shed in the form of energetically neutral by-products and excess heat.",0.31596774
b' ',2022-04-25 13:20:09,"I\xe2\x80\x99ve always titled the graph as a log-log, linear-log or log-linear graph (depending on which axes you transform) and denoting the correct axes as having a log scale (i.e. [variable] (log10 scale))",0.123122856
b' ',2021-12-16 08:47:35,"You are correct, on their home page https://tilda.tcd.ie/ it says \xe2\x80\x9cThe Irish LongituDinal Study on Ageing (TILDA)\xe2\x80\x9d",0.13412312
b' ',2021-12-11 14:51:04,"He has multiple sets of used mediums (used during free practice) to use in the race, not just the ones he flat spotted",0.05160052
b' ',2021-11-26 17:30:09,It\xe2\x80\x99s an app called WOMBO Dream,-0.07466085
b' ',2021-11-19 10:00:04,"The determinant of a matrix is a common operation in linear algebra, Pearson product correlation coefficient is also know as the pearson r value. I would assume you must find the determinant of your matrix to find this value. The closer a determinant of a coefficient matrix is to 1, the less correlated the variables are (the determinant is equal to 1 only if all correlations are 0, corresponding to all diagonal entries of the matrix being equal to 1 aka only correlated with themselves). I would suggest you look into the mathematical definition of a determinant and the ways people have interpreted this particular determinant within statistics to get a better interpretation yourself",0.1268735
b' ',2021-10-23 02:36:55,"Anything floating on the surface of water being pushed around by waves faster than the wave itself would be considered negative wave drag, the interesting fact here is that the combination of ducklings lining up correctly and the mother moving is an energy efficient way to use waves generated by forward motion to help the baby ducks out.",0.090465195
b' ',2021-10-23 01:03:34,"No problem! One clarifying thing though, according to the source paper they are feeling a negative total drag, their mother is effectively dragging them along in her wake as long as they are in the correct positions in a line. The ducklings are actively thrusted forward by the total drag force, all they have to do is get to speed with their mother and then they would naturally find themselves at an equilibrium with their mothers+siblings motion(they would need to course correct to not fall out of the wake though). If they were rougher/less hydrophobic the viscous force could dominate but this is not the case.",0.073839314
b' ',2021-10-23 00:05:39,"There are two main components of drag for vessels on a liquid: wave drag and viscous drag; viscous drag is the drag one would think of in aerodynamics, the act of the trying to push through the viscosity of a fluid. Wave drag is the force felt by \xe2\x80\x9criding the waves\xe2\x80\x9d of the liquid, the force that allows surfers to surf along with a wave. Ducks minimize viscous drag by having hydrophobic feathers and ducklings can naturally be propelled towards their mother by \xe2\x80\x9criding\xe2\x80\x9d the wake of her motion on top of the water. In still water total drag would be in the opposite direction of motion but the mother is supplying a wake which allows the ducklings to get in a formation where each are \xe2\x80\x9criding\xe2\x80\x9d the wave and passing it back to their siblings to ride too, propelling them all forward, this would be an example of \xe2\x80\x9cnegative\xe2\x80\x9d total drag aka >100% drag reduction.",0.031706918
b' ',2021-10-22 23:21:45,"It actually is negative drag, the ducklings ride down the trough of the wave produced by the mother duck. From the abstract of the source paper:\n\xe2\x80\x9cWhen a duckling swims at the \xe2\x80\x98sweet point\xe2\x80\x99 behind its mother, a destructive wave interference phenomenon occurs and the wave drag of the duckling turns positive, pushing the duckling forward.\xe2\x80\x9d",0.06828158
b' ',2021-10-06 08:29:36,"I see what you mean and but leads me to asking: If the system is dominantly interacting with the frequencies of the wind which cause resonance, would this not be called resonance? For example if I had the classic driven harmonic oscillator but with multiple different frequency driving forces, one being near the resonant frequency, we would see the system dominantly interacting with the resonant force; the existence of the other driving forces would not suggest this is not an example of resonance, using your semantic argument I feel like we would need to call this another phenomenon completely even though the qualities and principles are near identical to resonance.",0.09696889
b' ',2021-10-05 22:57:48,"From the paper you linked: \n\n\xe2\x80\x9cCould this be called a resonant phenomenon? It would appear not to contradict the qualitative definition of resonance quoted earlier, if we now identify the source of the periodic impulses as self-induced, the wind supplying the power, and the motion supplying the power-tapping mechanism. If one wishes to argue, however, that it was a case of externally forced linear resonance, the mathematical distinction between Eqs. (1) and (3) is quite clear, self-excited systems differing strongly enough from ordinary linear resonant ones. The texts we have consulted have not gone this far in explanation.\xe2\x80\x9d\n\nThey agree that flutter wrt Tacoma is a qualitative resonance effect, all they are saying is that textbooks tend to give a more basic reasoning related to driven harmonic resonance rather than the true but more complicated explanation, which requires looking into the fluid dynamics of the entire system. This is a critique of over simplification not a misclassification of resonance?",0.08300705
b' ',2021-10-05 22:35:52,Yeah I saw this pop up in another thread too; I was very confused as the narrative in the comments seemed to suggest that flutter is not a resonance phenomenon for some reason.,0.063532814
b' ',2021-10-05 21:28:28,"Is aerostatic flutter not an example of resonance? As far as I understand, it is when the driving force due to a fluid flow resonates/couples with the natural frequency of an elastic solid object in said fluid.",0.13345358
b' ',2021-06-23 10:40:42,"All the Manolis Kellis episodes by far, something about his positivity and poetic view of the world has really given me a fresh joyful perspective of life. Always lifts my mood when I\xe2\x80\x99m down",0.010616578
b' ',2021-05-31 11:23:49,Fiber adds bulk/structure to your poop and also allows the stool to absorb adequate liquid. It isn\xe2\x80\x99t poop-optimal if you are well hydrated without the fiber to hold water within your stool.,0.1525044
b' ',2021-03-11 16:45:48,"When I say \xe2\x80\x9csnapshot in time\xe2\x80\x9d I mean there are actually an infinite number of steps in between the two semi-stable spinning states you are thinking about, each of these steps/states have the same angular momentum and energy. Now as to why we see near instant switching between two states: even though they look stable they are actually unstable points, it just takes a long time for the switch to build up. Since the nut is not spinning on a major/minor axis, little rotations not in the main rotation axis affects the main rotation: stealing some angular momentum and energy (this is allowed because we are not on a major/minor axis therefore there are states nearby with the same total angular momentum and energy), the more angular momentum that gets stolen the quicker the stealing happens, once half way through the switching  the balance shifts and the stealing becomes giving until there is no more angular momentum in the non main spinning axes. It\xe2\x80\x99s all a very dynamic process, the motion from the last step affecting the motion in the next step while spinning in multiple axes all coming together whilst conserving angular momentum.\n\nA slightly different but analogous example is imagine a simple pendulum attached to a point with a solid rod. If the pendulum is balanced upside down perfectly it will stay there forever without starting to swing. Now if a single spec of dust hits the pendulum imparting a tiny amount of force; the pendulum will seem to stay in place but actually is slightly unbalanced, overtime it will get pulled more and more downward, quicker and quicker until it begins to visibly swing. It will swing down and around and right back up to the seemingly stable upside down state; gravity slowly but exponentially amplified the instability created by the dust and switches the pendulum from one semi-stable state to the next. In the spinning nut example the two pendulum states are the two semi-stable spinning states and the gravity that caused the state switching is a complicated interplay between the possible spinning axes of the nut and conservation of angular momentum + energy. Not super ELI5 but hope this helps clears stuff up",0.052321896
b' ',2021-03-11 15:49:25,"It\xe2\x80\x99s because there is a smooth \xe2\x80\x9cline\xe2\x80\x9d of orientations with the same angular momentum and kinetic energy, so at every snapshot in time during the flip these two quantities are conserved. Also a small note while rpm and angular momentum are related they aren\xe2\x80\x99t the same, for example imagine two near identical spinning fly wheels that are made of different density materials say wood and steel: the steel wheel has more angular momentum than the wood because there is more mass spinning even though the angular speed is the same. This can intuitively be understood because we all know the steel wheel carries more \xe2\x80\x9coomph\xe2\x80\x9d and would be harder to slow than the wooden one; That\xe2\x80\x99s what angular momentum is, how much \xe2\x80\x9coomph\xe2\x80\x9d is caused by the spinning movement of an object. In general the properties that define angular momentum are the geometry of the object, how the mass is distributed within the object and how it is spinning.",0.05964274
b' ',2020-10-24 03:01:17,"Yes you can but then in order to simulate for the same total time you must compute for more time steps and thus more compute time. Say you are working with a step size of 0.001 seconds for a total of one second with rk4, in order to get similar error with Euler you would need to simulate with a step size of 0.000000000001 seconds, this is 1000 steps for rk4 compared to 100000000000 steps for Euler; assuming identical runtime per step Euler would take a billion times longer than rk4 for the same deviation",0.0370711
b' ',2020-10-24 01:52:51,"\xe2\x80\x9cNot generally symplectic\xe2\x80\x9d means doesn\xe2\x80\x99t usually tend to conserve energy, but since the accumulated error is O(dt^4) instead of O(dt) the error term for small time steps (dt) ends up being order of magnitudes smaller. This results in the apparent energy loss taking much longer to accrue using rk4 over Euler method; when working with smaller total steps and steps sizes the energy loss can be a negligible amount in rk4 compared to Euler",0.11750539
b' ',2020-07-23 00:18:06,"Quantum=divided into discrete sizes, not very tiny in comparison.",0.069899924
b' ',2020-07-01 11:33:51,"Would it not be possible to detect analogous/equivalent phenomena like the unruh effect? As far as I understand it hawking radiation is an effect due to event horizons and not just real black holes, but i have no idea what energy scales we are talking about when it comes to GR/event horizons as it is not my area of expertise.",0.16053292
b' ',2020-05-04 22:40:02,How do you lose a 100m sprint if you were winning/in the lead for the first 99m?,0.06634096
b' ',2020-04-12 22:15:02,"Information can\xe2\x80\x99t be transferred via entanglement *alone*. While semantic, entangled particles when measured do carry information about the state of their entangled partners and the information they hold can be transported to other locations in space but no faster than the speed of light keeping locality.",-0.021012636
b' ',2020-03-26 13:58:29,"> But I think that other, surrounding areas of the flag will have had similar amounts of force acting on them, so they all moved together. It was only the bottom-right corner of the flag that moved. \n\nWhile yes they will feel similar forces, they will not all feel forces in the same direction, the forces will be radial outwards from the astronaut, so the effective turning forces will not be evenly distributed. This difference in turning forces will cause the dragging I mentioned and also dissipate energy in the form compression of the material, ripples in the fabric and heat formation.\n\n> Do you know how I could do this for, say, the bottom-right corner of the flag? \n\nWell, the thing about moments of inertia is they are dependant on the total geometry of the object in question. You are on the right track by thinking of just one segment but what moments of inertia allow us to do is take into consideration all these minute pieces of fabric and how they interact with one another, the moment of inertia is defined by summing distribution of all infinitesimal pieces of mass so one can consider all of the object instead of just a corner. (Although intuitively I see where you are coming from, rotational dynamics can be unintuitive and your calculation/model is very very simplistic and runs the risk of being a very bad estimation of the total motion) Using the moment of inertia and the force ""profile"" on the flag one can determine how the flag shall move as a whole.\n\n> To be honest, I just want to be able to say that it\'s at least possible that static force moved the flag. \n\nOh, there most definitely was a contribution from the static force, the reality is our models are just that, models, all of the possible reasons for the motion described in your source contributed something to the motion of the flag, not just 1 singular thing. But the thing about physics and analyzing phenomena is that most of these contributions can be seen as negligible compared to one or two of the main driving forces in play, physicists often use their intuition and ""back of the envelope"" calculations to try to determine what could have realistically been the main cause (Although in this case maybe they did run many different scenarios computationally to determine the conditions required for each scenario). In your source they say ""not likely"", this doesn\'t mean that there was no static force or that the static force did not cause the motion but that the circumstances in which the static forces were the main contribution (having a 10kV potential difference between the hand and flag for example) is unlikely compared to other options.",0.031949606
b' ',2020-03-25 15:23:47,"A few things about your general calculations/concepts that I feel would need working on in order to make a full model that I got by skimming your post:\n\n>it\'s just necessary (I think) to divide this impulse by the mass of the small flag section to find the velocity in meters per second that the flag section would end up with.\n\nThis ignores the fact that the flag is one large solid object, while yes if it was just this small segment taking the entire force it would end with a velocity similar to what you calculated given your assumptions we must take into consideration that the flag segment\'s motion is being dampened and impeded by the fact that it is ""dragging"" the rest of the flag with it. In order to get a full model of the motion one would need to take into account the dynamics of the flag as a whole, this impulse would propagate and dissipate throughout the entire flag and not just the singular segment which gives much different final velocities/dynamic profile of what\'s going on.\n\nA better simplistic model one could try using is assuming the flag is a rigid cuboid which can only rotate about the flag pole axis. One can then say that the flag acts as a rigid rod with some spring/restoring force which tries to pull the flag back to its natural resting position (not sure how one would find such a constant simply other than through empirical testing or more advanced 3d simulations of the flag) and the electromagnetic force felt at every segment of the flag. While I do like your idea use of impulses, when it comes to more complicated dynamic systems like this one would probably have to use green\'s functions to calculate the motion after applying the impulses, it\'s probably easier to calculate the total energy that the electric force applies and convert it all to rotational energy in this model. By doing this one can calculate the rotational velocity of the flag for any given moment in time (the full dynamics of this simple flag system).\n\n>In the moon\'s gravity 249 grams would be 41.17 grams.\n\nMass is a body\'s tendency to resist motion, this is irrelevant of what planet you are on, the only thing that changes on different planets is the gravitational acceleration felt not the mass of the object so a flag which is 249 grams on earth is 249 grams on the moon and 249 grams on Jupiter etc. as the flag is still made of the same amount of ""stuff"" which is what gives it its mass, things in space don\'t lose their mass because there is no gravitational body around, they will still be ""resistant"" to other types of forces which is what mass is. If one was to use the primitive model I described above you would need to calculate the flags moment of inertia which is the rotational analogue to mass, an object\'s ""resistance"" to rotation/torques.\n\n​\n\nBut overall I find it unlikely that the static electricity is the cause and the other options outlined in the journal you linked are more likely just due to one fact: the energy that an electric field can exchange at such distances and at such a scale is minuscule compared to the energy it takes to make a 250g flag swing as shown in the video, at least that\'s what my intuition from working in physics for many years is telling me without doing the calculations explicitly.",0.031967703
b' ',2020-03-03 13:39:31,"""But it's still illegal""",0.016538018
b' ',2020-02-24 00:36:53,"Since deaf people don\'t hear words that are associated with hearing that can also have contextual means like how loud can both mean large sounds or just as ""sensory overloading"" they had to make sure that when they used these words to describe schizoid hallucinations they didn\'t mean the words in an auditory sense but in the ""contextual"" sense, this was to be sure that they do hallucinate with sign even if they are using words that we associate with hearing.",0.222853
b' ',2020-01-24 01:41:52,"Not 100% sure as I haven\'t read into OP\'s blog post to find out the exact mathematics being used behind this but I\'m assuming it\'s because the particle is contained by the gravitational potential. If the simulation is using newton\'s classical potential I think the wave function would evolve similarly to the harmonic oscillator along with some sort of reflection due to the ""bouncing"" causing the interference causing the waveform to deform when it bounces. In order for the wave form to disperse to the right it would be gaining energy which can happen according to heisenberg\'s uncertainty principle, which means that there should be dispersion to the right but I believe this dispersion follows some sort of exponential decay making it hard to notice.",0.01573238
b' ',2019-12-21 23:32:02,"I\xe2\x80\x99ve seen it many times during my research, don\xe2\x80\x99t have a source right now but the analogous effect is still called the Casimir force. The only reason it is \xe2\x80\x98analogous\xe2\x80\x99 is because the theory was made for quantum field theory but is applicable to any field which supports random fluctuations including bodies of water or bowls of milk.",0.031441487
b' ',2019-12-20 14:47:26,"Hey, well it depends on what you mean by valuable; for analytic skills the higher level mathematics courses like tensor calculus, variational calculus, group theory, dynamical systems and chaos theory are the most useful subjects as they give me the framework needed to do higher level physics. In terms of valuable as in actually learning about nature and natural science I\xe2\x80\x99d say quantum field theory, thermodynamics + statistical physics, advanced classical mechanics, and symmetries of physics have been my favorites (although it is a bitch doing them the satisfaction and knowledge I gained from them was well worth the grueling journey). With respect to my thesis all I really needed was relativistic quantum mechanics, chaos theory and imperative programming. For my career I can\xe2\x80\x99t say that any course in particular holds much value, maybe solid state physics, and nanotechnology as for my graduates degree I have pivoted towards industry as I am doing MSc Physics, Business and Policy so none of my high level theoretical physics courses really apply to such a masters. I hope this was what you were looking for with your question!",0.057968885
b' ',2019-12-20 04:39:23,"Well the Casimir effect is due to the fact that the \xe2\x80\x98vacuum energy\xe2\x80\x99 between two reflective surfaces is less than between them and infinity/far away. You can think about this via the fact that the harmonics/natural frequencies between two surfaces (the ships) is less than the the number of harmonics between them and open sea. as there are an infinite number of harmonics(all waves are non-destructive). These harmonic waves push the ships, as waves do, but because there are more waves outside the ships than between the ships the ships feel a pressure pushing them together. I hope this explanation works for you but if not don\xe2\x80\x99t be afraid to ask!",0.03990595
b' ',2019-12-20 00:36:43,"I did my thesis on the Casimir effect, which is a quantum mechanical effect which causes two reflective objects in a field be attracted to one another. During my research I discovered that there is an analogous effect where in any field which allows fields any object which reflects waves in the medium will also attract each other. This included things like ships near each other in the ocean and cereal floating in a bowl. This effect also amplifies what causes Cheerios to attract, at least to my knowledge!",0.12181625
b' ',2019-12-09 13:45:39,"This doesn\xe2\x80\x99t make much sense as radioactive decay is a quantum effect; alpha radiation is due to the quantum tunneling of helium atoms out of a nucleus, beta decay is due to the weak force (a force described in the standard model which is a quantum field theory) and gamma decay is due to the nucleus dropping from one discrete energy level to a lower discrete energy level (only possible due the quantization of atomic energy levels)",0.019724913
b' ',2019-12-09 13:39:53,"Bell\xe2\x80\x99s theorem proves that are no local hidden variables in quantum mechanics and that it is a purely probabilistic theory of physics but being probabilistic does not mean it is not predictable, we can still describe all possible solutions/outcomes of quantum states and attribute a probability to each one as it is the laws of physics itself which doesn\xe2\x80\x99t allow a concrete deterministic solution. While this may seem like it is problematic, it really isn\xe2\x80\x99t; quantum mechanics exists and works because it is probabilistic and no physicists with some grasp of QM would dispute the \xe2\x80\x9crandom\xe2\x80\x9d nature of it.",-0.019319098
b' ',2019-09-05 17:35:23,"""You are about 2.5kg overweight, which is about 7700 kcal of fat if you go on a deficit of 300 kcal per day you'd be at normal bmi in less than a month. It is surprisingly easy to get to a normal bmi when at a fringe weight by just counting calories; there are many apps that can help with this such as myfitnesspal or just simple pen and paper while reading nutrition labels and counting yourself!""",0.31157798
b' ',2019-09-03 13:18:46,"""You would give yourself a 6 hour period in the day where you can eat as you feel for example 4pm til 10pm and you don't eat at all outside those hours. In those six hours you don't force yourself to eat you just eat when you are feeling hungry, after just a few weeks of intermittent fasting your body feels very little hunger during the fast and one does not tend to over eat during the eating period.""",0.36707708
b' ',2019-09-03 11:53:02,18 hours of fasting and 6 hours of non fasting a day,0.27940378
b' ',2019-05-31 04:02:27,"""This statement doesn't really make much sense at all and is a bit misleading, first I assume you mean the higgs boson as the graviton is not even in the standard model as it is a purely relativistic quantum field theory not including gravity, also why would this theory of gravity interaction not include dark matter? Dark matter by nature interacts basically exclusively via gravity/mass. 3-d dimensional curves are slices of 4-d spaces as 2-d curves are slices of 3-d and 1-d to 2-d, calling them manipulations does not make much sense when the word for it is curve. While it can be nice to try visualize GR with such simple illustrations like the dots but the reality of it is is that there is no reason and space-time curves in the presence of mass in an area of space (or energy as a matter of fact) simply because Einstein's field equations say that the stress-energy tensor is proportional to the ricci tensor. To arrive at GR and have any semblance of the why or reasoning other than just accepting the maths that arise from the postulates of Einstein takes years and years of Physics; most people aren't even equipped with the mathematics to touch GR at a Masters level.""",0.12600496
b' ',2019-05-21 03:45:02,"Fluids include both liquids and gases, in physics a fluid is anything which ""flows"" when interacting with external forces which includes atmospheric gases and the friction/wind resistance they impart.",0.077564344
b' ',2019-05-13 13:40:08,u/userleansbot,-0.0002416214
b'Test',2019-05-13 13:39:42,Test,0.016588286
b' ',2019-04-06 14:48:22,"""It's a crime to not have health insurance as an international only if you work, if you are only studying no insurance is needed""",0.10073234
b' ',2019-04-06 00:57:29,"W and Z bosons are the mediators of the weak nuclear force and are integrated into the standard model of particle physics. At high enough energies of proton-proton collisions it is predicted in the SM that triplets of these bosons should be theoretically created, this report is just stating that they have fairly certainly detected such an event and so are just confirming predictions of the standard model. Overall not that exciting but an important experiment nonetheless",0.07249366
b' ',2019-03-08 00:34:24,"""It's [Onkruyd](https://www.instagram.com/onkruyd/), have met him in real life and even have a piece of work he gave me, seems like a \nchill dude who just likes to tag the city.""",-0.06185514
b' ',2019-01-07 16:38:04,Twas the old system yo,0.03214678
b' ',2018-08-18 06:06:07,"""Well according to EU law one of the main contributing factors to the size of fines given by the EU is [the importance of the rules breached and the impact of the infringement on general and particular interests](https://ec.europa.eu/info/law/law-making-process/applying-eu-law/infringement-procedure_en) and I would say breaking such a fundamental EU law is pretty huge, on top of that Ireland still owes the EU around [44 billion Euro](https://www.irishtimes.com/business/economy/ireland-still-owes-44-5bn-in-bailout-loans-after-paying-off-imf-early-1.3334972) for the 2008/2009 bailout which huge in comparison to Ireland's GNI* of ~190 billion Euro. So all in all this scenario probably will never happen and it is most definitely against Ireland's best interests""",0.03968542
b' ',2018-08-07 07:01:17,"""I'm not sure what you mean by require that mechanism? But if you are talking about the sharpness of the peak, the stronger the tidal force the more concentrated the tidal wave will be on the the axis between the the blackhole and the planet since the potential gradient is so big on the planet the tidal force will be very large which means the wave will be very sharp/noticeable.""",0.15370454
b' ',2018-08-07 05:07:16,"Tidal waves are based on the difference on gravity between the two sides of the planet not on the ends of the wave, if that was the case we wouldnt have tides on earth either.\n",0.08190473
b' ',2018-08-07 05:01:54,"Depends on the distance to the black hole tidal forces are based on the potential gradient across the diameter of the mass, not on the diameter of the mass, since there was such strong time dilation I assume they were close enough for the gradient across the planet to be very high.",0.1862702
b' ',2018-08-03 06:19:28,But the point is that while smoking with other forms holds somewhat the same mouth cancer chances plus the lung issues associated. Not saying smoking is healthy but just that it is healthier in some ways than others\n,0.17371953
b' ',2018-07-26 22:38:31,"Well they actually did put in a pair of wings that you can use to fly in minecraft quite a while ago called elytra in the end game,, they can be used for infinite flight by using fireworks as fuel",0.028102674
b' ',2018-07-22 01:19:42,"""With dota 2 players there are alot of high level players who are young, e.g. suma1l, but the thing with dota is that it is almost ten years old now with concurrent updates also for the last ten years, so even though younger players can learn current skills that are necessary to play dota they lack the 10 year experience of the older players to adapt to multiple per year patches with large meta shifts, compared to cs where mechanics which have changed very gradually over the last ten years and continues to allows younger pros the 1 to 2 year period to learn these mechanics off by yheart and ease them into new updates keeping them upto date/better than the older pros due to their faster learning skills. Also dota is a much less reflex based game and more of a tactic based game, somewhere inbetween starcraft/warcraft 3 and cs/other fps'.""",-0.00035617687
b' ',2018-07-22 01:12:09,"""Not to neglect your argument but maybe it's because quake is not a very 'in'/hip esport to watch so all the players are the 'washed up' past pros who are now in their 30s because they were the young pros in their primes, csgo is much more proactive with much younger players. I'm only saying this because it is scientific fact that people between the ages of 16 and 25 have the best reflexes of their lives, it only declines from there on.""",0.037004307
b' ',2018-07-04 22:09:09,I uhhhhhh.... ,0.10682207
b' ',2018-05-07 18:21:40,10x0.9=9x1?? Seems aight to me,0.09353417
b' ',2018-03-12 18:31:56,"""If it's winter when the sun sets early and rises late there is not much difference between the look outside at 6pm or am""",0.11872928
b' ',2018-03-02 14:54:18,"""Most RuG courses are set-up like this and most students get away with having a fun fulfilling uni life. I really wouldn't worry about it, although it may seem like alot it is pretty easy to find a balance between fun and study, student life in Gron is most definitely alive and well for good reason.""",0.07979344
b' ',2018-01-20 20:26:40,The people of this subreddit seem to disagree ,0.12939148
b' ',2018-01-15 14:45:23,"""I've been getting refused my 1 and 2 cent coins here in the Netherlands for a while now, cashiers are told not to take them, at least where I live. """,0.023404093
b' ',2018-01-04 19:22:28,"""0.011% is not a 11/1000 chance, it's 1/100 * 11/1000 which is a 11/100000 chance\n\n""",-0.0033054706
b' ',2017-12-22 14:01:00,"""Yeah, amazon is always happy to help customers, I've had multiple items returned out of warranty when they've broken just by asking nicely""",0.018160516
b' ',2017-12-22 05:13:36,"Depends when you bought it and what vendor you got it, I bought mine before the lawsuit from amazon and just had to message the amazon support chat, got my rebate in about 5 minutes ",-0.009893112
b' ',2017-09-01 18:27:19,Yo-vig,0.0062750876
b' ',2017-08-07 01:10:47,"""That's only on the android app because snapchat uses an older camera api which doesnt give full control of the camera, Google has since released the camera2 API which allows proper recording/photos which snapchat refuses to implement. I'm pretty sure on iOS it is a proper recording and not just a screen cap""",-0.025419526
b' ',2017-07-31 03:55:36,"""Nitrous Oxide, laughing gas usually taken with a balloon, gives you a short but strong buzz. It's the same stuff they use to knock you out at the dentists and used to whip cream.""",0.14462444
b' ',2017-07-27 01:58:59,"""I think you've confused which axes is which""",0.26946533
b' ',2017-07-16 01:14:28,"""It really isn't something strange in Britain/Ireland, I've been drinking between 6 and 10 cups of tea a day for the past few years""",0.19138533
b' ',2017-07-15 12:38:00,"""[Instant noodles in a plastic pot, just add boiling water and boom you've got yourself a small meal/snack](https://upload.wikimedia.org/wikipedia/commons/thumb/4/45/Chicken_%26_Mushroom_Pot_Noodle.jpg/1200px-Chicken_%26_Mushroom_Pot_Noodle.jpg)""",0.22108075
b' ',2017-05-05 14:08:34,Rick and Morty,-0.044705544
b' ',2017-02-27 04:17:27,if that 3k is a weird place like people can pull off some weird shit and win or you play against smurfs that either throw the game or win the game.,0.047440607
b' ',2017-01-25 15:10:40,"""In DD1 on pc after wave 9 or higher of an insane survival map you get a chance to get 'super loot' which is loot with much higher stats then that map would usually give. The further into survival you go the better the super loot you will get and the more super loot you'll get""",0.088357635
b' ',2017-01-18 13:06:33,"In dd1, yes!",0.10520406
b' ',2016-12-12 13:08:45,"""Before when you get a killing spree, double kill etc. your hero's minimap icon would show up by the text, now it is your hero's icon which is used at the top of the screen not the minimap icon""",0.008342489
b' ',2016-09-05 19:43:57,""">takin a shit and tellin ppl is tmi what im talking about is a natural thing\n\nIs shitting not a natural thing? Damn I've been living life wrong this whole time :/""",0.050440475
b' ',2016-08-04 03:09:00,"Nice one, really doing the community a solid with the giveaways bud, love to see new people come in wondering about the game",0.076381125
b' ',2016-08-02 03:43:13,"TP costs 75 mana not 50, other than that spot on",0.007755611
b' ',2016-07-30 15:44:52,Sorta ruins the whole point of the accept/decline mechanic to sift out afkers.\n\n^^^^^LUL,-0.13799658
b' ',2016-07-28 02:55:59,TI Rigged by Valve confirmed,0.03127215
b' ',2016-07-17 05:21:36,"""If you have a Hulu subscription you can watch it [here](http://www.hulu.com/112263), otherwise I'm honestly not too sure""",0.13644537
b' ',2016-07-17 04:33:16,"""Yeah, the tl;dr of it is some guy finds a time portal which brings you to a date in the past a few years before jfk was assassinated and tells his friend (played by James Franco) about how he tried to stop the assassination and failed and asks Franco to try finish what he started. Pretty strange setting but makes for some interesting scenarios. It's only one season long and generally a decent show""",-0.02761579
b' ',2016-07-17 03:50:12,"""For anyone wondering this gif is from 112263, pretty good show if you're looking for one to watch.\n""",0.05669927
b' ',2016-07-10 16:47:22,http://www.dotabuff.com/players/96563457,-0.023424488
b' ',2016-07-09 21:55:42,"""No, if you deal 100 physical damage before reductions (armor) you will receive 100 physical damage before reductions. Deso increases damage after reductions by decreasing armor, you are still receiving and dealing 100 physical damage they are just taking more damage because they have less armor.\n tl;dr they take more damage you take the same damage as you would've without deso (ignoring bonus damage from deso)""",0.06001225
b' ',2016-07-03 03:55:45,"""How do you know, results aren't out 'til August sucka :P""",0.1190664
b' ',2016-07-03 03:21:58,non-dutch speaker in NL club represent,-0.021531997
b' ',2016-07-02 13:22:31,"""Yeah, Ancient is meant to be used for promotional items only while Immortal just means that it is unobtainable from the game after release/ it's exclusive, at least that's how I've interpreted it""",0.089701265
b' ',2016-07-02 12:45:52,"""I'm not sure where you got it being Ancient quality from but I'm pretty sure it is [Immortal Quality](https://imgur.com/dN6hzRN) and not Ancient""",0.08719674
b' ',2016-06-26 20:29:58,12\n,-0.042782705
b' ',2016-06-26 15:24:47,Slick af,0.0020138472
b' ',2016-06-25 00:16:56,Rekt,-0.02130321
b' ',2016-06-14 16:47:21,> Movement speed slows are always percentage based. The percentage of multiple slow instances fully stack\n\n[Slows do stack fully until you hit 100 ms] (http://dota2.gamepedia.com/Slow),0.09706062
b' ',2016-06-14 15:52:55,"""Hey That's Pretty Good!""",0.116044074
b' ',2016-06-12 15:17:11,Phantom Assassin? She can evade 60 attacks with her passive easily then you just have to use phantom strike when you see a spell coming at you. The only problem I see with this challenge that would be difficult unless you were against enemies with choreographed projectile spells like Sven or CK ,0.038735643
b' ',2016-06-05 00:23:15,"Just realized who you were, used to watch your vids when I played LoL, you make some sound content ",0.21081427
b' ',2016-06-05 00:03:18,"""Haha, same thing happened here, didn't stop the knackers from robbing the Tescos trolleys tho just forced people to donate to charity societies for them coin size metal things""",0.08605139
b' ',2016-06-04 18:42:17,"""I'm from Ireland, I'm pretty sure it is called a Trolley in the UK too. What you linked was a picture of what I'd call a Tram not a Trolley""",0.09110705
b' ',2016-06-04 18:30:53,[Trolley](http://www.global-b2b-network.com/direct/dbimage/50292200/Shopping_Trolley.jpg),-0.0035238508
b' ',2016-05-30 13:45:47,I have been enlightened\n>New Meta,0.073269136
b' ',2016-05-30 13:42:35,But how else am I supposed to steal my carries stacks fast enough for them to not notice? ^^/s,0.09602875
b' ',2016-05-30 13:39:59,"""Wait you're telling me you don't steal your carries stacks with your ulti? No wonder I have been getting yelled at in indistinguishable Russian swears ._.""",0.11069998
b' ',2016-05-21 15:02:25,"These keys are usually bought at a lower price in poorer countries like Russia or China, where the keys are sold at a subsidized price because of the lower disposable income. These keys are then sold at low profit margin to richer western countries for a lower price than retail.",0.026357556
b' ',2016-05-19 19:48:27,"We know that the universe is expanding, and the rate at which it is expanding is increasing, we do not know for sure but the prevailing theory is of dark energy. We know that it is accelerating because the second derivative of the cosmic scale factor is positive. This dark energy has negative pressure and causes all matter to be pushed apart. We still are not 100% sure of how it works. As for your analogy with the ball, the ball is going fastest when thrown upwards, once the ball is out of your hand the only forces acting on the ball are downwards. When the ball hits its max height it is at its slowest, 0 m/s, then begins to accelerate downwards due to gravity until it reaches back to where you threw it.",0.12979595
b'When your hook game is weak but griefing is on point',2016-05-14 21:59:07,,-0.057228804
b' ',2016-04-02 06:05:04,"""I don't know whether to trust this guide or not, this seems like your usual wacky guide that somehow works, but its April 1st. Why must you do this to me :",0.2332708
