Title,Date,Text,Similarity
b' ',2022-10-11 07:02:05,"I think in my personal experience, anxiety caused A LOT of chest and heart \xe2\x80\x9crelated\xe2\x80\x9d pains. I had horrible chest pain, cough, shortness of breath, palpitations, and meds have really helped.  I also work in the health industry and research and know that using vapes can cause fluid in the lungs which can present as chest pain, and that sometimes tall skinny people get collapsed lungs out of the blue, so just be aware of that. I know that these 2 conditions you mentioned also have many of those symptoms, so it\xe2\x80\x99s really hard to tell. I hope that one day health insurance is free and that you get access to the resources you need for both your physical and mental health. HA is so horrible and time consuming, and draining, and I wish no one to have to deal with it on their own. I\xe2\x80\x99d really keep track of your chest pain (location and scale of pain) to make sure you\xe2\x80\x99re okay. I don\xe2\x80\x99t mean to worry you at all and so so sorry if this information is triggering. I do want to add tho, if you can directly pinpoint chest pain, it\xe2\x80\x99s probably muscular and related to anxiety. Other physical symptoms would be hard to pin point given your build and diagnosis. I also think your body would let you know if something was really really wrong. I found that to give me piece of mind. Best of luck and know that you probably are going to be okay and no, you probably won\xe2\x80\x99t die from any of these things any time soon.",0.09797371
b' ',2022-10-08 06:31:25,Yep. I get really sore breasts when PMS. For like  a week. Sometimes worse cycles than others. But every single cycle I get tender breasts. Also\xe2\x80\xa6 pregnancy can cause this.,0.029864956
b' ',2022-10-05 05:01:04,This,0.013399938
b' ',2022-08-23 17:13:11,"Its so strange that it happened, but somewhat like nice knowing you experienced this too, only in the fact that I don\xe2\x80\x99t feel so alone. Obviously I feel horrible that you are dealing with this too. It\xe2\x80\x99s debilitating. Consumes pretty much every waking moment. I\xe2\x80\x99m doing better but still struggle. But we are not alone in this! I just want my life back \xf0\x9f\x98\xad\xf0\x9f\x98\xa4",0.005949378
b' ',2022-08-23 07:42:27,I\xe2\x80\x99m on 5mg of lexapro and it\xe2\x80\x99s day 20 and I have horrible gas and soft stools multiple times a day,0.047924615
b' ',2022-08-23 04:03:58,"Hi there! I have such a similar experience. I had sudden onset chest pain, cough, palpitations, and shortness of breath. I thought I have COVID, tested negative, thought it was a cold, but it never went away. 2 months into having these symptoms I went to urgent care and the did EKG and chest X-ray. The EKG was borderline so they sent me to the ER. Did another EKG and ER doc was like \xe2\x80\x9cthat\xe2\x80\x99s normal, nothing to worry about\xe2\x80\x9d they did blood work to rule out clots or heart attack and all was normal. Overall blood panel was also normal. They said to flow up with a cardiologist just to make sure. I did that and had an ECHO done, it was normal for the most part too. \n\nMy history of medical issues are that I have severe allergies and asthma. So I worried something else was happening. I\xe2\x80\x99m a fairly athletic person and have always been. Before these \xe2\x80\x9cheart health\xe2\x80\x9d related scares I have stopped exercising as much as I used to. I used to bike like 130 miles a week and climb 10 hours. So I was pretty fit. But now I can hardly do a 30 min bike ride without feeling like my heart os going to pop out of my chest. And now I also OBSESS over my heart rate. It now is really low, like my RHR is 44-53 bpm (used to be about 56-61bpm). The doctors all say it just anxiety, but these physical symptoms absolutely kill me and make me feel like it is not at all \xe2\x80\x9cjust anxiety\xe2\x80\x9d. It\xe2\x80\x99s so hard.\n\nI must also note that I have anxiety and OCD and have been on and off medications for 11 years. I\xe2\x80\x99m 26 now. \n\nI recently started taking lexapro again and started therapy. I think it has helped with the obsessive thoughts. \n\nAll this is to say, you are not alone in these thoughts and symptoms. I have found that doing mild to moderate exercise, and stretching, and breathing techniques to really help. \n\nI wish you to find peace in all this, but I think you\xe2\x80\x99ll be okay. I know how hard it is but just focus on trying to do what will help you feel good and that you are doing the best you know you c an do right now.",0.0672929
b' ',2022-08-22 21:19:00,Glad to hear it! Thank you!,0.10344545
b' ',2022-08-22 19:55:29,Thank you! It\xe2\x80\x99s reassuring to know others experienced these things.,0.10995282
b'Side effects',2022-08-22 19:23:13,"Hi all! I\xe2\x80\x99ve been on 5mg for about 20 days now. At first I didn\xe2\x80\x99t have any side effects, but about a week ago I started to get some. I am very tired (also noticed poor sleep at night), very gassy, bloated, and have loose stools a few times in the mornings. I also noticed my resting heart rate decrease about 5bmp. \n\nHas anyone else had the GI or heart rate side effects? I know lots of people report the fatigue\xe2\x80\xa6\n\nJust feel worried about the side effects and it\xe2\x80\x99s hard not to overreact to them. \n\nThanks all!",0.20476657
"b'Every time he barks, he kicks- Ollie, the toughest doxiepoo. My ankles are quivering \xf0\x9f\xa4\xa3'",2022-08-20 01:12:33,,-0.057228804
b' ',2022-08-19 20:03:30,We\xe2\x80\x99re turning into LA\xe2\x80\xa6,-0.058430325
b' ',2022-08-18 19:41:54,"I have the same experience. I too am pretty active, don\xe2\x80\x99t use substances (as they are triggering for me), and eat pretty healthy. I think what really has helped me is really thinking about what I am going to say before I say it. I have bad anxiety and OCD. Sometimes it\xe2\x80\x99s hard for me to read situations correctly, and get into trouble from it. I found that reading some mindfulness/self help books were a good starting place. I\xe2\x80\x99ve been on and off meds for years. Recently started lexapro again and it\xe2\x80\x99s really helpful. I experience the same thing where I ruminate on a conversation/reaction and can\xe2\x80\x99t stop thinking about what happened and how it could have been different or what I did wrong. I\xe2\x80\x99m starting therapy again to help with these thoughts and to see if there are reasons why I have these social anxieties and how to be more mindful. It\xe2\x80\x99s tough. But just recognizing it is a great start! Maybe talk to your doc about meds, and if it\xe2\x80\x99s feasible try therapy too!",0.22721384
b' ',2022-08-18 05:07:56,I have a doxiepoo too!,0.094857976
b' ',2022-08-18 05:04:33,Are they a doxiepoo?!?,0.15217416
b' ',2022-08-16 04:22:57,Bet that\xe2\x80\x99s a cutie too!,0.07227588
b'Ollie-my doxiepoo',2022-08-16 02:15:16,,-0.057228804
b' ',2022-08-08 05:39:30,"I had sudden onset symptoms just like these. Chest pain, cough, SOB. These symptoms started in March and I\xe2\x80\x99m still having them. I suffer from asthma and severe allergies, so for me it could be that. I\xe2\x80\x99m still very anxious about it as I have these symptoms every single day. For 4 months. I would suggest seeing a doctor. I got a lot of tests done and got a diagnosis. Seeing doctors is helpful if you have the resources to do so. But my diagnosis explains some symptoms and isn\xe2\x80\x99t life threatening or anything serious. I have daily heart palpitations as well. So it super scary. I\xe2\x80\x99ve had anxiety and OCD my entire life. Many of my family members do too. I\xe2\x80\x99ve been on and off different meds for about 10 years now. I thought I\xe2\x80\x99d be good without them but I\xe2\x80\x99m really not. And that\xe2\x80\x99s okay. They really do help. I started taking new meds again. And I think they will help again. If you feel comfortable taking meds, you should give it a try. \n\nTry not to be scared as it could make your symptoms worse. Just know our bodies deal with physical and mental stress in sooo many ways. If you are scared, and can, go see a doctor. And really advocate for yourself.",0.0686536
b' ',2020-01-25 03:33:11,I\xe2\x80\x99m less likely to swipe on a guy who has gold (sometimes you can tell) as it seems desperate,-0.040343672
