Title,Date,Text,Similarity
b' ',2022-10-17 09:53:37,"Wales is a country, but Catalonia is not.",-0.099708565
b' ',2022-10-09 08:00:00,3\xe2\x98\xba\xef\xb8\x8f,-0.041244112
b' ',2022-09-25 21:39:37,Definitelly YES,0.08759597
b' ',2022-09-19 18:55:54,Done! Would love to see the results!,0.10336603
b' ',2022-09-17 02:59:31,People smoking inside,0.105262145
b' ',2022-09-14 17:36:48,"""Why it didn't cause a massive tsunami?""",0.22937551
b' ',2022-09-14 02:10:56,Oro,0.022390356
b' ',2022-09-12 23:32:15,"Cheese, ketchup, mustard, and many more things",0.210413
b' ',2022-09-12 17:49:58,"""When they don't take care of their own things, such as their car, phone, clothes, etc. And they don't mind if those things get broken. This can also be applied to their relationships.""",0.12815559
b' ',2022-09-05 17:33:30,Spain,-0.11667837
b' ',2022-09-01 21:03:12,The Canary Islands in Spain,-0.06097188
b' ',2022-08-05 18:03:35,Spain \xf0\x9f\x87\xaa\xf0\x9f\x87\xa6\xf0\x9f\x91\x8b,-0.064403735
b' ',2022-07-14 14:59:52,Coser,-0.008538481
b' ',2022-07-09 01:39:32,When I had muy wisdom teeth removed and when I broke my leg.,0.005671121
b' ',2022-07-08 15:28:33,Can you invite me please?,0.12695137
b' ',2022-07-08 14:07:51,It is called anisocoria,-0.05821476
b' ',2022-07-08 10:09:42,"Jos\xc3\xa9, Mar\xc3\xada, Carmen, Francisco, Antonio",0.0029825699
b' ',2022-07-08 10:06:34,"Ok, I just Saw them and answered",0.065472186
b' ',2022-07-08 09:36:48,"""Even though the new law allows the document update, the debate now is about the treatment, that's why I asked""",0.04395454
b' ',2022-07-08 09:33:56,Thank you for your answer!!\xf0\x9f\x98\x8a,0.08478979
b' ',2022-07-08 09:33:24,What other two comments?,0.10319333
b' ',2022-07-08 02:25:24,Thanks for your answer!\xf0\x9f\x98\x8a,0.086776145
b' ',2022-07-08 02:23:17,"It is not aproved yet, but It is being debated in the parliament\nYou can search It as ""ley trans Espa\xc3\xb1a""",-0.016193733
b' ',2022-07-08 02:19:04,But what if they regret when they grow up and become adults? There would be no way back in those cases.,0.109896675
b' ',2022-07-08 02:11:08,"In Spain there is a new law that allows children (as little as 8-9 years old) to decide themselves if they want to start with hormone therapy, and there is no need to have a medical report that confirms the disphoria diagnosis. What do you think about that?",0.11665301
b' ',2022-07-08 01:57:07,Myself,0.06941982
b' ',2022-07-08 01:01:42,"I live in the empty area north of Madrid, so I know the problem from first hand! The video explains It perfectly!",-0.016211778
b' ',2022-07-08 00:39:55,Spain,-0.11667837
b' ',2022-07-07 23:34:23,Alcohol is the cause and the solution of all problems,0.14324209
b' ',2022-07-07 23:31:01,"Starbucks, Apple, supreme....",0.1136148
b' ',2022-07-07 23:28:42,My mom used to threaten me with doing that when I was little and said bad words.  She never did It by the way.,0.1812393
b' ',2022-07-07 23:24:12,"I am in a Happy relationship, so I would set boundaries",0.09902558
b' ',2022-07-07 23:23:34,Then go and get It!!,0.017656751
b' ',2022-07-07 23:17:16,"Dark, Avatar the last airbender, peaky blinders, breaking bad and the good doctor",0.035302326
b' ',2022-07-07 23:14:39,Welcome yo my Life de simple plan,0.12451179
b' ',2022-07-07 23:06:27,"What a great ""doctor"", you loose weight by eating nothing, amazing \xf0\x9f\x99\x83",0.2846446
b' ',2022-07-07 21:05:44,Spain and Portugal look like a side picture of a lady,-0.042617645
b' ',2022-07-07 10:22:30,What kind of cancer do you have? Hope you can beat It and live a long Life\xf0\x9f\x92\xaa\xf0\x9f\x8f\xbc,0.1942748
b' ',2022-07-07 10:12:29,Thank you!!,0.13675705
b' ',2022-07-07 01:31:42,Thank you! \xf0\x9f\x98\x8a,0.07748742
b' ',2022-07-06 23:51:03,"First of all, sorry for my english, I am from Spain but I will try my best.\nMy grandma is teaching me how to sew and this is the second dress I made for myself.\nI saw a dress I liked on the internet (5th photo) and decided to find a pattern for it (4th picture). First I drew it in pattern paper and then I did a try on some similar synthetic left over fabric my grandma had (from some of her previous projects) so I could see how It was working before moving on to the real fabric I was going to use. It all turned well besides the ruffle, I had to redo them with a smaller radius and that change made the drape of the ruffle so much better. Once I sew everything together I added the silvery trims so It would look a bit more elegant for a wedding. Hope you like It!",0.03539628
"b'I made myself a dress for a wedding, what do you all think?'",2022-07-06 23:41:05,,-0.057228804
b' ',2022-07-06 01:53:10,Thank you!\xf0\x9f\x98\x8a,0.08138637
b' ',2022-07-06 01:04:53,"My grandma is teaching me how to sew, and this is the second dress I made for myself.",0.12030443
"b'I made myself a dress for a wedding, what do you all think?'",2022-07-06 01:03:19,,-0.057228804
b' ',2022-06-22 15:41:27,Can you invite me please?,0.12695137
b' ',2022-06-20 18:47:39,"""The bachelor weekend was organized by the groom's brother in law and he did not know anything about it, It was a surprise (is a tradition in Spain to to it that way). What I think is wrong is that the whole group was invited except for me. When we Split the groom stayed with the girls, but soon he started going with some other boys who also got invited to the bachelor weekend but now he has barely no relationship with the girls. That is why I dont understand why they got invited and I didn't. The only reason I can find is that they got invited to the weeding individually and I got invited as a +1.""",0.079077095
"b""AITA for being mad about not getting invited to a friend's bachelor party?""",2022-06-20 17:11:47,"Hello, first of all, sorry for my english, I am spanish but I will try my best.\nMy boyfriend of 8 years (28M) and I (26F) are part of the same group of friends (boys and Girls) since before we started dating, and one of the boys from the group is getting married this summer. A couple years ago the group got a little divided into two sides, on one side there were all the girls and the groom, and on the other side were all the boys (except the groom) and me. When we got the invitations I realised that I had been invited as my boyfriend\'s +1 and the rest of the people had been invited individually. I was a bit dissapointed, but as I couldn\'t really do anything about It, I let It go. Then his brother in law started to organize his bachelor party and he invited all the group of Friends, incluiding boys and Girls, but as I was the only one invited as +1, I did not get invited to the party. I told my boyfriend to say something like ""hey why have you not invited her, as she is also a friend of ours"", but he refused to say nothing. The party was this weekend and I missed It. I am feeling really lonely and also a little bit mad with my boyfriend, but he does not get my point. AITA?",0.07324605
