Title,Date,Text,Similarity
b' ',2022-10-18 01:52:00,"""You don't need any certification up until you start working with H motors. Within that range, the most you'll ever spend on a rocket is probably $350, and most of that money would be spent on the motor case and avionics systems, which are reusable and can easily be moved between different rockets.""",0.042436272
b' ',2022-10-16 01:34:12,"In OpenRocket, there is a rocket optimization feature that can do that.",0.044118863
b' ',2022-10-14 06:01:30,https://en.wikipedia.org/wiki/Mars_Climate_Orbiter,-0.0006306637
b' ',2022-10-13 13:40:35,"""Good to know. I already made some modifications, so the rocket should be stable as long as it has fins.\n\nI haven't been able to get a result from FinSim, so I'm probably doing something wrong. I might just model the fins based on Additive Aerospace's design, since they've been proven to work up to Mach 2.""",0.056661274
b' ',2022-10-11 01:59:18,[This is the fiberglass I ordered](https://www.buyrocketmotors.com/38mm-filament-wound-fiberglass-airframes-standard/)\n\nThe engine block will most likely be necessary due to the amount of force being exerted on the airframe. It should help distribute it a little more evenly.,0.0537193
b' ',2022-10-10 14:01:18,"The fins are polycarbonate, not fiberglass.",0.006047102
b' ',2022-10-10 08:56:40,"""How conservative should I be with the fin dimensions to avoid flutter? I've tried using FinSim, but I can't get a result.""",0.13274583
b' ',2022-10-10 08:49:48,"""I haven't even started building the rocket yet. I made a fin can, but I don't plan on using it for anything more than test flights (testing the computer, not the rocket itself)""",0.05145825
b' ',2022-10-10 08:18:41,"I checked in both OpenRocket and RASAero, and the stability should increase with speed, due to both base drag and the changes in the CG.",0.100017905
b' ',2022-10-10 08:10:05,"""I'll print a polycarbonate fin can, and the airframe may become longer depending on the amount of space required for the parachute and computer.\n\nEdit: The airframe became longer. The new plan is to do both my L1 and L2 on the same rocket, then fly it on an I1299 to celebrate.""",0.0070499224
b' ',2022-10-10 07:16:24,"""> First, your stability is questionable, especially since rockets get less stable past mach 1.\n\nDoesn't base drag increase stability?""",0.16086057
"b""Will my rocket be able to handle >200G acceleration if it's made of fiberglass?""",2022-10-10 02:45:17,"""I'm designing an L1/L2 rocket, and I plan on doing a launch with an I1299. The structure will be made of two standard thickness 38mm body tubes, one \\~350mm long, and one 310mm long. I've asked multiple people with more experience than me, but I've had conflicting answers.\n\n​\n\n[Overview of the OpenRocket design](https://preview.redd.it/wf41oz5mkvs91.png?width=3317=png=webp=773207e05b5e6fb6f05fc6d57da2706a97859766)\n\nEdit: \n\n[Updated design w\\/ better stability and longer airframe capable of fitting a J425 for an L2 flight](https://preview.redd.it/hzxsfivpr2t91.png?width=3319=png=webp=eaefe90b3887021d0252b43ffe55953f46d386c9)""",0.0213555
b' ',2022-10-09 10:28:36,"""How much acceleration can a Pi Zero handle? I'm designing a rocket that will use one as a flight computer, and it'll probably exceed 200G acceleration.""",0.17179835
b' ',2022-08-25 05:48:34,"""[FinSim](http://www.aerorocket.com/finsim.html) is more accurate, but it unfortunately doesn't allow for metric units either""",-0.022532133
b' ',2022-08-18 01:13:23,How?,0.054725803
b' ',2022-08-17 09:20:25,"I\xe2\x80\x99m trying to get it to go to at least 300. My current firmware allows for 260, but I\xe2\x80\x99m getting some problems with underextrusion and weak parts because I can\xe2\x80\x99t set the hotend to the correct temperature.",-0.007077551
b'Is there any Ender 3 V2 firmware with a higher temperature limit?',2022-08-17 03:30:59,"I got an all-metal hotend so I can print polycarbonate, but I can\xe2\x80\x99t find any working firmware with the temperature range I need, and I unsuccessfully tried to compile it myself",-0.05326042
b'Would it be better to just use a small parachute (or just find a way to ditch it entirely)?',2022-07-09 10:24:23,"I attempted my first dual deployment flight (drogueless) and the parachute didn\xe2\x80\x99t deploy, but the descent rate was only 11 m/s - definitely higher than ideal, but lower than I expected. Some parts of the structure were damaged, but I think it may have been avoidable with stronger materials (PC/ABS instead of PLA and thin PETG fins) or a tiny parachute to slow it down a bit more. There would be some benefits to reducing the size of the parachute, so is it worth a shot?\n\nThe rocket\xe2\x80\x99s structure is 100% 3D printed, its dry mass was approximately 285g, and the cross-sectional area was approximately 0.02986m^2. This means the drag coefficient was around 1.63.",0.1274089
b' ',2022-05-29 11:32:59,"How would I do it, though? I\xe2\x80\x99ve never worked on a kit rocket before, and the bulkhead is too deep in there for me to access it.",0.007303643
b' ',2022-05-15 10:24:01,"It threw me off, too. I ended up researching the actual sounding rocket instead of the scale model.",0.049962524
"b'I found this really old rocket, but I couldn\xe2\x80\x99t find much information on it. Can anyone here identify it?'",2022-05-14 23:05:37,,-0.057228804
b' ',2022-01-18 07:01:22,"""Not enough thrust. A Space Shuttle SRB would have 12MN maximum thrust ASL, but 9 Merlin engines combined would only have 7.6MN of thrust. Whether or not Starship works out, this definitely won't.""",0.036459148
b' ',2022-01-17 07:20:31,"""It looks like the rocket was in the air for more than 5 seconds after burnout, but the 5 second mark was a little bit later than apogee, and I didn't see any sign of the ejection charge going off. I don't know what would cause that.""",0.08684604
b' ',2022-01-16 23:12:32,"""I've launched a rocket with similar mass on the same motor, and it was a perfect flight every time, at least until I tried adding a booster and it hit the ground at well over 100mph.\n\nWhat caused the chute to not deploy?""",0.06553166
b' ',2022-01-16 21:43:18,What motor?,0.118096985
b' ',2022-01-14 15:53:19,"""I'll be doing a lot of launches with the same rocket and a variety of different parts pretty soon, so I can let you know how it goes.""",-0.012485735
