Title,Date,Text,Similarity
b' ',2022-10-12 18:40:09,"I loved the idea/concept but I feel like the film left too many things unresolved. I usually don\xe2\x80\x99t mind ambiguity but it felt unintentional. Also I didn\xe2\x80\x99t care for the kid actors in it, I didn\xe2\x80\x99t think they were great.",0.036866087
b' ',2022-10-11 23:42:10,Yes!!! I always thought it was social anxiety but once I got my diagnosis it made much more sense. I\xe2\x80\x99m just here to say I have this too. No clue what to do about it lol but you\xe2\x80\x99re not alone.,0.13221282
b' ',2022-09-10 09:04:35,"I didn\xe2\x80\x99t have animals until my second year. Don\xe2\x80\x99t over think this, go at your own pace. It is supposed to be relaxing and then it\xe2\x80\x99s really rewarding when you achieve a goal after working toward it.",0.17070061
b' ',2022-06-07 00:06:13,"""I'm mad too. What was she thinking? Everyone's lives are so different now. I don't know when that feeling goes away, but I know it isn't unique and I know that your family might also be feeling the same way.""",0.07602467
b' ',2022-06-01 23:19:18,"I love writing, and I\xe2\x80\x99ve tried picking up journaling. I should keep with it.",0.05680597
b' ',2022-06-01 23:18:44,I love that idea of asking before talking. Definitely a good idea I need to get in the habit of.,0.07561731
b' ',2022-06-01 23:16:59,Thank you so much. My family is being great. Part of the grief though is seeing them grieve. It\xe2\x80\x99s so hard to see my loved ones in pain.,0.0098347
b' ',2022-06-01 23:16:16,"I love this thank you so much. I understand that feeling that I need justification, so this is comforting. Thank you.",0.11392141
b' ',2022-06-01 20:15:46,"I appreciate that, and love the quote. Thanks!",0.10737001
b'I feel guilty about grieving.',2022-06-01 19:01:31,"My cousin (through marriage) killed herself a few weeks ago. She was 16. I\xe2\x80\x99ve known her for all her life. I have felt so utterly sad and heartbroken. I knew her pretty well, but there are people in my family who knew her much better (my step siblings, my dad, her mom obviously\xe2\x80\xa6) so I feel bad about how sad I am. Is this my grief to have? I mourn her so frequently. And I mourn that I didn\xe2\x80\x99t get closer to her. But I feel awful confiding in my family. I feel awful for wanting attention during this time. Most of all, I just feel awful that my beautiful, mixed, huge family is now forever broken. How am I supposed to feel? Am I being too sad? Am I being a burden?",0.08314242
b' ',2021-11-16 06:27:06,Fair. Infected is worse than horny.,0.11189804
b' ',2021-11-16 06:26:44,This is what I suspected. Thanks for your advice!,0.14923322
b'Sex while getting treated for BV?',2021-11-16 05:07:13,"Just got diagnosed with BV and I\xe2\x80\x99m starting some antibiotics for it. If I feel better in a few days, can I have penetrative sex with my male partner? Or any other kind of sex? Sex is important to me but so is my health. I don\xe2\x80\x99t know what to do.",0.113567695
