Title,Date,Text,Similarity
"b'Parents with jobs that primarily deal with \xe2\x80\x9cdifficult\xe2\x80\x9d subjects (death, sex, etc), how do you explain it to your kids?'",2022-10-14 14:10:19,,-0.057228804
b' ',2022-09-23 03:48:27,It\xe2\x80\x99s a moldy geode,-0.078326866
b' ',2022-09-10 04:37:37,"Hehe, great minds think alike.",0.02741735
b' ',2022-09-08 14:38:07,"Go find your nearest Tsutaya Books, and see if they have them in stock! If not, you can always grab one on Mercari \xf0\x9f\x98\x89",-0.005707903
b' ',2022-09-08 07:57:46,"Tsutaya Bookstore in Tokyo! [They\xe2\x80\x99re doing a collaboration with an artist called Mizutama](https://tsutaya.tsite.jp/news/stationery/41576353/), and they have a whole line of exclusive Preppys and inks.",-0.08903765
"b'I was going to treat myself to an expensive pen today, but walked out with this store-exclusive Preppy ( ink) instead. No regrets!'",2022-09-08 07:47:19,,-0.057228804
b'to put his tongue back in',2022-09-07 10:47:45,,-0.057228804
b' ',2022-08-17 05:45:35,"Thank you! Yes, Japan does have a bit of a problem with exotic pets. I used to volunteer at a parrot shelter and I\xe2\x80\x99ve seen too many birds that were previously kept in terrible conditions, which was why I was concerned for the lizard\xe2\x80\x99s well-being. Great to know that they seem healthy, though!",0.12251559
"b'ID? This guy escaped from captive while his owner was on vacation, and it got reported on the news. What species is he, and should they even be kept as pets?'",2022-08-17 05:11:31,,-0.057228804
b' ',2022-06-29 08:01:27,you must be very new to fanfiction,0.10847127
"b'Reddit, what secret hobbies/interests do you hide from your classmates/colleagues?'",2022-06-16 06:04:48,,-0.057228804
b' ',2022-06-12 17:16:10,"Scoredle 359 4/6*   12,974  \n\xe2\xac\x9c\xe2\xac\x9c\xf0\x9f\x9f\xa8\xe2\xac\x9c\xe2\xac\x9c >!CHOSE!",-0.017184075
