Title,Date,Text,Similarity
b' ',2022-09-07 15:28:59,"""For the leangains method: RePT Fitness workout tracker. Does all of the reverse pyramid and progression maths for you, comes preloaded with a decent full body routine with a few accessories, but it's also customisable and its completely free with no ads.""",-0.0008143061
b' ',2022-07-14 23:56:57,"Is there some kind of nuance that I\'m missing here: \n\n""This bill requires a designated officer of the Department of Justice to act as the national coordinator of an Active Shooter Alert Communications Network regarding an emergency involving an active shooter.\n\nThe bill sets forth duties of the coordinator, including to work with state, tribal, and local governments to encourage coordination of various elements of the network. The coordinator must also encourage federal, state, local, and tribal government agencies to establish procedures for responding to active shooters.\n\nFinally, the bill requires the Government Accountability Office to study and report on state and local responses to active shooters and situations requiring the issuance of a public alert or warning""\n\nOn what grounds could anyone possibly object to these requirements?",0.062211175
b' ',2022-06-29 11:06:36,"""If you connect the app to google fit, you can export all the data as a csv through Google takeout. You have to do a bit of formatting with the results but it's still easier than transcribing.\n\nReligiously hit every workout so I'm a little puzzled on the muscle mass stats. I would have expected maybe a bit of a drop but not that much.\n\nMy lift numbers are not great but i have seen some progress:\n\nBP: 60x8>72.5x8\nOHP:40x8>52.5x8\nSquat: 100x10>110x10\nDeadlift:120x6>142.5x6\nChinups: 4>11\n\nOne factor is my sleep is total crap so that probably plays a big part.""",0.10612214
b' ',2022-06-28 18:54:00,"""It's the EufyLife app that works with the Eufy C1 smart scale.\n\nhttps://play.google.com/store/apps/details?id=com.oceanwing.smarthome\n\nGood points: weigh yourself every morning and it will automatically add your weight to your phone and you can sync it with apple or Google fit.\n\nBad points: apart from the weight, everything else is nonsense, there is no way I have lost half a kilo of bone mass and 8kg of muscle tissue. I started using this to try and track down to about 12% body fat. I stuck all the data in a spreadsheet and at my current trajectory, I would have to lose another 25kg (including muscle and bone) to achieve that.""",0.20695314
b' ',2022-06-28 18:31:07,"""As long as I've got enough black coffee to get me through the morning, I'm fine until 12 and then get pretty hungry around then. Once I got used to eating within a window, my body eventually capitulated on hunger outside of it. I make sure my meals are as physically big as possible and full of fibre, loads of spinach, mushrooms and broccoli. Shirataki noodles are a constant staple and an excellent low calorie filler. And occasional psyllium husk adds to some satiation. The trickier part is keeping the protein high whilst keeping the total calories low. It's pretty much a cycle of fish, chicken breast and egg whites with the occasional bit of prawns, beef, ham or protein cheese.""",0.39682242
b' ',2022-06-28 16:44:04,"cheers man, yeah it sneaks up on you sometimes.",0.15701818
b' ',2022-06-28 14:21:28,"""These scales. \neufy Smart Scale C1. https://amzn.eu/d/jazKiAs\n\nI don't think any of the data outside of the weight and bmi is accurate mind you but I do like to have some kind of data.""",0.20871836
b' ',2022-06-28 10:13:06,"Leangains protocol + Loose Keto\r  \n1600cals a day, 200g protein,",0.12140982
