Title,Date,Text,Similarity
b' ',2022-10-04 02:10:46,You have a beautiful hair ma\xe2\x80\x99am but I was actually impressed by the beauty of your eyes!,0.1263422
b' ',2022-09-25 19:35:35,"""I'll research piriformis! Thank you for your feedback!!""",0.07820579
b' ',2022-09-25 19:35:08,Thank you so much for the lowering seat suggestion. May I ask what other information could I share that would be useful for tu to provide more insights?,0.18994814
b' ',2022-09-25 19:34:18,"Thank you, I can definitely try the exercises and lower my seat",0.21429503
"b'Left leg pain (Glutes, hips, knee)'",2022-09-25 18:38:40,"""Hello everyone\n\nI'm suffering from a lot of pain on my left leg. Pain starts in the centre of the leg, psoas maybe?Deep inside the leg and it goes up to my lower back and my knee.\n\nMy left hand also goes numb an hour after starting my rides.\n\nI have included a couple of videos [here](https://files.fm/u/4afv2hca7) and some screenshots.\n\n​\n\nhttps://preview.redd.it/r8vmi9pg91q91.png?width=678=png=webp=103f3bda41c3466452647251cfd846a0f4b1b440\n\n​\n\nhttps://preview.redd.it/0rzy9q6g91q91.png?width=553=png=webp=62694b21361720d3a0373100eb584df515deccc2\n\nAny ideas? Thank you so much, I really appreciate any input.""",-0.04712703
b' ',2022-08-07 17:49:35,The only thing I find \xe2\x80\x9ctraumatizing\xe2\x80\x9d here is that they deleted her nipples.,0.004634898
b' ',2022-04-07 00:17:14,I absolutely loved this and look forward the next episode.,0.05384051
b' ',2022-02-15 15:46:53,Rollers and a fixed gear bike. That helped me a lot with my cadence and technique. 20 minutes every day.,0.120002516
b' ',2022-01-14 18:13:10,"Forgive yourself please, you are doing the best you can. Please, take care of yourself. Drink plenty of water and take son medicine to reduce belly pain. Once you are done with work, why don\xe2\x80\x99t you take a good shower and a nap? Try to focus on taking care of you as you were a baby or toddler. Would you be mad at a kid for having binged? No, you wouldn\xe2\x80\x99t. So don\xe2\x80\x99t be that way with yourself. It will only make matters worst. I\xe2\x80\x99m sending you a big hug and hope you feel better \xf0\x9f\x99\x8f",0.18610519
b' ',2021-08-11 17:28:58,"""I work out first hour in the morning. I pay for the gym and I also pay for my personal trainer and he shows up in the gym to train me, so I can't miss a day because I waste his time and I waste my money. Also, after doing this for more than 5 years, it's already a habit very hard to break.""",0.053748816
b' ',2021-08-04 23:45:19,Amazing job!!!!! I\xe2\x80\x99m proud of you!,0.030953404
b' ',2021-07-30 16:58:04,"""I personally don't wear makeup unless there is a special event. I feel like my skin is dirty wearing makeup. I also sweat a lot and have a constant rhinitis, so I'm cleaning my nose all the time and the makeup is removed. I also use my shirt to clean out the sweat from my face, so makeup would be gone in a couple of minutes haha!\n\nIf you don't have all these issues, then it won't be a problem for you! I would make sure you do a very good cleaning of your face after that. I would also ask this in r/SkincareAddiction they probably have good tips for this!""",0.037956472
b' ',2021-06-30 16:58:58,>r/BuenosAires7745 miembrosUnirse\n\nRemindMe! 2 years,0.030261695
b' ',2021-03-09 22:53:43,White socks and white shoes are the most ultra elegant combination imho.,0.028913368
b' ',2021-03-04 18:50:40,"After last update, I can\xe2\x80\x99t set a power output higher than 500w, can I change this from somewhere?",0.061879143
b'Unable to set power output higher than 500w after last update',2021-03-04 18:49:39,,-0.057228804
b' ',2021-02-20 03:05:10,"This is me. I wake up at 05:45 AM, do strength training at 7AM and then train on my bike. Usually for two hours and I come back home for lunch. I MUST take a nap after lunch. I fall asleep if I sit on the computer after lunch. I don\xe2\x80\x99t have any advice but I suspect there is a lack of sleep or lack of fuel somewhere.",0.16519828
b' ',2021-02-17 14:52:50,"I follow a meal plan. He always takes care that I have absolutely everything I need to eat: Cheese, oats, fruits, veggies. Always offering to pick me up or give me a ride somewhere. The fact that he is thinking in MY needs before his, makes me realize how kind and careful he is.",0.27811298
b' ',2021-01-08 13:04:30,"""ISDIN Fusion Water Oil Control sunscreen.\n\nI use it when I do cycling and in everyday activities. Skin is soft and protected. Doesnt mess with my eyes and it's like having nothing on.""",0.14096613
b' ',2020-12-30 13:36:44,Es ley \xf0\x9f\x92\x9a,-0.023888748
b'Good hair day',2020-12-17 21:13:25,,-0.057228804
b' ',2020-12-01 22:27:32,I LIKE BIG BUTTS AND I CANNOT LIE!\n(The song started playing automatically in my head as soon as I saw the picture)\nCan\xe2\x80\x99t congratulate you enough for the awesome job you did. My butts is totally flat and non existent so seeing this gives me hope. Amazing job!,0.077792466
b' ',2020-12-01 02:01:06,"And you did it all by yourself. Congratulations OP, I\xe2\x80\x99m proud of you!!!",0.04865309
b' ',2020-11-28 17:59:22,"I\xe2\x80\x99m afraid that the whole purpose of Strava is to share with others. It\xe2\x80\x99s like a Facebook or Instagram but sport oriented. If you want an activity tracker and nothing more, I would use something different such as Garmin Connect.",0.05346357
b' ',2020-11-27 21:56:22,This is amazing. You have a gift for sure.,0.0874319
b' ',2020-11-14 14:00:59,No advice from me. Just came here to say you look amazing and have a great physique!,0.10834569
b' ',2020-11-06 10:56:20,Massive portion sizes. \nIf you go to the gym you will look like a man. \nExercise is not important. Study is. Train your brain not your body.,0.29279572
b' ',2020-11-04 03:13:05,"Thank you for sharing, would you mind telling the name of the book please?",0.12692758
b' ',2020-11-02 22:08:28,Have read it but haven\xe2\x80\x99t been able to apply some concepts such as natural foods on the bike. Gels do work for me. I don\xe2\x80\x99t have access to the products she claims as good so can\xe2\x80\x99t test if her concepts are true or not. All the menstrual cycle items she describe seem to be true.,0.1417148
b' ',2020-10-22 00:35:03,You look incredible!,0.19659542
b' ',2020-10-07 18:50:10,It\xe2\x80\x99s awesome that you are doing this completely on your own. Amazing job!,0.008877715
b' ',2020-09-29 00:51:02,My own playlist: [https://open.spotify.com/playlist/7t62T3JoBewaQcPoGghmxg?si=MliXR6APSY2E6\\_w1OGAzDQ](https://open.spotify.com/playlist/7t62T3JoBewaQcPoGghmxg?si=MliXR6APSY2E6_w1OGAzDQ),0.11915469
b' ',2020-08-24 20:40:35,46. I\xe2\x80\x99m a cyclist.,0.026968103
b' ',2020-08-22 03:28:07,Wish I could upvote this a thousand times. Great art!,0.0854492
b' ',2020-08-19 16:44:23,Happy birthday OP! One day at a time! Bless those grandparents for their sweetness.,0.16003153
b' ',2020-07-29 14:45:48,Highly recommend \xe2\x80\x9cMindful Eating\xe2\x80\x9d by Jan Chozen Bays. Its exactly what you described \xf0\x9f\x98\x80,0.34083942
b' ',2020-06-24 13:38:37,There is something wrong that is not right.,0.032126896
b' ',2020-05-23 04:28:51,Bee-autiful! Seriously love it!,0.1440643
b'Round #2! Much better. I need to work on the shape.',2020-05-20 20:00:25,,-0.057228804
b' ',2020-05-10 17:00:56,Great job ma\xe2\x80\x99am!!! Reading you has made me feel better. Thank you for your words!!! \xe2\x99\xa5\xef\xb8\x8f,0.088135615
b' ',2020-05-05 18:32:37,Thank you for the feedback! I\xe2\x80\x99ll pay attention to those items on my next attempt \xf0\x9f\x92\xaa\xf0\x9f\x8f\xbb,0.089178205
b' ',2020-05-05 14:22:39,"Fairly good. I\xe2\x80\x99m eating it no matter what lol, I put my heart and soul on it.",0.35191286
b' ',2020-05-05 02:23:44,"And the mandatory question: Wise people of Reddit, where did I go wrong? Maybe because I used 100% whole wheat flour?",0.29248768
"b'Nice outside, Ugly inside \xf0\x9f\x98\x93'",2020-05-05 02:22:42,,-0.057228804
b' ',2020-05-03 19:05:09,It was so satisfying to watch this. Thank you!,0.15641783
b' ',2020-04-25 04:11:46,I just love how it looks!!!!,0.06314478
b' ',2020-04-23 03:44:15,Don\xe2\x80\x99t be sorry. I feel you. I understand. It\xe2\x80\x99s tough and you are doing your best. I wish I could hug you.,0.05745855
b' ',2020-04-20 04:33:48,Are you Peter Sagan?,0.21306169
b' ',2020-04-18 22:37:53,I buy a Brazilian bourbon at my local shop. I use a grinder and a French press.,0.03385543
b' ',2020-04-18 15:59:51,"The architect is Francisco Salamone. He was specialized in cemeteries, slaughterhouses (\xe2\x80\x9cMatadero\xe2\x80\x9d in Spanish) and city halls. Check out his buildings they are amazing.",-0.009859122
b' ',2020-04-11 02:54:39,Rele\xc3\xad mi comentario y estaba esperando pacientemente una respuesta c\xc3\xb3mo est\xc3\xa1.,-0.003305193
b' ',2020-04-10 14:28:53,Lo m\xc3\xa1s lindo es el aroma a verduras que les queda cerca de la nariz despu\xc3\xa9s de comer. Los amo. Mientras mas gordo y m\xc3\xa1s peludo mejor.  Edit: typo,0.025571326
b' ',2020-04-03 03:51:15,Thank you so much! My home routine is missing good back workouts. THANKS!!!,0.17214829
b' ',2020-03-13 15:10:46,I always had this idea that you had to stay relaxed during sex and I was so wrong. I finally experienced an orgasm with a partner when I started to contract all my pelvis muscles and my glutes. That was a life changer.,0.086953335
b' ',2020-03-13 14:09:14,"Argentina here (South America)\n\nAll races have been cancelled. As a consequence, clandestine races have been organized.",0.026205923
b' ',2020-03-12 14:55:41,Orvema,-0.028470129
b' ',2020-02-18 17:14:12,"Yes he does, although I prefer the muscular Sagan.",0.16658333
b' ',2020-01-27 19:03:31,"""It destroyed my libido. I didn't even want to be touched. I got my tubes tied and quit birth control. 6 months later I feel like I was 15 years old again. I want to have sex with my current boyfriend, I want to kiss him, touch him. Haven't felt like this in a while and I had been taking birth control for years before quitting.\n\n​\n\nI'm very sorry for my previous boyfriend since we didn't even have sex because I didn't want to. I didn't feel like it. It was a forced thing.""",0.12837133
b' ',2020-01-10 22:31:56,I created a Spotify playlist for my indoor trainer sessions: https://open.spotify.com/playlist/7t62T3JoBewaQcPoGghmxg?si=rPdZAxS9QP-0Adbnozucqg,0.07304972
b' ',2020-01-10 12:42:56,It takes a lot of courage to do this. You are very brave.,0.11647969
b' ',2020-01-10 12:30:29,"I go to the gym besides cycling, strength training has done wonders for my general health.",0.12962204
b' ',2019-08-30 22:49:04,"Seven days would be the goal of my dreams to me. Forgive yourself and start again. You did this once, you can do it again!",0.16915587
b' ',2019-08-21 16:07:45,"I wish menstrual cups existed when I was 12. My teenage years with my period were living hell. Leaks all the time, pads were not enough for the amount I was losing. The cup improved the quality of my life.",0.17162877
b' ',2019-08-21 03:07:52,I wish I could use words in such a perfect way to describe my feelings. You have talent.,0.0888429
b' ',2019-08-13 15:14:32,"""I would sit on the toilet, read a book, once it's over, flush the toilet, move on with my life. All problems solved.""",0.024326164
b' ',2019-07-19 18:14:17,Enjoy it my dear,0.16390769
