Title,Date,Text,Similarity
b' ',2022-10-18 16:11:15,"I think, in my opinion, it\'s because the systems that led to our anxiety haven\'t changed. Precarious housing, shitty jobs, shitty people doing shitty things to other people. Lack of resources, lack of support and caring communities. We\'re expected to solve our feelings from within, as if external factors can be ignored or ""overcome"".",0.11383931
b' ',2022-10-17 20:45:24,"My thought was texture, too. I was eating some buttercup squash for lunch and noticing that the texture was more ""mealy"" than a butternut, which got me thinking about this. But I find the taste more complex and interesting!",0.36962038
b' ',2022-10-17 20:43:39,"""That's really interesting!! I didn't realise it took longer to cure other varieties, but that makes a lot of sense!""",0.16628328
b' ',2022-10-17 20:07:02,"""Great point about the size! I hadn't thought of that.""",0.18816917
b'why do you think butternut squash is so popular?',2022-10-17 20:02:46,"""Don't get me wrong - I love butternut squash, but of all the squashes, it seems the most popular by a landslide (at least from what I've observed). Why do you think that is? Flavour and texture? Ease of cultivation? Is a cultural thing?""",0.3530394
b' ',2022-10-02 16:41:10,"Oh gosh  yes, I hate this. I hate feeling like a have to hoard gems in an app that supposed to be educational.",0.07641731
b' ',2022-10-02 05:14:37,"""This doesn't sound like a good therapist. It's concerning to me that she reached out to you via Facebook and fell asleep during your sessions. I would suggest you seek out a new therapist, if that's an option for you right now.""",0.084107235
b' ',2022-10-01 23:36:14,"Duo says ""un cauchemar""",0.07709527
b' ',2022-10-01 21:23:24,"""That's a smart move !""",0.07724772
b'the anxiety over what each new Duolingo update might bring \xf0\x9f\x91\x80',2022-10-01 20:09:19,,-0.057228804
b' ',2022-09-30 23:18:21,Imagine being the cashier who happens upon loaf at the checkout.,0.10881553
b' ',2022-09-29 20:11:32,"There\'s something called ""mittelschmerz"" which I know sounds ridiculous, but it\'s mid-cycle cramps. Cramps about 14 days after your last period and is caused by the releasing of the egg. I\'ve experienced this kind of cramping, and after having a pelvic and transvaginal ultrasound both come back fairly normal, I figure this is most likely what I\'ve experienced. Perhaps it\'s what you\'re experiencing too.",0.10150772
b' ',2022-09-28 19:33:43,"Ingredients include traffic light system. In the event of a power outage, humans should be treated as four-way stops.",0.11119531
"b'Two steps forward, one step back'",2022-09-27 16:03:14,"""I know healing isn't linear, and I'm trying to be really kind to myself right now, but I'm still feeling disappointed in myself.\n\nMy physical anxiety symptoms are largely of the stomach and digestive variety. I've made huge progress with therapy, and honestly most days I can get through work and life just fine with my coping mechanisms, and if worst comes to worst, I'll take Pepto or something.\n\nI had a terrible night's sleep last night so I was already primed to not want to go to work. But I got ready to go, and headed out the door. About halfway there I had that familiar 'uh oh' feeling in my stomach. And I gave in and just decided to turn around and go home. Now that I'm home I know I could have made it fine at work today, and I'm feeling like I gave in to my anxiety.\n\nI know this is a minor setback, but I'm feeling disappointed and bummed out. How have you encouraged yourself after you've had a set back? How do you exercise kindness to yourself when you feel you've let yourself down? Thanks for reading my little rant \xe2\x99\xa5\xef\xb8\x8f""",0.083534166
b' ',2022-09-24 22:42:09,"Before we started dating we had been friends for a while, and would often tell each other ""love you!"" in a friend way. Once we started dating, we decided that we didn\'t want to throw around the ""I love yous"" carelessly like maybe we\'d done when we were friends.\n\nIt was maybe less than a week before they we said ""I love you"" to each other again. Everytime we parted ways it felt almost painful to not say ""I love you"". We\'ve been together nearly 11 years now.",0.040139817
b' ',2022-09-22 05:26:24,"""Yes. One example - there's an Italian restaurant in my neighborhood that constantly wins awards and is highly praised. I finally tried it, and was so disappointed. I'm pretty sure they used orange cheddar in the arancini? And I honestly probably could have made pasta just as well, maybe better, at home. So disappointed.""",0.3116074
b' ',2022-09-19 15:47:13,Thanks all for the great recommendations!!,0.10227015
b' ',2022-09-19 15:45:36,"""It's the only way!""",-0.016445324
b'Apartment dwellers - how do you dry your gear?',2022-09-19 00:29:20,"""Does anyone have any tips or tricks to share for drying out gear when you don't have access to a backyard or outdoor space?""",0.1379319
b' ',2022-09-16 16:55:45,"""I don't know if this is necessarily the format you're looking for, but I've found the online workbook and worksheets here quite helpful:\nhttps://www.cci.health.wa.gov.au/Resources/Looking-After-Yourself/Health-Anxiety""",0.15236443
b' ',2022-09-13 17:03:42,"For me, and I think for others too, anxiety is a kind of ""out of control"" coping mechanism. For example, I catastrophise, which I realise is my brains\' broken way of ""protecting me"" from a terrible scenario. And while I\'ve read a lot about how to deal with anxiety in the moment or when it\'s happening, I think there are so many complex and unique scenarios that can lead people to experience it, that it\'s complicated and it would be remiss to assign a ""one size fits all"" solution to the treatment of it.",0.090747006
b' ',2022-09-02 01:51:32,"""No, I don't think they do. Just English and French.""",0.07630426
b' ',2022-09-02 00:31:57,"Pearl as Big Ang in Snatch Game \n\n""I\'m feeling very excitedddd""",0.08500755
b' ',2022-09-02 00:23:37,"""I'm Canadian and doing the French language track in Duo. I use an app called Mauril. It helps with my listening comprehension, specifically listening to French Canadian, since it is quite different sounding that standard French. Mauril doesn't really help with grammar or spelling, but you watch these little video clips, listen, and answer questions about the video's content.""",0.08248356
b' ',2022-08-31 18:27:36,"""I've been there... And while I don't have any particular advice, I remember when I had a glimmer of it coming back. I was at the beach (I didn't want to be there, positive something terrible would happen while I was there). But I just decided to recline in my chair and close my eyes. And something about the water sounds and the breeze just made me forget about everything, just for a little while, but it was the first glimpse of joy I'd experienced in a long time. I guess my advice is to do things that used to bring you joy, even if you really really don't want to do them. And it won't happen right away, it takes practice, but I'm hopeful you'll get there.""",0.12911494
b' ',2022-08-31 16:52:49,"""In a perfect world I'd be able to work 100% from home again, and set my own hours (I'm not a morning person and the 9-5 is rough for me).\n\nI'll edit this to add that being well rested helps my anxiety immensely. Knowing I have to get up for in-person work the next day inevitably causes me to have a bad night's sleep, which results in anxiety about my body, an anxious stomach, etc...""",0.06180844
b' ',2022-08-30 23:56:23,"""I don't have an explanation for you, but this was the first physical anxiety symptom I experienced as a child in the 2nd grade. Of course as a kid I didn't know it was anxiety and I legitimately thought I was going to be sick. I still experience it from time to time, although it is no longer my primary physical anxiety symptom, so I don't pay it that much attention.""",0.095223226
b' ',2022-08-28 03:24:21,"""Yup, that's the spot!! I was camping at Wakami Lake, and took a drive through Sultan. People there were super nice to us, too. Gave us some freshly caught fish.""",0.07129241
b' ',2022-08-27 15:57:37,I remember seeing a similar sign near Chapleau!,0.0706238
b' ',2022-08-25 14:23:21,This sounds incredible!,0.07337582
b' ',2022-08-25 00:36:02,"This sounds simultaneously simple, but so lovely, refreshing and satisfying..will keep this in mind as a good work lunch!",0.22065538
b' ',2022-08-25 00:33:33,"""I've never heard of sabich before but it looks so good! Thanks for the recommendation.""",0.107809
b' ',2022-08-24 21:34:46,"""Yes! I'm feeling inspired and hungry.""",0.2881999
b' ',2022-08-24 21:22:58,"""Yes, sadly I've grown my own beautiful garden tomatoes and they still bring me no joy (luckily I have people who love them to gift them to).""",0.1797913
b' ',2022-08-24 21:20:56,"""Americans don't butter their bread?? I'm French Canadian so I take butter pretty seriously...\n\nReally interesting idea to use tomato paste, I'll definitely try that (with butter).""",0.21148802
b' ',2022-08-24 20:55:16,"""You're so right! Life is too short... I see people loving Caprese salads this time of year and I think, I want that for me \xf0\x9f\xa5\xb2 but cucumber is dope!! So refreshing and crunchy, I should keep it around more.""",0.28353515
b' ',2022-08-24 20:51:24,"""Is the dried tomato you're referring to the same as sun-dried tomato? I'm intrigued!""",0.3012913
b' ',2022-08-24 19:37:36,"""I don't know what a Jimmy John is and frankly based on your description of their cheese, I don't want to know.\n\nFalafel is the best though. Magical indeed.""",0.1751398
b' ',2022-08-24 19:19:26,"Ah, a beloved classic sandwich.\n\n(Also, great user name)",0.17013183
b' ',2022-08-24 19:15:29,"""Great suggestion! I've wanted to try Korean street toast!! That'll motivate me to make a nice, soft loaf of bread too. Win-win!""",0.2586063
b' ',2022-08-24 19:10:08,"""Looks like I know what I'll be making in the next few days! Thanks for the great looking recipe!!""",0.21077722
b' ',2022-08-24 19:07:54,"""I love sundries tomatoes and I should utilize them more. Never thought of swapping one for the other, but I don't see why not in this case!""",0.16567212
b' ',2022-08-24 19:06:45,Love portobello - also super filling!,0.090806454
b' ',2022-08-24 19:04:27,"No, I don\'t, my reason being that it\'s the watery ""goo"" inside tomatoes that I find most unappealing. Adding salt to veggies draws out moisture, so I assume that salting would draw out even more of that watery seedyness. Would I perhaps get another results if I did salt them?",0.21902795
b' ',2022-08-24 19:01:51,"""Oh I'd never thought of grilled aubergine on a sandwich - brilliant!!""",0.27074254
"b""I'm vegetarian, I love sandwiches, and hate tomatoes. Suggestions?""",2022-08-24 18:49:28,"I\'ve been vegetarian for about 10 years, and I miss good, hearty sandwiches. \n\nI\'ve hated tomatoes for my entire life. Cooked tomatoes are fine. Love tomato sauce, salsa is wonderful. But something about sliced raw tomato is revolting to my taste buds.  I WANT to like them, and I\'ll often put them on a sandwich thinking ""maybe THIS TIME it will be good"" but no. I end up regretting my decision every time. \n\nI feel like nearly all good vegetarian sandwiches I see include tomato, and they often feel ""empty"" without. Do any of you good folks have any suggestions or ideas for meatless sandwiches that feel substantial and hearty without tomato?",0.32477772
b' ',2022-08-20 14:39:09,"""I've been using the service for about 6 years now, and I've been experiencing the same thing recently. It's really frustrating... My only guess as to the cause is that there are just more people using the service - vehicles are harder to purchase, either due to cost or supply. \n\nI do wish Communauto would invest in additional vehicles to help offset the demand.""",0.07161464
b' ',2022-08-19 23:01:49,"""Hey this was a really big step, though!! I'm sorry you're dealing with some unpleasantness afterwards, but you did something really scary and you should be proud of yourself! I'm proud of you!""",0.19226077
b' ',2022-08-18 15:39:14,This is even better.,0.0101603335
b' ',2022-08-18 14:43:09,"""The white triangle on his chest makes it look like he's wearing a bandana around his neck \xe2\x98\xba\xef\xb8\x8f""",0.03654522
b' ',2022-08-18 03:23:00,Ohhh also came with a built-in bandana \xf0\x9f\x98\xbb,0.06783537
b' ',2022-08-17 21:49:37,"""I went to S.O.S physiotherapy on Belmont. I've heard nothing but amazing things about all their staff, and I also had a great experience.""",0.030988846
b' ',2022-08-17 15:12:42,"For a hot second I thought ""wait, what did Justin Bieber do??""",0.09457057
b' ',2022-08-17 13:47:54,"A sense of playfulness.\n\nSeveral years ago, I was at the beach and started watching three folks, probably in their 70s to 80s having an absolute blast. Playing catch in the water, chasing each other, just having a great time. It was so nice, and I vowed to never lose my sense of playfulness.",0.12606211
b' ',2022-08-05 23:50:14,Same. Pretty sure I see the exterminator at our building at least once a week.,0.07414053
b' ',2022-08-05 23:35:51,"""Same with our building... Sure they can slap a fresh coat of paint on the exterior, won't compensate for the pests, lousy plumbing or water damage. It's so discouraging and we're left feeling helpless.""",0.051213
b' ',2022-07-28 01:57:53,"""When I was a kid my mom made these chicken fingers, completely from scratch, that were SO GOOD. A comfort food for sure. \n\nI've been vegetarian for 10 years now. One night I decided to just try breading and frying some tofu, just as a makeshift meal. And somehow without trying I recreated the exact taste of those chicken fingers. I'll probably never be able to do it again, but I really enjoyed it when it happened.""",0.2982977
b' ',2022-07-27 22:03:33,"I can\'t say that the vertigo I experienced was necessarily anxiety-related (although maybe it was and I wasn\'t aware of that at the time). When I\'ve experienced vertigo it was always when I was up high (stairs looking down, hiking along a cliff, etc). I\'ve experienced dizziness in the usual ways - standing up too fast, spinning around in a chair... I get dizzy spells when I\'m anxious, and they\'re more like ""standing up too fast"" kind of feelings. I find it hard to necessarily pinpoint specific triggers - to be honest it almost feels like I\'m starting to disassociate when it happens, so it\'s like a little warning sign to get grounded back in reality.",0.07595693
b' ',2022-07-27 20:36:22,"""I have a resource that may be helpful to you in future situations... It's not an anxiety-specific resource, but I've found this free booklet really helpful when I've been preparing for interviews, and it's helped me go into the situations with a clearer, more focused and chill brain.. https://www.askamanager.org/how-to-guide""",0.05594828
b' ',2022-07-27 20:27:05,"""I've experienced vertigo, and it definitely feels differently than dizziness to me. I experienced vertigo when I was on a hike and I looked down, and it literally felt like the ground below was falling further and further away from me, a very different experience than dizziness in my experience.""",0.07020359
b' ',2022-07-27 19:36:21,Welcome :) I hope you find some community here.,0.10231186
b' ',2022-07-27 17:40:33,"I started by telling myself I could have a ""dedicated worry time"" - let\'s say, 15 minutes starting at 5:30 when I\'m done work (just an example). When I felt something in my body that I instantly wanted to Google, I\'d just tell myself ""if it\'s still bothering me when 5:30 rolls around, I can deal with it then, but for now I\'m going to keep doing what I was doing"". \nFirst, it\'s not an easy habit to break. I\'d find myself subconsciously Googling before I had a chance to stop. Just put the phone down or close the browser as soon as you notice.\nIt didn\'t take long before I noticed a marked difference in lower anxiety in the moments after I had the urge to Google but didn\'t follow through. Anxiety is a wave. Google adds more water; not Googling helps reduce the size of the wave and gets you through it faster.\nEventually it got to a point that when I got to my ""dedicated worry time"" I didn\'t care anymore. Most times I became distracted and totally forgot about the symptoms, and basically lost interest in what Google had to say.\nIt definitely took practice and dedication to get there, and recovery is never linear, but I feel much better now that I did before. I hope the same for you :)",0.07647382
b' ',2022-07-23 00:44:34,"""This was entirely my own doing. I was on a flight home from Athens, Greece, to Toronto, Canada. My first solo trip abroad. I was absolutely exhausted. I guess we flew north for a bit before going west, because the last thing I remembered was looking out the window over the snow -covered Alps below us. I fell asleep, and dreamt that the plane went down and we crashed into the snowy mountains. I woke up sobbing absolutely sure that I'd just survived the plane crash and was in straight up survival mode and panicking.""",0.07044746
b' ',2022-07-20 23:31:43,"I\'ve done this same thing when I\'m unable to fall asleep at night! Definitely helps to keep my focus on something ""productive"" and stop from spiraling.",0.08382924
b' ',2022-07-20 18:12:31,"""I live on the main floor of an 18-storey building that doesn't have built in AC units (we have our own portable unit). I can't imagine how intolerably hot it must be on upper levels if people can't afford their own AC. There's always an influx of ambulances and paramedics at our building during intense heat.""",0.030221086
b' ',2022-07-11 16:04:33,"""Adding on to number 3 from my own experiences - I've come through anxiety before and been unaffected by it for months to years before having the anxiety get bad again. With this in mind, I know it's possible to get through the latest episode without medications. Putting in the work with myself and a therapist will give me tools to help better prepare me for the future. Medications could help with that, but it wouldn't give me strategies to help in future situations.""",0.09448802
b' ',2022-07-06 16:16:01,One of my favorite places! What a great shot!!,0.007357289
b' ',2022-07-04 16:03:56,"""This was my thought as well. I wonder how far along those omicron-specific vaccines are for Health Canada approval? (If they've even made it that far, yet).""",0.19963649
b' ',2022-07-03 16:19:53,"Wait, so is my blood clotting at a microscopic level, or in ""clumps the size of fists""? Maybe microscopic itty bitty fists?",0.19167039
b' ',2022-06-29 20:08:46,"""This is the first I'm hearing about this. What disappointing behavior from management at Mapbox.""",0.1285968
b' ',2022-06-24 18:56:02,"""Yes, anticipatory anxiety. I have it about almost everything in my calendar. For a long time I just assumed social anxiety, until I realized that being in social situations wasn't actually that stressful to me, but the time leading up to it was.""",0.19354394
b' ',2022-06-24 16:52:35,"I had 2 wisdom teeth taken out recently and I promise I bled? Like what does it even mean to ""not bleed as anticipated""? Lol",0.17831987
b' ',2022-06-22 22:01:42,"""I completed my GIS postgrad with a BA in psychology. I didn't end up staying in GIS as a career, but I do web development now, so I've really been all over the place :)""",0.012613331
b' ',2022-06-22 19:52:41,https://huggingface.co/spaces/dalle-mini/dalle-mini,0.045582302
b' ',2022-06-21 05:41:07,"""Yup, I have hyperkeratosis, and also don't sweat very easily. If I do, it's either from my face or chest. I don't really find that any topical or physical treatment does anything to improve or hinder my ability to sweat, so I'm just cautious and mindful about my heat exposure. I stay very well hydrated, dress in loose clothing, and seek out the shade when I can. When I come inside from the heat I might put an ice pack on my face or back to help cool me down.""",0.16597798
b' ',2022-06-19 16:51:43,"I saw the same on Wednesday - I passed by the area around 8:30am and there was already a line out the door of the building, down the sidewalk.",0.06621261
b' ',2022-06-16 00:09:55,"""Okay but it's kind of cute tho""",0.10059795
b' ',2022-06-15 20:28:04,"""I have no allergies""\n\nNow that\'s an enviable quality haha",0.11072212
b' ',2022-06-11 22:20:17,"I love this for you so much. When I first started treatment with my therapist she asked me what I wanted to be able to do by the time I was finishing  treatment, and one of the things I said was I wanted to learn how to fly. Thanks for sharing this huge win!",0.13686791
b' ',2022-06-07 05:32:59,"""Honestly I know this probably isn't a great answer, but when this happens to me, I just begrudgingly accept it. Like, it's happened before, it'll probably happen again, and once it's time for me to get ready for work there's nothing else I can do about it . I know what to expect from my body and I know I just have to ride it out. It won't kill me, or even really hurt me, even though it's uncomfortable and unpleasant. Just try to take care of yourself in ways that you can - eat enough, get up and move around when you can, find little things that maybe make you smile throughout the day. Good luck :)""",0.16475716
b' ',2022-06-05 20:44:45,"""My partner and I have been together for nearly 11 years, and I've been a vegetarian for the large majority of that time. My partner is not vegetarian. I have never once been made to feel badly about how I eat, nor has he ever once tried to convince me to change how I eat.\n\nIt's fine if you want to change how or what you eat out of your own volition, but do it for yourself, not because someone else is annoyed by it. I know you love him, but I'm not sure that someone who loves you back would treat your dietary restrictions as this much of a deal breaker.""",0.42269552
b' ',2022-06-03 16:00:27,"""Technically yes, but as the (now adult) kid of anti-vaxx parents in Ontario, it wasn't hard for them to opt me out of them.""",0.10451596
b' ',2022-06-03 13:58:48,"""I second the recommendation of the DARE app. I tried Better Help and didn't have a great experience. I have found the DARE app helpful though.""",0.109521545
b' ',2022-06-01 20:14:14,"Yeah, and it came from two different behaviours on their part.\n\nFirst, my mother is from a family of chronically nervous people. For ex, If I\'m taking a trip, I have to keep her posted at regular intervals. Once, I happened to stop to use the bathroom and left my phone in the car. When I got back to my phone I had texts, missed calls, and voicemails from her freaking out.\n\nMy family also loves to comment on how good the health of other people is. ""She\'s in her 90s and isn\'t on any medication!"" ""He cured himself from cancer through food!"" ""No wonder he has *health condition*! He does *random arbitrary thing*!""\n\nI feel like I was set up to be chronically nervous and somehow think that even a cold was a moral failing (health is obviously not a moral failing).",0.117423266
b' ',2022-06-01 14:05:43,Okay but Killarney is worth it...mostly,0.060161065
b' ',2022-05-29 01:34:15,"""A cold soba noodle salad, with julienned cucumber, carrot, bell peppers, green onion, maybe some red cabbage. Dress it with a ginger/soy sauce/lime vinaigrette. If I'm feeling ambitious maybe I'll cook some tofu or chicken for some added protein.""",0.37632722
b' ',2022-05-27 23:27:42,I want my broccoli to CRONCH,0.22057109
b' ',2022-05-27 21:03:02,"""Visiting parents and Dad offered to make dinner. Y'all, the broccoli he steamed was so soft, I didn't even have to chew it. It just disintegrated.""",0.2923339
b' ',2022-05-27 17:56:59,"""I go to [Good Hair Co.](https://goodhaircokw.com/) for my short hair styles, and I think they're really great. However their barber cuts will run from $32-$40, so it may be a bit out of your preferred range.""",0.07927672
b' ',2022-05-25 16:32:42,"My favorite was when a therapist told me to just ""imagine a stop sign and tell yourself to stop""...and that was it. That was the extent of the therapy he did for me, and told my mom I wouldn\'t need further treatment.",0.09471975
b' ',2022-05-25 12:56:52,Yup! Check out Communauto \nhttps://ontario.communauto.com/,0.015260003
b' ',2022-05-21 20:14:19,Intense exercise is actually a therapeutic technique used in DBT as part of the TIPP technique: https://dialecticalbehaviortherapy.com/distress-tolerance/tipp/,0.1518436
b' ',2022-05-19 17:19:22,"""I definitely experience a correlation between anxiety and acid reflux. Obviously if it's particularly disruptive for you, you should speak with a doctor. Also, I don't know what you're gender is, but for me, I will sometimes get TERRIBLE nighttime heartburn as a PMS symptom.\n\nHeartburn and acid reflux are definitely uncomfortable and scary, but if it only happens from time to time, it's probably nothing to be too concerned about :)""",0.1547971
b' ',2022-05-19 01:46:13,"For sure! There are some worksheets available for free that I\'ve found helpful, and were recommended by my therapist: https://www.cci.health.wa.gov.au/Resources/Looking-After-Yourself/Health-Anxiety\n\nI\'ve recently started trying the DARE app after seeing a lot of positive reviews of it online. There\'s a free version, and a paid version, but I think you might be able to get 2 weeks free. So far I like it, but there\'s a lot of meditation and ""being in your body"", which I realize might be hard for people just beginning to tackle their health anxiety.\n\nWishing you the best \xe2\x99\xa5\xef\xb8\x8f",0.15801765
b' ',2022-05-16 16:43:45,"""Echoing what a lot of other people have said, there are definitely a few avenues you can pursue yourself, without a therapist, to help with your anxiety (ie CBT). And in my experience doing that sort of hard work on my own has been really helpful. I will also say, though that therapies like CBT look at treating the anxiety in the moment, and to reduce the distress going forward. These therapies don't deal with the root cause of your anxiety. If you're interested in uncovering some of those root causes and digging deeper into potential traumas, you should seek out a therapist who can provide a safe space for you to do so. Best of luck",0.04630762
