Title,Date,Text,Similarity
b' ',2022-10-05 22:20:08,geoguessr.com,0.016568536
b' ',2022-10-05 21:36:46,In that case you guys win second most racist,0.05009059
b' ',2022-10-05 21:28:32,"""Three wise men. Spanish tradition. Basically in the bible (I think) the three wise men brought gifts to Christ's birth. They bring the kids presents on the 6th of January like Santa. One of them was black. So at christmas parades they each have their own chariot or whatever the fuck they\xe2\x80\x99re called in English and if they couldn\xe2\x80\x99t/didn\xe2\x80\x99t bother (probably the second) to find a black man, they just blackface it""",-0.004574945
b' ',2022-10-04 22:32:53,"I would say dubbed in Spanish. You want to attune your ear to the language. To get into written Spanish I think songs are an enjoyable way to do it, find songs you like and look for translations of the lyrics :)",0.045695953
b' ',2022-10-04 00:06:48,"that makes total sense actually, thanks!",0.064626954
b' ',2022-10-03 20:32:20,"OP mentioned in another comment height is unknown though, I suppose images are pulled dynamically.",0.056434087
b' ',2022-10-03 20:29:22,"He was replying to [this guy](https://www.reddit.com/r/askspain/comments/xumgmo/cargo_shipping_i_need_to_ship_500_ton_from_spain/iqwp81n/?utm_source=share=ios_app=iossmf=3), just missed the reply button",0.032982208
b' ',2022-10-03 20:27:50,for yo mama?,0.09136869
b' ',2022-10-03 20:25:35,Thanks for all the fish,0.14758727
b' ',2022-10-03 20:24:44,"Grid doesn\xe2\x80\x99t work as row height is constant, if I\xe2\x80\x99m not mistaken, I think the easiest approach without using a library is having a flexbox for each column",0.002321273
b' ',2022-10-03 17:22:51,idealista.es,-0.040726103
b' ',2022-10-03 13:31:38,Is that recent? Was there about four years ago and over all it was absolutely fine,0.17243066
b' ',2022-10-03 10:13:46,"All conversations are in writing, so if anyone requests something, I will give my suggestion (if required), and if they are disregarded I will not fight it, I just do as I\xe2\x80\x99m told. Someone else doesn\xe2\x80\x99t like it? Talk to the other guy\n\nOther times I just play dumb, ignore small pieces of input and do what I think is best, more often than not people are happy with the results and it flies\n\nTry not to give anything more importance than it\xe2\x80\x99s worth to keep me sane haha",0.05273564
b' ',2022-10-03 10:06:55,Also worth noting this expression is very tied to European Spanish. Actually commonly used by LATAM Natives to imitate our accent :),0.017035183
b' ',2022-10-03 10:02:47,Is that Napoli? Heard there\xe2\x80\x99s a big problem with waste management there but might not be \xf0\x9f\xa4\xb7\xf0\x9f\x8f\xbb\xe2\x80\x8d\xe2\x99\x82\xef\xb8\x8f,0.12080727
b' ',2022-10-03 09:59:00,These are legendary ranked games \xf0\x9f\x92\x80,-0.028555047
b' ',2022-10-01 18:11:32,https://www.urbandictionary.com/define.php?term=Yeet,0.010911384
b' ',2022-10-01 17:58:05,"haha, they almost said boobie",0.08961287
b' ',2022-10-01 09:49:15,"So interesting, this sounds so wrong to me I never knew the use was widespread in LATAM! Today I learned \xf0\x9f\x98\x84",0.02175036
b' ',2022-09-29 13:57:57,Bootstrap\n\nNow comes the hate,-0.0021547265
b' ',2022-09-26 10:11:55,"The way I see it, networking is a two way street. So look at what you can bring to the table and broadcast it. LinkedIn, Reddit, Indiehacker sound like good places to do so. Or local conventions or meet ups.\n\nIf you can, for many valid reasons, not bring anything to the table in this particular industry, look for mentorship programs. Many people out there willing to help and teach others looking for nothing in return. Surprisingly, I found great communities on the educational side of twitch, maybe start there?",0.09610607
b' ',2022-09-26 10:00:15,"Sure, move to a Spanish speaking country and get a job in the service industry, preferably a bar. \n\nSarcasm aside, good luck with that",-0.062008183
b' ',2022-09-26 08:58:11,"Gift them a grammar book, reading their text was painful",0.028501943
b' ',2022-09-24 20:28:11,"to be honest, since epic store came out I avoid steam at all costs, and its UX  UI are a big part of why",0.06114053
b' ',2022-09-24 20:27:22,"A good design system shouldn\xe2\x80\x99t take a toll on the creation process, but rather facilitate it. It\xe2\x80\x99s working a little harder today, to work a little less tomorrow :)",0.06867619
b' ',2022-09-21 12:38:04,"If you speak spanish or know anyone that does, easiest thing is to call the Ministry for Health. I did a few months ago because of conflicting info online and they were super helpful",0.06534171
b' ',2022-09-20 10:50:31,"""Funny, I\xe2\x80\x99m 2 years into my career and I feel the opposite! A lot of the time I'm afraid I will be the one adding technical debt and am generally pleased by other's work. At my current job I can only think of one project where I advocated for a full rebuild, and senior devs backed me up on it""",-0.03452277
b' ',2022-09-19 14:55:43,"I do think if global warming carries on like this, the north will likely see an increase in tourism and population, while the opposite happens in the south.",0.1309185
b' ',2022-09-17 15:34:16,"No, I ask questions I know the answer to for sport.",0.11328708
b' ',2022-09-17 10:06:39,"Ahaa, good to know ty. Save to say I was confused",0.031194635
b' ',2022-09-17 01:53:09,a nivel requisitos t\xc3\xa9cnicos y profesionales si. A nivel legal ya ser\xc3\xada otro tema :),-0.12164824
b' ',2022-09-14 21:12:19,link please?,0.13232067
b' ',2022-09-13 08:01:46,If you move large sums or have a lot of capital the bank will likely send you the records. Otherwise excel,0.0085248165
b' ',2022-09-13 07:09:02,Valtonyc did also make calls to violence yes. But his charges are glorification of terrorism and insults to the king.,0.076364905
b' ',2022-09-13 00:04:36,"No need for the pseudo, Franco was a fascist haha \nYou would expect us to know better wouldn\xe2\x80\x99t you? But yet here we are haha",0.04070121
b' ',2022-09-13 00:01:12,"haha no problem! Just left it below, its \xe2\x80\x9cSalvar al rey\xe2\x80\x9d",-0.06208201
b' ',2022-09-12 23:21:05,\xe2\x80\x9cSalvar al rey\xe2\x80\x9d not sure if this link will work abroad but here you go! https://www.hbomax.com/es/es/series/urn:hbo:series:GYukKWwD5xliCmwEAAABB,-0.030525737
b' ',2022-09-12 21:49:49,HBO Just put out a documentary show on the clown. Gotta see it to believe it. Absolute traitor,0.10761912
b' ',2022-09-12 21:05:26,graphics card go boom,-0.014751365
b' ',2022-09-12 20:56:46,Wait till you hear about Spain. We have a rapper in jail and another one exiled in Brussels for talking shit against our crown \xf0\x9f\xa4\xa1,-0.026832663
b' ',2022-09-11 10:23:44,"You\xe2\x80\x99re doing it wrong, red and sharp downward turns is what we\xe2\x80\x99re going for here",0.035263725
b' ',2022-09-11 10:20:08,A whole 2 dollars,-0.0019976813
b' ',2022-09-11 10:15:34,Turn your phone around and you\xe2\x80\x99re good,0.048154533
b' ',2022-09-11 10:12:26,Legit not sure what I\xe2\x80\x99m looking at,-0.036240965
b' ',2022-09-11 10:07:24,"Also remember you can\xe2\x80\x99t get a mortgage on over (I believe) 80% of the price of the home. Don\xe2\x80\x99t think it would apply to personal loan though, but interest rates are obviously higher",0.061201
b' ',2022-09-09 00:43:48,1 looks better imo,0.04288664
b' ',2022-09-08 17:59:20,So Oranges don\xe2\x80\x99t exist?,0.042870507
b' ',2022-09-08 15:03:02,"I think apple is very careful with those types of apps, most of the time you can\xe2\x80\x99t simply upload an app that is a webview of PWA if i\xe2\x80\x99m not mistaken",0.09291792
b' ',2022-09-05 19:47:20,"I guess it really depends on a case by case basis, I was employed twice and both employers mentioned that my portfolio won them over",0.12937596
b' ',2022-09-05 17:22:27,Spanish,-0.08729337
b' ',2022-09-02 18:24:02,"I would say invest a month or two into making your portfolio really stand out. As others have pointed out, it\xe2\x80\x99s just not saying much at the moment.\n\nI\xe2\x80\x99m no expert in recruiting, but I can share my own experience. I got my first gig about two years ago, I had been coding for a little over 3 months. I came from design so I decided to leverage that and try go strong into creative development (as others have mentioned, find a niche). I built a portfolio to showcase that. I sent a looooot of resumes and was very straight up about my short experience, but a relatively small agency decided to give me a shot and I learned so much with them while honestly being very generously compensated for my lack of experience.\n\nSo I think the take aways are:\nFind a niche\nDont oversell yourself, be honest\nAnd go for companies that are willing to let you learn with them, this part is really a hit or miss but you\xe2\x80\x99ll get it eventually \n\nWelcome to the team, and best of luck in your journey!",0.02546401
b' ',2022-09-02 14:25:12,"Lucky you, you now get to charge them a copywriter fee",0.017492775
b' ',2022-09-01 19:22:12,"React will inevitably become stale at some point, but I doubt node and reactive js frameworks will go anywhere any time soon. I\xe2\x80\x99m sure most knowledge will transfer nicely to \xe2\x80\x9cthe next big thing\xe2\x80\x9d",-0.044287592
b' ',2022-09-01 19:15:54,"Well done! 5% Success rate is impressive, but I\xe2\x80\x99m honestly more shocked only 2% ghosted you",0.09503028
b' ',2022-08-30 12:22:07,"This is so insulting, it\xe2\x80\x99s borderline hilarious",0.028654423
b' ',2022-08-30 12:18:31,"Borders are a ridiculous concept to begin with, the only aspect that makes sense to me is the cultural one. I\xe2\x80\x99m happy to welcome anyone in my country so long as they respect its people and culture. Just as I would hope to be welcomed anywhere in the world.\n\nIf they want to work and they are able to, happy to have them :)",0.0061067482
b' ',2022-08-28 13:39:33,I\xe2\x80\x99m gonna guess this map has averaged the tonality of home colors rather than taken the most popular color,0.045375384
b' ',2022-08-26 14:10:35,"I would have guessed SA or AUS. What\xe2\x80\x99s the dead giveaway for you guys that this is AUS, or what makes it surely NOT SA?",0.06665471
b' ',2022-08-26 10:30:14,"""I know this is generally not the usual tone of this sub. But I\xe2\x80\x99ll try be helpful.\n\nWe've all been 18, and thought we were the shit. Here\xe2\x80\x99s the reality check though:\n\nYou\xe2\x80\x99ve made about 20-30k in 6 months. That\xe2\x80\x99s pocket change. Give me a 9-5 with better pay, insurance, wage stability and half the levels of stress.\n\nThis is a fucking casino. I know you feel super smart right now, and you probably are, but you just won\xe2\x80\x99t beat the hedgies over at Wall Street, because you simply can\xe2\x80\x99t predict the future, and you don\xe2\x80\x99t have stupid amounts of capital.\n\nDon\xe2\x80\x99t quit trading, you\xe2\x80\x99re clearly better at it than half of us retards. But do yourself a favor and get a job.\n\nWith that said, I know you aren\xe2\x80\x99t gonna do shit, and I hope you prove us all wrong. But I'd bet my ass reality is gonna bite yours. \n\nGood luck!""",0.07214651
b' ',2022-08-25 04:17:59,gold,-0.092664726
b' ',2022-08-22 21:16:36,"As general info, you need a NIE to get a job and legally reside here, google the requirements for residence permits for US citizens. If you have a EU passport it\xe2\x80\x99s a piece of cake.",-0.022416836
b' ',2022-08-22 21:15:30,lmao he literally politely told you where to get better answers. Take a fucking chill pill,0.052625533
b' ',2022-08-22 21:14:27,"Madrid will probably be cold, I was there last year and it was cold but totally bearable. Barcelona will be mild towards the colder side, but mild. Seville will be mild. Should be pretty dry generally speaking in Madrid and Seville. Not sure about Barcelona, not a very rainy city",0.015891138
b' ',2022-08-22 18:33:59,"My partner and I spend about twice of that a month on groceries, give or take. So about two weeks worth",0.19401455
b' ',2022-08-21 22:58:48,"I think this really depends on the country, a close relative did exactly this with absolutely no repercussions or bad blood with previous employee because she simply did not sign a non-compete, and didn\xe2\x80\x99t force any clients, just pulled the string she had",-0.033578254
b' ',2022-08-15 19:37:56,"To be honest I switched from UI design to webdev because the pay was way better, it\xe2\x80\x99s remote friendly and it seemed interesting. Now I actually love the day to day, enjoy it so much more than UI/UX. So a happy accident I guess",0.09039431
b' ',2022-08-15 19:35:07,"Some sites have a public sitemap, if you can find it",-0.011094398
b' ',2022-08-14 21:47:04,"With regards to what can be done to avoid this. There is uptime monitoring tools like uptime robot \n\nhttps://uptimerobot.com/ which work quite well.\n\nI understand you want to find small to mid sized businesses who don\xe2\x80\x99t have uptime solutions in place to try and sell them a solution. Which is legit, and a good idea. The problem is I don\xe2\x80\x99t think it\xe2\x80\x99s very financially viable.\n\nThe best way I can think of doing this, there might be others, is to build a crawler which browses the web, and like I said, just reports on bad responses. \n\nThis isn\xe2\x80\x99t difficult or expensive, matter of fact a lot of people and companies do this sort of things for various reasons. The problem is that by pure statistics, the number of sites you will find is limited. Out of those, a number will be false positives, temporary downtimes, etc\xe2\x80\xa6 Out of the small percentage of websites you visit which are genuinely out, only a few will be business,  so yeah. Hope that answers your question",0.035969753
b' ',2022-08-14 14:31:44,Not really a realistic ask if I\xe2\x80\x99m honest. Not unless you\xe2\x80\x99re in absolutely no rush to attain substantial results. \n\nIf you could give us more info about your idea / end-goal we might be able to give more useful advice :),0.02907777
b' ',2022-08-14 14:00:50,Good job!\n\nAnd go fuck yourself,0.07857819
b' ',2022-08-14 13:55:15,"The undertone of this post, and the fact that you had to seek guidance on how to handle this situation strongly suggests you are not yet suited for a managerial position. And that\xe2\x80\x99s okay!\n\nWe all have our own set of skills, fortes, and weaknesses. I would ask for feedback and take it as an opportunity to reflect on your goals and abilities.\n\nDo you want a managerial position because the responsibilities seem well suited and interesting or because that\xe2\x80\x99s what you feel is the natural progression your career should take?",0.108032286
b' ',2022-08-14 13:47:08,"Sure, crawl the whole web and log bad responses",0.09708536
b' ',2022-08-13 23:21:29,"Honestly you\xe2\x80\x99ll be fine. Depends on where you\xe2\x80\x99re going of course, maybe less populated areas have less english, but still, totally okay! :)",0.101502955
b' ',2022-08-13 21:40:13,"Because it\xe2\x80\x99s a team game, if you perform well but can\xe2\x80\x99t win, then you\xe2\x80\x99re failing with your team",0.05434187
b' ',2022-08-13 10:55:23,"Coastal Galicia, Asturias, Cantabria, Basque Country should be totally fine. :)",-0.0008121282
b' ',2022-08-12 18:00:24,"I will say, you did a good job, from the video it looks exactly like a native iOS app. Kudos",0.06344004
b' ',2022-08-12 16:34:46,"From a technical perspective, 100% overkill. But it\xe2\x80\x99s the best way to showcase that you know the stack you claim to know :)",0.010975061
b' ',2022-08-12 14:27:27,"Pure CSS is the way, you\xe2\x80\x99ll be bad at everything, until you\xe2\x80\x99re good!",0.021816695
b' ',2022-08-12 14:24:27,"That\xe2\x80\x99s so interesting I\xe2\x80\x99ve run into a super similar bug on a small personal project of mine. \n\nI store data in different objets in a json, and when editing them in a specific order, edits from one side of the application make their way to other objects, which are completely separate.\n\nI still haven\xe2\x80\x99t figured it out, but it\xe2\x80\x99s looking like a 10 hour one liner too \xf0\x9f\x98\x86",0.009424007
b' ',2022-08-12 09:23:01,MacOS is pretty good,0.09236561
b' ',2022-08-10 18:27:23,"Totally, bureaucracy for these things is slow too, gotta give them time to adapt",0.1420922
b' ',2022-08-10 11:27:14,"""Thanks for the recommendation, I had no idea this was a possibility, I'll look into it. I'll look into the IRCC tool too, thanks f a lot :)""",0.05420574
b' ',2022-08-10 11:26:39,"""Thank you so much for the information, I will look into the open work permit.  \nPity Canada doesn't have a digital nomad programme :'(""",-0.030730423
b' ',2022-08-10 11:23:04,\xe2\x80\x9cRoom temperature IQ\xe2\x80\x9d is my new favorite term,0.076893225
b' ',2022-08-10 11:16:26,"""She doesn't plan to work remotely, we would move there for her to work physically in Canada for a Canadian company, once she had a formal job offer of course. Which to my understanding is more or less how work permits work :)""",-0.059157163
b' ',2022-08-09 17:19:19,"That one is totally new to me, good to know!",0.09158141
b' ',2022-08-09 13:51:42,"Really though the title was clickbait/misleading.\n\nNope, man really can\xe2\x80\x99t cease to amaze me",0.05273912
b' ',2022-08-09 13:48:49,Jokes on you Russian soldiers have been training teleportation for years now.\n\nWestern propaganda will never admit it though\n\n/s,0.09682355
b' ',2022-08-09 13:43:36,That definitely sounds more familiar thanks for reminding me!,0.109855436
b' ',2022-08-09 13:02:40,"Interesting! Doesn\xe2\x80\x99t quite translate but it is similar. \n\nThat would be similar perhaps to \xe2\x80\x9cdejar tirado\xe2\x80\x9d, which roughly translates to \xe2\x80\x9cleave about\xe2\x80\x9d but basically means to ditch or bail on someone :)\n\nInteresting to know though, thanks for sharing!",-0.0019693952
b' ',2022-08-09 12:51:15,"""Interesting that I'd never heard that before! Thanks for sharing, the etymology is hilarious to be fair haha""",0.042345103
b' ',2022-08-09 12:49:41,"""Thanks for the answer! That's interesting, I've never heard of an Irish Exit until now. And the etymology just makes it funnier https://www.dictionary.com/e/slang/irish-goodbye/#:\\~:text=Rice%20University's%20database%20of%20neologisms,revealing%20how%20drunk%20they%20are.""",0.06707659
b'Is there an English equivalent to this Spanish expression?',2022-08-09 12:24:23,"In Spain, we have an expression: ""Hacer bomba de humo"".  \nWhich literally translates to ""To smoke-bomb"", referring to the trick magicians use to disappear.\n\nIt is used to refer to someone who has left a place unannounced or unexpectedly, in such a way that goes unnoticed by those that are present.  \n\n\nIs there anything similar in English?",0.006371918
b' ',2022-08-09 09:52:42,"Secretary fired due to inflation induced budget cuts, raids now carried out on first come first served basis. \n\nThank you for your understanding",0.11936153
b' ',2022-08-09 09:43:32,"\xe2\x80\x9cThe FBI conducted an unannounced raid\xe2\x80\x9d\n\nWell yes, Eric, that\xe2\x80\x99s the point",0.071590185
b' ',2022-08-07 11:32:52,Film that shit and send it to the FBI. They would go to town on those fuckers,0.06346438
b' ',2022-08-07 11:22:01,this,-0.004595598
b' ',2022-08-07 09:51:07,"Dalas, eres tu?",0.017960757
b' ',2022-08-06 20:04:41,"""I keep seeing questions in this sub of non technical people question their technical colleagues, contractors, etc\xe2\x80\xa6\n\nHonestly, if this is this guy's job, just listen to him. Professional relationships are based on trust, if you can\xe2\x80\x99t trust him, reevaluate the relationship.""",-0.01731738
b' ',2022-08-06 00:25:41,Fuck that guy,0.040641103
b' ',2022-08-05 22:36:45,Over engineering is the only true way \xf0\x9f\x98\x8e,0.054625478
b' ',2022-08-05 19:29:48,"Doesn\xe2\x80\x99t look like you ever made money though, what\xe2\x80\x99s old WSB got to do with it?",0.15240481
b' ',2022-08-04 23:33:47,"I\xe2\x80\x99m in, don\xe2\x80\x99t disappoint bois",0.027925648
b' ',2022-08-04 21:16:27,"Hero, Banner, CTA",-0.02598564
b' ',2022-08-04 00:47:10,"The \xe2\x80\x9cX just bet Y on Z\xe2\x80\x9d is blatantly fake, username\xe2\x80\x99s are a huge tell.\n\nI get why you do it, makes sense, but maybe try a different username generator \xf0\x9f\x98\x84",0.00523559
b' ',2022-08-03 19:29:00,"Yes that\xe2\x80\x99s a perfectly good way of doing it :)\n\nI\xe2\x80\x99ve recently started working almost exclusively with vw though, (some em here and there still) and it\xe2\x80\x99s also a great approach",-0.014848527
b' ',2022-08-03 14:10:55,"Yep, it also makes sense, if I open a site and it starts playing sounds I wasn\xe2\x80\x99t expecting I\xe2\x80\x99m off it within 3 seconds haha",0.06373984
b' ',2022-08-03 13:14:35,Here\xe2\x80\x99s something that might help\n\nhttps://stackoverflow.com/questions/51837051/video-autoplay-on-safari-11,0.009629212
b' ',2022-08-03 12:30:35,"Like soradbro said, half pixels only really work on retina displays. Either way using pixels when implementing designs is generally a bad idea. EM/REM/VW is the way to go. For various reasons, like accessibility, but also because different browsers treat pixels and units differently. Safari for instance does some rounding on pixel values, while Chrome tries not to.",-0.02659462
b' ',2022-08-01 10:55:40,"I\xe2\x80\x99ve run a website with user generated content, and whenever we had to report very illegal content, or got data requests from the police, they would ask for all sorts of access logs, including I.P addresses. So ideally, yes, do. But make sure it\xe2\x80\x99s GDPR compliant",0.013494754
b' ',2022-07-31 00:14:03,Came to say basically this!,0.046352036
b' ',2022-07-30 22:36:19,"Once you know what you\xe2\x80\x99re doing, you learn how to make sure things look the way you want them to across browsers pretty consistently. You will of course run into issues here and there, particularly with Safari. But if you\xe2\x80\x99re keeping it simple enough that you can use bootstrap, I think the knowledge required to do a good job without it is quite achievable.",0.036912806
b' ',2022-07-30 22:34:35,"I agree with the points you make. The main disadvantage for me is that becoming too reliant on Bootstrap is a huge handicap as a developer, if you\xe2\x80\x99re ever tasked with bringing to live a UI that has any personality or breaks any conventions. In certain cases, 100% bootstrap is a massive timesaver and a smart choice. But when you\xe2\x80\x99re learning, I would focus on really knowing my shit before taking the fast lane that is bootstrap",0.015658187
b' ',2022-07-30 22:32:38,I am convinced AR is going to be huge in the next 10-20 years,0.040015407
b' ',2022-07-30 18:23:37,wow I really like the first one! Are they for sale anywhere for Europe?,0.06418023
b' ',2022-07-30 17:57:15,If you rely on bootstrap to write decent html  css you have an issue\xe2\x80\xa6 It\xe2\x80\x99s not that hard,0.029231606
b' ',2022-07-29 21:38:57,"I don\xe2\x80\x99t talk to Androids, that green text bubble makes me cringe",0.035927467
b' ',2022-07-29 17:31:58,I really like it!\n\nJust to be annoying:\nOn iOS a certain animation causes a weird white line to fly upwards quite quickly. It\xe2\x80\x99s far from a big deal but it bugs me a bit \n\nGood job!,0.049605682
b' ',2022-07-27 00:14:40,nice pup!,0.08081584
b' ',2022-07-24 21:11:14,"Same, dm me your portfolio, might be able to help :)",0.0437125
b' ',2022-07-24 17:04:02,"If it\xe2\x80\x99s a front facing admin panel, like azure to use your example, then 100%, custom build it. If it\xe2\x80\x99s something internal, unless you have a real budget excess, I\xe2\x80\x99d say save time, go for a pre-built CMS\n\nEdit to add this:\nOr meet them halfway, use an open source CMS and customize it",-0.0056525823
b' ',2022-07-24 16:58:11,Thank you so much for explanation this really helped tie the concept together!,0.07909156
b' ',2022-07-24 16:48:09,"Basically, the CMS is already built and has everything you need. Can you build a custom admin panel? Sure, but why bother?\n\nIt\xe2\x80\x99s like remaking a node module simply because you can. I mean sure go ahead, but why?",0.01733003
b' ',2022-07-24 14:32:55,"""Few mistakes\n\n'this' is redundant in accessing the function, just call it directly. like onClick={fcName} Also 'this' isn\xe2\x80\x99t accessible in arrow functions to the best of my knowledge, use a normal function. Like onClick={function() { fcName.bind(this) }} But yeah, as your log states, 'this' is undefined""",0.00054742023
b' ',2022-07-24 14:28:59,According to a local journal\nDogs\nCats\nBirds\nTurtles,0.06043928
b' ',2022-07-24 14:25:48,"I mean it\xe2\x80\x99s a one dollar bill, who the fucks gonna know you set it on fire? haha",0.06742913
b' ',2022-07-24 14:20:00,Maybe a cheap tapa and a drink. If you wanna stay away from fast food,0.27691218
b' ',2022-07-24 01:12:05,They\xe2\x80\x99ve milked it far too long but\xe2\x80\xa6\n\nSkyrim,0.086390525
b' ',2022-07-23 18:53:04,"wow, amazing craftsmanship!",0.0030705798
b' ',2022-07-23 18:41:18,this is fun haha gj!,0.015153857
b' ',2022-07-22 13:47:56,time flies when you\xe2\x80\x99re having fun!,0.10339298
b' ',2022-07-22 13:25:15,"That page transition animation looks super slick \xf0\x9f\x91\x80\n\nIt looks nice and clean and it\xe2\x80\x99s far more functional, which I think most recruiters would really appreciate",0.0036746208
b' ',2022-07-22 13:06:09,"Buenas, aqu\xc3\xad un ingeniero sin estudios, y trabajo con otros tantos",0.07186052
b' ',2022-07-22 12:00:46,I mean they made Dr Strange white,0.10223468
b' ',2022-07-21 18:58:22,"I think you hit the nail in the head. The problem really boils down to corporate culture, which is really \xe2\x80\x9cno one\xe2\x80\x99s fault\xe2\x80\x9d most of the time, but that doesn\xe2\x80\x99t take away from the issue. There is clear benefits for offices, but productivity is not one of them. Some people are just not capable of WFH for so many reasons and that\xe2\x80\x99s alright too, each to their own. But I do see a lot of people in the industry barking at the wrong tree when it comes to this matter",0.090107694
b' ',2022-07-21 11:18:28,Galicians will reply to a question with another question,-0.040132944
b' ',2022-07-21 10:40:45,"I\xe2\x80\x99m twice as productive from home tbh. I have a suitable home-office with no distractions, and the work ethic to not need someone over my shoulder to actually do work. Don\xe2\x80\x99t plan on ever setting foot in an office again :)",-0.023876911
b' ',2022-07-19 16:52:56,"if you apply padding and margin 0 with * you are removing padding and margin from every element. Usually wont be an issue since you will then declare these values for every item. But it can be, just better practice to apply this only to body",0.022301214
b' ',2022-07-19 16:16:03,"Sometimes when I go to the mall I\xe2\x80\x99ll grab an iced coffee and drink it while I smoke a cig sitting in my car. I know it\xe2\x80\x99s weird but it\xe2\x80\x99s hot outside and I don\xe2\x80\x99t like to drink my coffee while I drive, but for Spain, definitely weird",0.072592735
b' ',2022-07-19 16:12:39,"apply it only to body, using the * selector can cause unwanted issues :)",0.01150769
b' ',2022-07-18 14:39:40,Wow looking more like Fortnite by the minute,0.09572685
b' ',2022-07-16 15:34:14,"I love this idea, best of luck!",0.07174252
b' ',2022-07-08 13:38:39,Get a new job. Honestly,-0.030445779
b' ',2022-07-06 12:33:54,"I agree you won\xe2\x80\x99t ALWAYS have to support Safari. But if you\xe2\x80\x99re hiring a dev, wouldn\xe2\x80\x99t it be nice if he was really efficient at supporting Safari?",0.029655207
b' ',2022-07-06 12:32:43,Thinking people will switch browsers for you is obnoxious. You\xe2\x80\x99re marginalizing users. Literally you against the world in this comment section. Are we speaking Chinese?,0.13256736
b' ',2022-07-06 11:52:20,"You\xe2\x80\x99re still marginalizing ~20% of users.\n\nI get Safari is infuriating, but most issues and bugs are reoccurring and you learn to deal with them quite quickly. I frankly don\xe2\x80\x99t see anyone becoming a good professional by just ignoring Safari",-0.004878411
b' ',2022-07-06 11:43:19,"The correlation is indeed irrelevant, what isn\xe2\x80\x99t irrelevant is that iOS users spend more on average\n\nhttps://sensortower.com/blog/revenue-per-android-device-2016\n\nThis article is outdated, but I\xe2\x80\x99m pretty sure the gap has widened even further.\n\nIt is what it is",0.07633962
b' ',2022-07-06 11:36:17,Why would your site not be intended for 70% of internet users? Seems like a very tiny use case,0.25475916
b' ',2022-07-06 08:48:39,Isn\xe2\x80\x99t your unemployment rate like record low? What makes her think the crisis comes from people not working? Doesn\xe2\x80\x99t compute,0.11649683
b' ',2022-07-06 08:41:56,"""Do people not realize iPhone's and iPad's can literally only run Safari? Not a small market to just ignore\xe2\x80\xa6""",0.11346306
b' ',2022-07-05 23:40:17,"""Over all I think it looks great.\n\nMaybe specify what specific technologies you excel in, only thing I\xe2\x80\x99m kind of left scratching my head over.\n\nSome language tips if I may\n\nSuccessful client projects\nBuild close relationships with clients. \nI believe dynamic collaboration is the only way to get the job done.\n\nI'm a Software Developer with extensive experience over the years. My expertise is in creating Websites, Apps, and much more.\n\nIn portfolio, lose the our. Just \xe2\x80\x9cPortfolio\xe2\x80\x9d. You refer to yourself in first person throughout, but use the third person there. Feels off""",-0.035375316
b' ',2022-07-05 23:32:09,I\xe2\x80\x99m feeling lazy so here\xe2\x80\x99s some minimal feedback. I think using an avatar representation of yourself that better matches the aesthetics of the UI would be a huge upgrade with minimal effort,0.02763221
b' ',2022-07-04 21:44:16,vim is for psychopaths\n\ni said what i said,0.038233824
b' ',2022-07-03 11:43:12,You can ask your company to hire you in Spain through an employment agency like remote.com if you don\xe2\x80\x99t want to be aut\xc3\xb3nomo. Easiest option for you,-0.08706294
b' ',2022-07-03 10:51:40,ratio,-0.0017826296
b' ',2022-07-01 13:42:10,"I have a pool and basketball soccer tennis and padel courts, for free, within a 1 minute walk from my apartment (which I use frequently). How the fuck am I unhealthier at an office where I spend hours commuting and am left with no motivation to do anything but sit on my ass at home? lmao",0.03091861
b' ',2022-06-30 21:06:43,Courage (The Cowardly Dog)\n\nHe looks spooked!,0.11723369
b' ',2022-06-30 21:05:45,Super common in Spain. I think something like 23% of adults are regular smokers (but don\xe2\x80\x99t take my word for it).,0.12840317
b' ',2022-06-30 20:56:34,gsap with svg interpolation plugin maybe?,-0.06377976
b' ',2022-06-27 15:30:00,"To be honest reading further into your situation in your other comments. It seems like a bit of a \xe2\x80\x9cspecial\xe2\x80\x9d situation. I would just have an open discussion with the person in charge, ask them how much value they see in it, and just try reach a number that keeps you all happy. It doesn\xe2\x80\x99t sound like they\xe2\x80\x99ll go down the corporate greed route, since they aren\xe2\x80\x99t a corporation. I wouldn\xe2\x80\x99t over complicate it! :)",0.07915981
b' ',2022-06-26 14:47:27,"ut it\xe2\x80\x99s not technically infringing on their constitutional right, just added bureaucracy. They can still technically buy an bear arms. \n\nAlso why is it okay for convicted felons to lose constitutional rights? Like I\xe2\x80\x99m totally for violent felons not having guns, but constitutionally, isn\xe2\x80\x99t that sort of fucked too?",-0.018724658
b' ',2022-06-26 14:42:47,good bot,-0.010820945
b' ',2022-06-26 14:40:04,"asking from complete ignorance, what\xe2\x80\x99s the difference between this age delimitation and other\xe2\x80\x99s such as drinking age or driving age?",0.18416792
b' ',2022-06-18 12:12:46,Can\xe2\x80\x99t inspect as I\xe2\x80\x99m on my phone but best guess would be Three.js,0.01233004
b' ',2022-06-18 11:35:01,"Was here to say the same thing,  NZ is Ireland with different street signs haha",0.0907894
b' ',2022-06-18 11:31:53,"Safari does the weirdest shit, if you can afford it, buy a browserstack subscription for testing on iOS",0.0577369
b' ',2022-06-18 11:25:00,I love fucking a todo list of all you,0.12068224
b' ',2022-06-16 16:29:54,"geekforgeeks is an awful site overall, any time I end up on it looking for a solution to something my browser crashes\xe2\x80\xa6",0.003510871
b' ',2022-06-12 22:01:40,"Para mi la cuesti\xc3\xb3n ser\xc3\xada.\n1) Cuanto ahorro a final de mes/a\xc3\xb1o en cada puesto\n2) Como de sostenible es mi nivel de felicidad en cada sitio \n\n\nSi en un sitio vas a ahorrar el triple y a mantener un nivel estable de felicidad para ahorrar unos a\xc3\xb1os, adelante. Si te vas a forrar pero vas a estar amargado, para mi no vale la pena. Pero eso ya es muy personal",-0.05479257
b' ',2022-06-12 21:59:52, That\xe2\x80\x99s not a rat that\xe2\x80\x99s clearly a long-tailed kitten\n\n /s,0.02260054
b' ',2022-06-09 19:39:10,"I like DO, cheap and straightforward https://docs.digitalocean.com/products/app-platform/languages-frameworks/nodejs/",0.024308309
b' ',2022-06-09 19:38:01,transition opacity at certain intersection / scrollPos,0.062988296
b' ',2022-06-09 19:36:27,or just throttle/debounce them?,0.19111538
b' ',2022-06-09 18:32:12,2 years behind on taxes and you blow your 2M on a loan? Why?\xe2\x80\xa6,0.073633455
b' ',2022-06-06 07:51:49,you can have it structured on the side of the screen and have the macro copy paste submit scroll repeat,0.03698181
b' ',2022-06-06 01:38:18,congrats!!! keep grinding \xf0\x9f\x8f\x84\xe2\x80\x8d\xe2\x99\x82\xef\xb8\x8f,0.14701496
b' ',2022-06-06 01:36:06,you could set up an autoclick/macro to do it for you,0.030118357
b' ',2022-06-06 01:20:32,"Corporate tax is paid in the corporation\xe2\x80\x99s country, personal income tax is paid in your country of residence. That being said. Ireland. Dirt cheap operation costs, low tax. EU state, easier trading etc",-0.0092337
b' ',2022-05-27 19:03:52,"""I never wear shoes at my own house, but I won't ask people to do it. And it seems to be my experience when I go to people's houses :)""",0.04638589
b' ',2022-05-24 23:12:40,"great answer, listen to this man op!",0.037393525
b' ',2022-05-24 23:07:26,"I don\xe2\x80\x99t get it, if Blizz is dependant on bot ban wave cycles to meet end of quarter profits. Why not just make a licit decent way for people to buy the gold from them and be done with it? Not like the lvl boost is true to the classic experience anyway lmao",0.035241146
b' ',2022-05-24 22:56:40,"""I've noticed it""",0.12884398
b' ',2022-05-24 15:55:43,"in my home town they only accept 5\xe2\x82\xac notes, anything bigger and you can\xe2\x80\x99t ride",-0.0021356922
b' ',2022-05-17 19:04:37,"If you want to make a career out of front end development, CSS is a MUST. No getting around it.   Do some reading and a lot of practical excercises if you\xe2\x80\x99re struggling. But you really cannot avoid it",0.025772955
"b'Objectively, are K-Drama actors good?'",2022-04-25 01:05:56,"I\xe2\x80\x99m not a crazy fan, but I enjoy watching k-dramas occasionally, unfortunately as I don\xe2\x80\x99t speak Korean I can\xe2\x80\x99t really tell if the acting is any good past gestures, facial expressions etc\xe2\x80\xa6 Are popular K-Drama actors like Song Kang or Park Min-Young objectively good or are they just famous because they are particularly attractive? (Which is mostly the case in my country)",0.09840912
b' ',2022-04-12 14:38:25,"Whenever anyone sells it as an ""access token"" to some exclusive perks, communities or whatever I can\'t help wonder. What value do NFTs and the blockchain even bring to this? If I own a company and I want to give you exclusive rights to something, you pay me, I make a little note, and I know you bought it. Wanna make it speculative? Okay, let me know if you sell it, I\'ll make another little note.\n\nThen again, speculation offers absolutely no value to the world other than the further accumulation of wealth. This all just feels like an enormous Ponzi scheme.",-0.0025202185
b' ',2022-03-06 21:24:16,"I would go to a pub crawl, best place to meet people and generally speaking organizers will make sure you\xe2\x80\x99re safe and sound :)",0.046398643
b' ',2022-03-03 18:46:20,u da best,-0.071128
b' ',2022-03-03 15:48:45,"""Hey u/filipgeoguessr it's broken again :'(""",-0.065148115
b' ',2022-03-03 13:53:04,Thanks!!,0.08072543
