Title,Date,Text,Similarity
b' ',2022-10-18 02:10:33,"""I don't experience gender envy actually. I see my gender as intrinsic to me, so it'd be pretty fucked up if I did lol""",0.0659862
b' ',2022-10-18 01:43:20,"""Sorry, I don't really get it. I think we might be coming at it with different understandings of gender. Why would she just look like a woman and not a man dressed like a woman, but he would look like a man dressed like a woman?\n\nI think you'll have a hard time coming off as not straight if you specifically do a couple's costume with 2 people, where one must be femme and one must be masc, and play off each other as a pair, especially if you accentuate differences in your bodies. Those are straight ideals, cues that straight people use to find others like them. Binary centrism that treats femininity as the flipside of masculinity, traits that must be balanced with each other.\n\nBoth of my partners are different gender than me, as a nonbinary person, but we treat them like gay, same gender relationships, so when we dress up for cons and stuff like that we emphasize similarity in gender. We have a schoolgirl gang costume that we do and we're also going to dress lolita. I think both of those are also archetyped gender expressions that help an audience go beyond making the connection of femininity > woman.\n\nI liked the other commenter's idea of vaudeville style mixing masc and femme traits in both of you. You can take that idea into any costume you choose. And maybe you can take some inspiration from drag, including techniques that AFAB queens or drag kings use. Or what about gender swapping the characters themselves? He plays female Mario, she plays Prince Peach; she plays Mario, he plays Bowsette, if being a male female character pair is easier for you.""",0.090997964
b' ',2022-10-17 06:19:59,"""Dedicate"" is supposed to be Delicate right?\n\nI was gonna ask about the pigeon question but then I saw.",0.1344184
b' ',2022-10-16 20:18:14,"""I'm sorry, that sounds so difficult. I also grew up with a really open parent and struggled when I met my in-laws who judged me for my class and background, and I felt they blamed me for the way my partner and I lived as adults. Experiencing oppression from within your family is a very different and more vulnerable position than just from general society.\n\nIt was very kind of you to offer to come out to your bf's parents before him, so please don't feel guilty for it. Try to look at it like your bf's dad is the one responsible for his own anger and making sure he doesn't bring harm to his family. It isn't your existence or coming out that is the problem.\n\nI also think it's so normal to tell the siblings first before the parents, those siblings are probably your peers and have way less power over the two of you than the father has.""",0.10786964
b' ',2022-10-16 19:20:42,"It sounds religious. \n\nI think subconsciously picking up on gender cues is real, that\'s how humans usually guess other people\'s gender, but the past life and refusal to define ""energy"" stuff is part of a specific spiritual belief. You don\'t have to believe or take her beliefs to heart if you don\'t want to.",0.16435911
b'Cancel passport renewal?',2022-10-16 19:09:58,"""I sent an application for a passport renewal because I only have a card and not a book. What I didn't know is that my mother actually has my passport, valid for 3 more years, and only gave me the card because I was a minor at the time.\n\nI got a letter from the gov saying I need to give them them the current passport if I want a renewed one. But I don't want to renew it anymore now that I have it, and if I send my passport in I may not get the new one in time for my planned travel.\n\nIs there a number I can call to tell them to cancel it and please return my documents? I assume they will keep the money I sent.""",-0.04678346
b' ',2022-10-16 03:15:39,"Hey, good luck, I hope you get some good perspectives that are useful to you.",0.14575268
b' ',2022-10-16 03:09:15,"""I'm happy for you! Today is the first day of the rest of your life :)""",0.12478429
b' ',2022-10-16 02:54:22,">Any thoughts on how to look hot but also come across as not straight?\n\nHave you considered any same gender characters? It seems like you only named pairs with 1 man, 1 woman",0.12897037
b' ',2022-10-15 10:48:47,"""Hey I love this one! I didn't realize it was a template at first, it looks finished just like this lol\n\nI don't relate to the one with the heteronormative first pic, thank you for making this :)""",0.06393199
b' ',2022-10-13 23:50:49,"It can be a difficult transition when your chosen name is another version of your deadname. If this is the first or one of a few times you said you don\'t consider your deadname to be a valid name for you, I think it\'s good to check you\'re both on the same page after any tough feelings about this incident calm down. It could be active disregard or it could be a miscommunication that your partner is happy to clear up.\n\nIn addition to that, it concerns me that your partner doesn\'t use your pronouns because he doesn\'t ""like"" them. Your pronouns wouldn\'t normally be someone else\'s choice or open to someone else\'s opinion. This seems a bit like a broader effort to avoid dealing with your transition.",0.045053683
b' ',2022-10-12 01:27:50,None gender with left masc!\n\nHow about proxvir or aporagender?,-0.009088032
b' ',2022-10-12 01:24:09,">The thing that throws me for a loop is when my friends get upset when a service industry worker refers to a group of us as \xe2\x80\x9cladies,\xe2\x80\x9d and they get very upset by the assumption. \n\n>I don\xe2\x80\x99t know what they expect from people\n\nThis is the hurtful part. You\'re expressing that it\'s natural, normal, and expected that we\'re misgendered, just for dressing and looking how we want to.\n\nIf I described my presentation, I would definitely not see it as in-line with my assigned gender at all. I pick specific clothes, I style my body, I behave myself in a way to deliberately express my neutral gender. Yet I have never, ever been mistaken for anything except my assigned gender. I\'m sure that everyone sees my choices as normative, but or me they are purposefully rejecting of my assigned gender.\n\nIs ""femme presenting"" a label that those nonbinary people have chosen for themselves? Or is it an interpretation of their gender that you\'ve put upon them? I find it weird that people label my presentation in direct opposition of my gender. All my presentation is in-line with my gender identity and not my assigned gender, all the time, unless I have to present otherwise for my safety.\n\nI think this is part of what the other commenter wanted to express with ""unlearning the idea that gender, AGAB, and presentation are connected.""",0.0005806247
b' ',2022-10-11 22:29:40,It says I need permission to view,0.071005285
b' ',2022-10-11 02:48:17,"""Nice survey, it seems very thorough. I've completed it, I have no idea how I missed it since I'm active on samplesize too""",0.11272499
b' ',2022-10-11 01:44:01,"""You look great! It may not be in the cards for you right now but I'd bet you'd kill at a wedding dressed masc""",0.19638652
b' ',2022-10-11 01:00:40,"""It's very common, now that you have a better idea of what you want you're more capable of noticing when the world around you doesn't reflect that.\n\nI'm sorry you're feeling this way, maybe you can balance it out by seeking out more validating experiences? There is a lot of joy in being nonbinary too.""",0.15696897
b' ',2022-10-08 01:16:33,""">she is openly a trumper\n\nOOF, there it is. I'm sorry you're in that situation. I did wonder if you just lived in an area where that kind of discrimination was particularly wide-spread.\n\nMy skillset allows me to self-employ, which is how I personally make ends meet (plus I am polyamourous and share costs with two partners). I don't know if self employment is viable at all in the education industry, but it's a way I avoid some of the usual restrictions of capitalism.\n\nIt certainly isn't fair that we don't have access to things others would take for granted, but I try to see it as doing what l need to do rather than what's nice or good, and that alleviates some of the pain that comes with living as a minority for me, personally. I wish you a lot of luck and I hope you find a way through.""",0.07907267
b' ',2022-10-08 01:03:50,"Your written requirements say that a person must have sexual experience with ""people of the same and different gender identities,"" but your screener only asked about sexual experience with male/masculine people and female/feminine people. That disqualifies people unless they have sexual experience with both *binary* sides of the gender spectrum, plus not having a nonbinary option may cause male and female to be interpreted as the *sex* as opposed to gender of a partner.\n\nThe survey goes back and forth on including or excluding nonbinary people throughout the whole thing. There is also one section that just refers to ""partners"" and not sex partners, leaving it ambiguous whether you\'re talking about sexual experience or romantic partnerships. That part coincidentally includes nonbinary partners, and happens to be right before a huge section that only asks about binary genders.\n\nThere are questions about sexual assault that specifically ask about men with specific body parts, ignoring any other gender or anybody with any other body part...\n\nYou\'re going to have a lot of difficulty drawing conclusions when the data you have is mixed as it is.",0.04461721
b' ',2022-10-07 23:41:08,"This isn\'t nonbinary specific advice, but, the system isn\'t designed for you, or for anyone, to make a living. That\'s not the point of capitalism, which focuses on scale and business metrics over human lives. It sounds like you\'ve done ok for yourself so far working in good faith, but the system doesn\'t give back good faith.\n\nAs a coping mechanism, I would suggest not looking to your job and career of evidence of whether you are ""welcome"" or not. It\'s a natural connection for someone to make, but an employer is not a family or a safe space, they\'re a provider of resources.\n\nI\'m curious kind of bad image your boss thinks you\'re giving the business? Is it just plain old fashioned transphobia, or is it stuff you can work around? Masc presentation on afab people can come off as unprofessional, if you presented more traditionally classy could that change people\'s impression of you? Supposedly you are working with children, is it a concern about how parents will react to you? Everyone acts differently at work than they do in their normal lives, so maybe there are things you can do without giving up your gender presentation. \n\nI have definitely presented in more normative ways to try to be successful at work, but I don\'t think you should do that if it\'s unsustainable or harmful to you. If you haven\'t, it would be a good idea to think about what\'s necessary for you to have in an employer and what can be negotiated. Job searching will always be an act of compromise.",0.087677225
b' ',2022-10-07 08:00:05,"What?? This literally looks like art of you, you did amazing",0.11206702
b' ',2022-10-07 01:48:15,"""Have you considered agender, a label that can be under the nonbinary umbrella?\n\nI agree that you don't really have to have a label or even a fully formed gender identity, if you are happy with how you're living now. Also, trans just means you don't identify fully with your assigned gender, it seemed like you might think it means to want to physically transition, but you don't need to have a physical transition to be trans or nonbinary :)""",0.165833
b' ',2022-10-07 01:09:02,Very appropriate username for this survey \xf0\x9f\x98\x81,0.06446344
b' ',2022-10-07 00:52:20,""">I don\xe2\x80\x99t want to lump myself in a group I\xe2\x80\x99m not actually a part of because it often damages members of that group\n\nHey, it's very kind of you to think of the needs of a group you're not sure you're part of. I just want you to know it's normal to question your gender or be unsure of your label, and you don't need to feel guilty or anything like that if you identify as nonbinary for a while but change your label later. The people who use this fact to oppress us are the problem. you're not doing anything wrong by just trying to figure yourself out.\n\nI can't say that relate to the bulk of your post, but I am synesthetic and I have a color association with gender similar to yours, unfortunate as it may be for me to assign the stereotypical colors of pink for women and blue for men. I feel colorless, but I sense a presence where my gender is, if that makes sense. It has taken me a while but I recently realized that that synesthesia plays a big role in the dysphoria I feel, when I feel dysphoric I'm also sensing a lot of color on me or around me? Basically.""",0.123132735
b' ',2022-10-04 22:58:18,"""It sounds like you're trying to get me to do your work for you.""",0.13532735
b' ',2022-10-04 20:10:37,"""Why so many rules about how I'm allowed to contribute? I really can't imagine houseplants being such a high stakes issue.""",0.15064257
b' ',2022-10-04 04:09:40,"""Sounds like you do a lot of helping others and it's your turn to be listened to. You can tell me about your problems if you feel like it.""",0.20765564
b' ',2022-10-01 21:25:24,"Aw, I was a big fan of Ciabatta. Congrats on the babies!",0.1689825
b' ',2022-10-01 21:23:59,"""Thanks so much for such a thorough answer! Your setup looks nice, did you make the light stand out of pipes yourself? Did you pick fluorescent over LED for any particular reason?\n\nMy monstera is pretty small right now, I'm hoping to keep it alive indoors until it's warm enough to go outside again next year, so I may take the Amazon route. I appreciate you giving a price point as well :)""",0.17225355
b' ',2022-10-01 15:55:34,"Holy homophobia, batman! OP commented that he is a man.",-0.010547254
b' ',2022-10-01 15:20:39,"""Can anyone recommend a grow light for a few houseplants, mostly pothos and monstera? I want a good quality one but I don't understand most of the spec descriptions and don't know where to start.""",0.123801306
b' ',2022-10-01 14:59:30,">you can hear the horn worms making a sort of pulse-scream/clicking\n\nThis comment will haunt my nightmares, I love it",0.11666343
b' ',2022-10-01 14:53:23,"""It's because there are so many different kinds of plants with individual needs and growth patterns, as well as different ranges of variation between individual plants.\n\nPersonal experience and finding what works for you in your situation is best, drawing on someone else's personal experience is great too. \n\nThe worst thing that can come out of a wrong pot size is a plant that doesn't thrive, the only thing you have to lose is money and opportunity. Don't stress too much on the details. You can repot pretty often if sizing right is important to you.""",0.10782832
b' ',2022-10-01 14:16:24,"I always feel a bit weird about this argument. Who cares if I don\'t have standards, or if my standard aren\'t good enough for other people? They\'re my standards, they\'re my partners. Even though it\'s a very oppressive idea that all m-spec people date indiscriminately, I still don\'t personally choose my partners by checking if they are ""good enough."" I don\'t want to push back on oppression by agreeing with it.",0.07527231
b' ',2022-10-01 13:54:04,"""Hello fellow nonbinary write-ins \xf0\x9f\x91\x8b there are so many of us!!\n\nOP, I'm attracted to nonbinary and gender non-conforming people first and foremost, so data like mine really isn't comparable to people who were able to select their real preferred gender...""",0.028320763
b' ',2022-10-01 02:46:21,"""I saw a pic, I don't know why it didn't show for you""",0.14447528
b' ',2022-09-30 02:03:53,"""Dahlias like a lot of light. I don't think they can really be grow indoors, but you've also got a screen up in front of the window there.\n\nYou can always try again for next season, they can be started indoors then transitioned outside. They're sensitive to overwatering and root rot when they're young, so that might be something else that stunted its growth this year.""",0.10521457
b' ',2022-09-28 05:08:12,"""It depends. I have one on my balcony which faces west, but there's another apartment above me and a tree right in front of it so it's not much light lately.\n\nYou can sometimes get extreme temperatures on the side of a building too, these plants will do well in consistent 70-80\xc2\xb0 F. They can be acclimated to handle more sun and varying temperature, but I wouldn't try to push it right now since it's stressed. Indoor lights are fine too if the balcony isn't good right now.\n\nRepotting with new soil is a good idea, I would personally wait on it but I think it could probably handle it if you feel like gardening.\n\nGood luck and hope it goes well :)""",0.071536735
b' ',2022-09-28 02:33:56,"""Sure, they like bright indirect light, so put them somewhere like near a window where the sun comes in at an angle. They probably need some time to recover from the last 2 weeks, so check if the soil is dry now, but otherwise not much needs to be done at the moment.\n\nYou can give more water when the first couple inches of soil feels dry. Wet the soil all the way through to the bottom until the water drips out the holes in the pot.\n\nIf you want to pretty them up you can go through and cut off any leaves and stem parts that are brown or soft and mushy. These are vines so you can also get a support like a moss pole and tie them so they grow vertical, or let them hang down like they are now.\n\nReally, they're easy and don't need much attention, great first plant to have. Good luck :)""",0.0714574
b' ',2022-09-28 02:16:03,"""If the only thing you changed was repotting, maybe it doesn't like the soil? Is it same kind of soil it was in before?""",0.16336237
b' ',2022-09-28 02:12:13,"""These are golden pothos, they're very common and easy to take care of. They are toxic if eaten, so keep pets away.""",0.23801555
b' ',2022-09-27 22:12:08,Nonbinary lol,-0.014157373
b' ',2022-09-27 16:14:36,"Your care routine sounds fine, a swiss cheese plant is also a monstera so doing the same stuff should work.\n\nHow exactly do you water it, is there an inlay in the basket so the water can drain or something like that? I can\'t see the holes in the pot too well so I\'m thinking it may be getting too much water. When you say ""dry to the touch"" is it just the top or do you check deep in the pot?\n\nThe other thing could be a difference in light, maybe it got more light at its previous home. If you\'d rather have it on the ground you could get a moss pole or other kind of support to tie it up, or you could try propagating some of the longer vines.\n\nA couple weeks also isn\'t much in plant time, it\'s probably still settling in. I got a monstera from a friend too and it was struggling, turned out she had kept in a closet prior to moving. The leaves were a bit bigger than this but it took a month and half to put out a new one. \n\nThere\'s a Youtube channel called [Kill This Plant](https://youtube.com/c/KillThisPlant) with a lot of info on monstera specifically, check it out if you feel like it :)",0.2207702
b' ',2022-09-27 15:39:39,"""I think it's an aesthetic choice, I let the plant do its thing mostly.""",0.08887377
b' ',2022-09-27 15:33:21,"""Monstera grow up along trees in the wild, so it's normal for them to need a support pole to stand, even though yours is definitely reaching up for light.\n\nPersonally, once it's recovered a bit, I would cut the stems shorter and try to propagate it, unless you're okay with how it looks. Not sure if you're using regular soil right now, but mine has done really well in an even mix of soil, moss, and wood chips, plus I had it outside most of the season under 40% shade cloth.""",0.11471771
b' ',2022-09-27 15:14:31,Did you... leave your house lights on while you were gone? I think he may be missing those more.,0.21280342
b' ',2022-09-27 15:08:56,"""Plants have no mechanism to heal their leaves, they just grow new ones when they need to. The totally dead parts are drying up, so it seems like a normal progession to me, unless it's affecting a wider area or starting to happen on other leaves as well.""",-0.022663895
b' ',2022-09-27 15:03:43,"""Is it getting the same amount of light as it was before you bought it? New plant, repotted, seems like regular adjustment to me. It's getting rid of leaves it doesn't need""",0.15675527
b' ',2022-09-27 07:49:41,"""I think ignorant people are going to misgender you one way or another, so if you like how you dress and like your current hair, you should keep that stuff and try to find another way to deal with being misgendered. \n\nIt sucks that cis ppl won't see us as our real genders, but that's their problem and their fault, and doesn't have anything to do with our validity. Can you increase how much you're gendered correctly in your personal life, by making more trans / nb / ally friends? Can you correct people in a certain way (assertive, or funny, or whatever) to take the stress off of yourself? Can you approach gender in a purposefully confusing way to take control of your experience? Just things to think about that might be another way through for you.\n\nWith your hair, what aspects of it look bad short? I notice you have similar bangs in both styles, maybe try a completely different style, or a traditonally masculine one, that could mix people up? I always suggest something like season 2 Dean from Supernatural, that's how my partner does theirs right now.""",0.09281709
b' ',2022-09-27 07:28:19,"""People who think outside the gender binary are also likely to question societal prescriptions for food, whether that's meat reduction or otherwise.""",0.42704916
b' ',2022-09-26 20:25:26,"Gender only male and female, no nonbinary option.",-0.0035985177
b' ',2022-09-26 10:14:21,"""There's a couple forms, I've only used the powder one that you dip the cut end of the stem into. I think it's not meant to be used in water but most of the powder sticks anyway. You can cut a little sliver off the end of yours and do the same, it will also take in water easier through the newly cut part, I guess it's living kind of like a bouquet of flowers rn""",0.11255783
b' ',2022-09-26 05:02:39,It really looks like dust to me.,0.07628569
b' ',2022-09-26 04:56:48,When was the last time you repotted?,0.11470122
b' ',2022-09-26 04:48:57,"First picture looks like hard water spots, traces of minerals left behind when water dries on the leaves. You should be able to just wipe it off if so.\n\nNot sure about the bugs but your plant looks fine, I doubt they are a pest.",0.10231012
b' ',2022-09-26 04:41:06,"""Not much, just put it back to where it's used to being and with time it will bounce back. The damaged leaves won't heal but it will put out new leaves to replace them -- if you want, you can cut them off now, since yellowed leaves aren't doing much for the plant. Looks like it has a lot of still healthy leaves to work for it""",0.024049364
b' ',2022-09-26 04:30:47,"I can\'t see much in the picture, but I think your seedlings are ""leggy"" due to not getting enough light. Try planting again with a grow light 6 inches or less from them.",0.14225751
b' ',2022-09-26 04:24:12,"""I wouldn't try to save at that point, you're better off replacing. Hopefully you can ID it, maybe on a sub like r/plantidentification?""",0.061625298
b' ',2022-09-26 04:22:15,Is it getting any light? The picture looks pretty dark.,0.17349167
b' ',2022-09-26 04:16:23,"My bad, I saw the second pic but thought there was more hiding in the neck of the bottle. I always use root hormone when I start my cuttings, you could try that? I do have some pothos cuts that reacted like yours did, putting out these mini leaves before making many roots.",0.1637466
b' ',2022-09-26 04:07:36,"""Looks fine to me. New soil is delicious for fungi, it doesn't seem to be harming the plant.""",0.20149773
b' ',2022-09-26 03:58:59,"""Don't put it in a mug, it needs a container with a hole at the bottom so the water can drain through, just like water drains to deeper soil in nature.\n\nIt needs time to recover from being overwatered + the shock from a sudden environment change.""",0.10351786
b' ',2022-09-26 03:39:18,"""I've transitioned some pothos and monstera by gradually adding soil to the water was in, over a week or two. I used a plastic cup and transferred it to a regular pot once it was all soil and had survived going dry.\n\nHow much roots is nothing? A couple inches should be enough.""",0.10756138
b' ',2022-09-25 20:47:57,"""It sounds like it's not about the word trans but about how the people are using it to discriminate, how they're telling you they see you as different from cis ppl with the same gender, in a subconscious way.""",0.11749657
b' ',2022-09-25 01:31:21,"I\'ve identified as nonbinary for almost 10 years now and I\'ve had some moments like that, where feeling mentally stable was connected to feeling cis, sometimes lasting a couple minutes, sometimes lasting a couple days or a week. It was a paradoxical feeling, being my assigned gender felt ""right"" in a way that was wrong and being comfortable as that gender felt disturbing. \n\nI am pretty certain I am nonbinary, and I want to be nonbinary, and that\'s not a bad thing. I also ended up realizing that some of these experiences were gender identity OCD -- I would spend an unnecessary amount of time thinking about these feelings and whether they made me cis or I was faking being nonbinary. That time and worry didn\'t help me or get me any closer to figuring out my identity, and since then I\'ve also had a lot of experiences of being mentally healthy without my gender fluctuating, showing that the two are not connected for me.\n\nIt would be good to think about what being cis vs nonbinary means to you. Does it control how you act or your future? How does identifying as nonbinary cause you to escape negative emotions? Do you see yourself as having a better life if you identify one way or another?\n\nIt\'s ok to change your mind or learn new things about yourself and it\'s ok to go with your feelings in the moment, and it\'s ok to not know everything all the time.",0.13167089
b' ',2022-09-24 23:37:05,"Not only am I a perfectionist, I\'m one of the best at it ;)\n\nI\'ve never attributed these traits in myself to specifically ""perfectionism,"" but it seems very overlapping with stuff like anxiety, social anxiety, narcissism, and obsessive-compulsive behaviours. I\'ve personally found moderation through those rather than the concept of perfectionism itself, and perfectionism has been more of a force for good in me when viewed in that lens.",0.25627178
b' ',2022-09-24 19:03:58,"""Yeah, I don't see why not. At the core of dysphoria is a disconnect between how you look (etc) and how your brain thinks you should look, and how easily your brain can identify yourself. Dysphoria isn't exclusive to gender, that's just one of the better known examples. I personally have some racial dysphoria due to being mixed and (obviously) not having the full traits of either of my racial heritages.\n\nBodies and styles also aren't inherently gendered, there are men with long hair and masculine ways to have it, and people like yourself identifying as women preferring short hair, so there's nothing about this experience that makes you trans unless you feel it's about gender. Sometimes an experience like this can be the start to somebody discovering more trans experiences but not always. Good luck my friend. And I bet you look great with short hair :)""",0.08804584
b' ',2022-09-24 05:24:10,"""HEY! I'm proud of you and I love you for who you are and I accept you. \n\nI'm sorry about your parents -- it's super embarrassing for them that they are not able to see the value you have, and that they've decided to sabotage their relationship with you. Keep on setting boundaries and know that there are better people out there, who will treat you with the love and respect you deserve.""",0.16732174
b' ',2022-09-24 05:07:53,"""Are you using words like trans masc and FTM because you personally identify as masculine / manly, or just because you want to transition with stuff like T and mastectomy? Bodies aren't gendered and those kinds of transition steps aren't inherently masculine, unless that's your personal reasons for pursuing them.\n\nAlso, who decides whether lesbianism was meant for you, or whether lesbianism is inclusive of nonbinary people? I think, with regards to your own identity, it should be you who decides, and not other people. If we listened to every person who said such-and-such isn't inclusive of nonbinary people, we would not be allowed in society at all. \n\n>i\xe2\x80\x99ve seen soooooo many people say lesbianism isn\xe2\x80\x99t inclusive of transmasc non binary people.\n\nI think people who say stuff like this are deeply and fundamentally misunderstanding nonbinary gender, especially if they think that being AFAB nonbinary = being transmasc. They're still trying to impose fake binary rules on something that inherently rejects the binary. Moving towards masculinity is not the same as moving away from femininity, masculinity isn't the absence of femininity, and vice versa. Nonbinary is a choose your own adventure. \n\nYour connection to womanhood is real and valid if you desire it to be so, if you say you're a lesbian, you're a lesbian to me.""",0.17090666
b' ',2022-09-24 04:08:14,"""Do you have some kind of draft or is your AC working too hard for the fall temperatures? Are they getting sunlight through a window and the angle of light has changed but you haven't adjusted your watering?""",0.23460963
b' ',2022-09-24 04:05:30,"""What was wrong with the previous soil? Overwatered?\n\nI had one that someone gave to me and it looked a bit like this. Turns out they had left it in a closet. So maybe yours is also needing some light and warmth.\n\nJust to be clear, the plant won't get better by turning green again, it will just stop deteriorating. Plants don't have any way to repair leaves when they get damaged so they will just grow new ones.""",0.07889633
b' ',2022-09-24 02:33:07,""">in the first world there are two powers, light and darkness, and the fairies will have a power that's neither light nor dark, so I would like to mirror this in their gender.\n\nI like this honestly, I would like to read a book where nonbinary identities are part of the worldbuilding like that\n\nSince they're all fantasy creatures, I think it will be fine, as long as you write thoughtfully :)""",0.032948397
b' ',2022-09-23 23:46:13,"""I think it is a rather common experience for someone to change from identifying as bisexual to identifying as pansexual because they learn about nonbinary genders. However, as a pansexual person, I agree it's problematic to show this as a universal experience. It takes away from the very real feelings of choice and personal connection to the labels we use to describe ourselves. I'm not pansexual because I have to be, I'm pansexual because I identify with the meaning, intent, and community behind the term, more than I do with bisexual.\n\nBut I think you run the risk of breaking the feeling of immersion for the book if you bring in real life issues like bi vs pan definitions. Maybe if you have the characters continue to identify as bisexual and then also use pansexual that would avoid this and let you focus more on the content of the book. A lot of people in real life do use both terms.\n\nBased on how you wrote the post, it also seems like the nonbinary people in your book will be fantasy creatures (fairies)? I personally like the idea of nonbinary gender being portrayed as magical, but I think it's very, very unlikely that a cis person can write this well, without implying that nonbinary people are not human. You need to make sure you also have nonbinary humans that are shown as normal and regular people, equal to your other human characters.""",0.085950345
b' ',2022-09-23 23:27:26,"""I think it's a pretty common experience to be attracted to gender nonconformity, but I haven't had the fortune of seeing a specific term for it yet. What comes to mind is maybe something like GQ4GQ, with genderqueer being a term that can be more expansive and refer to cisgender people who experience or present their gender in a queer way.\n\nFor me it isn't a clearly defined enough experience to label it personally, when I'm disinterested in someone because of their traditional views it feels the same as being disinterested because they play golf for instance. And I use pan for myself since I'm capable of being attracted to any gender.""",0.09899731
b' ',2022-09-21 23:23:09,"""Menstruation and pregnancy aren't women-specific issues.""",0.11885741
b' ',2022-09-21 21:08:38,"""I kind of see it like a guy running a red light or a public fight. It's a little bit exciting, you're a spectator and you're in on something that the speaker isn't. \n\nRemember that those speakers don't have any practical effect on you. They can't take away your gender and they can't make nonbinary people any less valid. It's no different from when someone mispronounces a word or has a freudian slip. We know what they meant, they just said it in a way that's embarrassing or makes them look like a jerk. Them choosing to say it like that reflects on them, not us as nonbinary people.""",0.13375324
b' ',2022-09-19 01:19:47,Thanks for answering. Are you looking for people born 1995 or later? 1996 or later? 2000 or later? Or anyone in that age who considers themselves Gen Z?,0.17380622
b' ',2022-09-19 01:03:43,"Your employment status question doesn\'t have an option for self-employed. Should I pick ""employed"" full time / part time even though my employer is myself?\n\nCould you also give a definition for the gen Z that you\'re looking for to take the survey? I fit some definitions but not others.",0.11104968
b' ',2022-09-16 21:42:14,Andey \xe2\x98\xba,-0.09018741
b' ',2022-09-15 19:29:08,"""That's a great find, thanks for sharing!""",0.065651886
b' ',2022-09-15 00:30:16,"Mostly on the undersides of leaves, the problem has been slowly growing over the season. No other plants are affected. Can I treat it and how can I avoid it next season?",0.11500339
b'What kind of mold(?) is on my dahlias?',2022-09-15 00:28:56,,-0.057228804
b' ',2022-09-12 00:55:14,"""Well, I'm an aro in a non-monogamous relationship, so I assume there are some aroaces who could answer too.""",0.043005884
b' ',2022-09-11 21:20:01,"? Ace people can have non-monogamous relationships too, and can have opinions about sexual exclusivity.",0.057759546
b' ',2022-09-11 06:30:55,"""Yep, and autocorrect sometimes catches cis and corrects it to CIS for Computer Information Systems -- it's a different use and not related to trans issues at all.""",-0.029184988
b' ',2022-09-11 03:44:27,"""It's when the post is formatted\n\n>like this""",0.06134025
b' ',2022-09-11 03:23:46,"Homecoming, the school dance",0.051235363
b' ',2022-09-10 22:05:01,*Legally Blonde voice* NB or European?,0.088429354
b' ',2022-09-10 06:25:41,"Transneutral exists -- I use it and I am in the same position as you.\n\nSome people are using it with one meaning and some people are using it with the other. In my opinion, calling all AFABs ""transmasc"" and all AMABs ""transfem"" just makes a secondary binary.",0.0245547
b' ',2022-09-10 02:13:30,"Wtf, I love this",0.08323231
b' ',2022-09-10 01:43:33,I would read it. I would be interested in hearing cool descriptions of fictional video games and the worldbuilding.,0.0381936
b' ',2022-09-10 01:37:31,"How about keeping the purpose of the journey secret until a certain point, or misleading the reader about it?",0.18249317
b' ',2022-09-10 00:11:15,">And then my dysphoria miraculously disappeared and I realized (or I thought I did) that my identity was largely built on low self-esteem and internalized misogyny. \n\nWas it physical dysphoria or social dysphoria or both? Either way, you definitely don\'t need to have dysphoria to be nonbinary. If being nonbinary felt good or right, you don\'t have to dislike being a woman to identify as what makes you happy.\n\nI\'m curious on how you reasoned that your identity was built this way. Was there any particular event that led you to that conclusion? Was there anyone around you who wanted you to think that way (especially since you said your parents didn\'t approve)?\n\nI went through an experience that I feel is similar. I always had a sense that I was faking being nonbinary, when I started to question at 15, but I pushed through that because I really liked being nonbinary and wanted to be nonbinary ""even if I was faking."" When I got into a relationship with someone who didn\'t support my identity as an adult, I figured it would be more convenient to ""fake"" being my assigned gender since I was already faking being nonbinary the whole time. \n\nBut faking being my assigned gender was much harder than ""faking"" being nonbinary, lol. And here I am a decade after first questioning finally starting to feel comfortable and confident and sure in my identity and my gender-related choices.\n\n>Once again, I feel uncomfortable with my body being seen as female \n\nWell, bodies aren\'t gendered, and people generally are assigning gender when they see people as ""male"" or ""female,"" so maybe that is part of it. I don\'t like my body being referred to as either of these words, and that could be a boundary you held too if that was useful to you. It doesn\'t have to mean anything about your personal gender, there are both cis and trans people who think this way and try to avoid using gendered words on bodies.\n\n>I really did have internalized misogyny, as I\'m sure most AFAB people do to some extent, and I\'ve worked through it.\n\nI\'m glad you\'re feeling better and you\'re freer of those ideas. You can definitely hate or have oppressive misogynyst ideas about yourself without it being because you\'re a girl. Cis men hate themselves because of misogyny too, when they hate themselves for being too emotional or vulnerable or weak -- these are things society connects with women.\n\nTL;DR You can have whatever boundaries about your body and your gender and presentation that make you comfortable. Those preferences don\'t necessarily make you a particular gender unless you feel like you are. I\'d love to have you as a fellow nonbinary if that\'s an identity that serves you.",0.21716428
b' ',2022-09-09 21:40:52,"""I've used LibreOffice exclusively for years. And there are plenty of other free open source options out there too!""",0.008546647
b' ',2022-09-05 20:15:30,"""It's not your responsibility to make sure other people understand and respect your partner's gender, and it's not your partner's. Once you've done your part by introducing them or using the right pronouns in conversation, everything else is the responsibility of the individual person you're talking to. It doesn't reflect badly on either of you in any way when those people fail.\n\nIt's noble of you to want to help create that validating environment for them, but you can't help your partner if you're strung out yourself. The whole point of using your partner's pronouns is to validate their gender and show you support them, so maybe you can shift your focus to other things which you are responsible for.\n\nBeing in a relationship with a partner of an oppressed minority is hard no matter what. You don't need to stop oppression from happening, because you can't and no person by themselves can. You just need to walk beside them when it does happen.""",0.09317826
b' ',2022-09-04 21:00:09,"""Hey I also really relate!\n\nI still spend a lot of time hating myself about being incompatible with straightness, which is so unfortunate because I came out as queer way before being nonbinary. I'm pansexual and also started identifying as omnigay in the last couple years which really helps with the internalized hatred. It recontextualizes that I'm not picky or weird or fetishizing queerness, I'm just gay. All the time. That's the way I am and it's normal for me to want to be in a gay relationship.\n\nOne of the things I use to deal with heteronormative expectations is to identify exactly where it's coming from. When I see societal expectations as a nebulous force bearing down on me it's scary and it's crushing. But if it's my partner who has a heteronormative expectation, that's their mistake, that's their fault, and it would be wrong of them to change who I am at my core to fit their preferences. If it's actually me who's got the heteronormative expectation of myself, I can work on keeping that in my head and not letting that limit my behaviour. If it's somebody at work or family or whoever else, that's much easier to deal with practically than the opinions of the millions of people around me.\n\nThis was a good post for me to read today and I'm glad you shared",0.091646925
