Title,Date,Text,Similarity
b'Thesis study about Factors influencing the choice of investments: traditional versus alternative. The information you provide during your participation in this study will remain confidential. (For people who have at least 50$/\xe2\x82\xac of investments. All genders. Age 18 - 80)',2022-10-17 14:17:24,,-0.057228804
b'Factors influencing the choice of investments: traditional versus alternative. The information you provide during your participation in this study will remain confidential. (For people who have at least 50$/\xe2\x82\xac of investments. All genders. Age 18 - 80)',2022-10-16 11:07:23,,-0.057228804
b' ',2022-10-15 17:50:19,">Also, likely relative currency valuations are an important issue when investing in assets not domiciled in the country/currency of investment, but again adding ""other"" here solves this.\n\ngot it, thank you again",-0.023450196
b' ',2022-10-15 10:25:09,">The survey would benefit from an ""other"" box as all of the metrics aren\'t listed. It is also very US biased.\n\nthank you for the comment. option other added, what do you mean by US biased I did not get this part",0.12434349
b'Factors influencing the choice of investments: traditional versus alternative. (For people who have at least 50$/\xe2\x82\xac of investments. All genders. Age 18 - 80)',2022-10-14 22:54:57," Hello, I am a student at LCC international university. Now I am writing a thesis on the topic ""Factors influencing the choice of investments: traditional versus alternative."" I would like to ask you to help me with the data collection and fill out the questionnaire (link attached). It will take from 7 to 12 minutes, and it consists of 10 questions.\xe2\x80\x9d Participants will not be compensated for their participation nor do they need to pay to participate. \n\n[https://docs.google.com/forms/d/e/1FAIpQLSc-dNhuWPCyH4jw1k66pKtyt7VMoFHcU1LxR8-ZmeUKV5py9A/viewform?usp=sf\\_link](https://docs.google.com/forms/d/e/1FAIpQLSc-dNhuWPCyH4jw1k66pKtyt7VMoFHcU1LxR8-ZmeUKV5py9A/viewform?usp=sf_link)",0.01346372
b'Thesis study about Factors influencing the choice of investment: traditional versus alternative. The information you provide during your participation in this study will remain confidential. (For people who have at least 50$/\xe2\x82\xac of investments. All genders. Age 18 - 80',2022-10-14 22:44:21,,-0.057228804
b'Thesis study about Factors influencing the choice of investment: traditional versus alternative. The information you provide during your participation in this study will remain confidential. (For people who have at least 50$/\xe2\x82\xac of investments. All genders. Age 18 - 80)',2022-10-13 17:26:43,,-0.057228804
b' ',2022-10-13 13:24:37,"1. The data will hide participants\xe2\x80\x99 personal information, and all questions will be anonymous. it will be visible only to the researcher. Individual information will be protected in all data resulting from this study. No personal information will be collected other than basic demographic descriptors. The online survey system will not save IP addresses or identifying information. Data will be kept on a password-protected computer. The data will be destroyed three years after the completion of the research. \n\n2. the survey conducted by u/justYurysoh\r\n\n3. 5-7 minutes\n\n4. N/A\n\n5. For people who have at least 50$/\xe2\x82\xac of investments.\n\n6. N/A",-0.03429386
b'For people who have at least 50$/\xe2\x82\xac of investments. Thesis study about Factors influencing the choice of investment: traditional versus alternative. It will take from 5 to 7 minutes. Participants will not be compensated for their participation nor do they need to pay to participate.',2022-10-13 13:18:59,,-0.057228804
b'Help with thesis on the topic of investment!!!!',2022-09-27 22:22:26,"Hello, my name is Yury, and I am a student at LCC international university. Now I am writing a thesis on the topic ""Factors influencing the choice of investments: traditional versus alternative."" I would like to ask you to help me with the data collection and fill out the questionnaire (link attached). It will take from 7 to 12 minutes, and it consists of 10 questions. \n\nhere is a link if you will be interested: [https://docs.google.com/forms/d/e/1FAIpQLSc-dNhuWPCyH4jw1k66pKtyt7VMoFHcU1LxR8-ZmeUKV5py9A/viewform?usp=sf\\_link](https://docs.google.com/forms/d/e/1FAIpQLSc-dNhuWPCyH4jw1k66pKtyt7VMoFHcU1LxR8-ZmeUKV5py9A/viewform?usp=sf_link)",0.026325798
