Title,Date,Text,Similarity
b' ',2022-10-18 18:05:26,"""i don't get what the caption is trying to say?""",0.123390734
b' ',2022-10-17 21:22:28,power move,0.032734226
b' ',2022-10-13 12:51:37,[i\xca\xb5],-0.06673938
b' ',2022-10-13 02:13:21,[\xc9\xbb\xcc\xa9\xca\xb2],-0.034242705
b' ',2022-10-10 17:56:58,why is read pronounced lead but read pronounced lead,0.191666
b' ',2022-10-10 16:55:49,"""'thou' v. 'you' in english""",0.07617366
b' ',2022-10-07 20:07:46,ruh do ur own homework \xf0\x9f\x98\xad,-0.02270219
b' ',2022-10-06 20:33:38,r/conlangcirclejerk,-0.009196088
b' ',2022-10-05 13:51:04,lots of exercise,0.12401803
b' ',2022-09-28 21:28:30,"""nobody on this sub that's for sure but i've seen this argument thrown about all too often in conversation""",0.01723415
b' ',2022-09-28 17:17:13,"""t > t\xcd\xa1\xca\x83 / _r i can personally attest to but the other two i can't say i've ever come across\n\njust a thought but it might be that what you're actually hearing is the devoicing of the following /r/\n\ni.e.\n\n[k\xca\xb0] + [\xc9\xb9\xca\xb7] = [k\xc9\xb9\xcc\xa5\xca\xb7]\n\nthe voice onset time is preserved so that instead of there being a period of voicelessness in the vowel it instead bleeds into the liquid. the voiceless liquid can sound a lot like a fricative""",0.033882905
b' ',2022-09-28 14:06:30,prescriptivists hate metathesis like they hate a waps,0.046938337
b' ',2022-09-26 23:40:23,i there somewhere i can read more about this conlang?,0.09009583
b' ',2022-09-25 23:46:16,yes,0.050342206
b' ',2022-09-25 15:10:33,definitely uzbek,0.07148606
b' ',2022-09-24 23:25:26,"finger and singer are clearly pronounced the same except the first consonant, smh my head [\xc5\x8b] is onviously allophonic",0.056950957
b' ',2022-09-24 21:33:22,asically most northern england and scotland,-0.09838716
b' ',2022-09-24 14:35:29,mum+,0.020513022
b' ',2022-09-22 15:32:29,"""I my writing in any changes noticed haven't""",0.10973588
b' ',2022-09-21 11:58:58,"undergrad here, thank you for the warning! what work did you go into after your graduation?",0.110402256
b' ',2022-09-21 11:50:18,"""sounds reminiscent of oesophageal phonation; that is, she's laughing so hard that the airstream is causing oscillation of the oesophagus (as opposed to the vocal folds). No natural languages use this distinction phonemically, since it's pretty difficult to produce. For that reason it's not in the standard IPA but for the purposes of speech pathologists it can be found in the extended IPA as {\xc5\x92}.""",0.08266546
b' ',2022-09-21 11:00:56,and X,-0.021362055
b' ',2022-09-16 22:53:31,"/m p n t \xc9\x99 a/\n\nlabial nasal /m/\n\nlabial oral /p/ [p~b~\xce\xb2]\n\ncoronal nasal /n/\n\ncoronal oral /t/ [t~d~\xc3\xb0~\xc9\xbe~l]\n\nclose vowel /\xc9\x99/ \n\n[i~\xc9\xaa~e] / C[+coronal]_ \n\n[\xc9\xaf~\xca\x8a~\xc9\xa4] / C[+labial]_\n\nopen vowel /a/\n\n[a~\xc3\xa6~\xc9\x9b] / C[+coronal]_ \n\n[\xc9\x91~\xc9\x92~\xca\x8c]  / C[+labial]_\n\nCV syllable structure\n\n(maybe also H, L tones)\n\njust a concept at the moment for a minimalistic conlang but maybe the smallest possible inventory while trying to remain naturalistic",-0.012177739
b' ',2022-09-16 14:19:55,a\xcc\x9a\xcc\xba\xcc\xa9,-0.025012234
b' ',2022-09-15 19:55:19,"""no there's no difference in symbol it's just a quirk in the naming convention. just like how there's not a different symbol for a bilabial oral stop vs bilabial plosive i.e. they both describe the same sound [p].""",-0.041582584
b' ',2022-09-14 16:28:21,"as a native speaker i can honestly say i\'m still learning new words every other day. to me it sounds as though you\'ve already reached ""native level""; getting a C2 probably means you already know more english than most english speakers. but theres never an end to learning a language, don\'t be disheartened just enjoy the ride. i think you\'ve summarised it well yourself: native speakers aren\'t infallible walking dictionaries, a native speaker is just someone who learnt the language from birth and there\'s huge variation in language ability which follows. compare a university professor and a high school dropout; both are ""native-level"" but it\'s just a label.\n\nupdate: you got a higher score than me (i got 28,099)",0.0072722286
b' ',2022-09-14 15:04:57,[t\xcc\xa0\xcd\xa1\xca\x83\xc9\xb9\xcc\xa5a\xc9\xaa\xc9\x9b\xcc\x83\xc9\xa1\xca\x8a],-0.018971622
b' ',2022-09-14 00:46:53,"yeah stop and plosive differ in a minor detail. a stop is when a complete closure is made in the vocal tract; a plosive is just an oral stop, as opposed to a nasal stop (which everyone just calls a ""nasal"" these days). thus we can have a nasal stop but not a nasal plosive.\n\na glottal closure is an interesting case for the terminology since the closure is made before air can reach the velum. that is, the furthest back you can have a nasal/oral stop distinction is a uvular place, so the labels sort of break down further back than this. \n\nit\'s all just naming convention remnants from when the system was first being developed a few hundred years ago",0.02967621
b' ',2022-09-12 23:34:24,ur a prescriptivist for this,0.08757125
b' ',2022-09-12 23:33:22,"CAPTCHA-""I\'m not a robot""-ahh script",-0.005247535
b' ',2022-09-12 23:29:50,[t\xcc\xa0\xcd\xa1\xca\x83\xc9\xb9\xcc\x8a\xcb\x94\xca\x89\xcc\x9f\xcb\x90],-0.016518252
b' ',2022-09-12 18:57:59,seems like a voiceless dentolabial nasal [m\xcd\x86\xcc\xa5],0.058722056
b' ',2022-09-12 18:53:45,you got me in recursio,-0.017368639
b' ',2022-09-11 17:42:22,"""i might be too late but in that case it'd be /r\xc9\xaa\xcb\x88z\xc9\xaa.l\xc9\xaa.\xc9\x99ns/, wiktionary suggests /r\xc9\x99\xcb\x88z\xc9\xaal.\xc9\xaa.\xc9\x99ns/. ultimately it's sort of subjective how u wish to syllabify it, and whether or not the vowel of 're' is /\xc9\xaa/ or /\xc9\x99/""",0.03676509
b' ',2022-09-11 17:31:51,[this](https://linguistics.stackexchange.com/questions/15497/is-it-feasible-to-create-an-ipa-adaptation-for-cats?noredirect=1=1) might help answer your question,0.0769061
b' ',2022-09-11 17:26:37,"""it's a similar situation to swedish. i think it might be due to both exhibiting a great degree of Advanced Tongue Root (ATR) meaning that the base of the tongue is moved forward widening the pharyngeal cavity and giving it that distinct sound.""",0.088406265
b' ',2022-09-11 16:58:58,what,0.04946008
b' ',2022-09-11 16:55:28,ur a prescriptivist for this,0.08757125
b' ',2022-09-11 16:50:14,depends on the linguist,0.07879996
b' ',2022-09-11 16:48:02,"it depends on your accent/dialect. around the birmingham area you\'d be right in saying ""nang"" isn\'t /na\xc5\x8b/ but /nan\xc9\xa1/ since these areas don\'t exhibit NG-coalescence; that is, [\xc5\x8b] is an entirely predictable allophone of /n/ preceding a velar. in other areas (and most of the english speaking world for that matter) you\'d be wrong, since pseudo minimal pairs exist e.g. ""singer"" /s\xc9\xaa\xc5\x8b\xc9\x99/ v. ""finger"" /f\xc9\xaa\xc5\x8b\xc9\xa1\xc9\x99/. \n\nthe statement ""/na\xc5\x8b/ is not pronounced ""nang"" "" only holds true for accents without NG-coalescence.",0.059108373
b' ',2022-09-10 20:29:51,"""well, yeah it's the phonetics of all languages""",0.04139443
b' ',2022-09-05 23:06:24,"""yeah i had the exact same realisation about a month back, it's annoying to know that there'll be memories locked away forever from my childhood and teenhood. it sparked me to start writing mine and haven't looked back since, and it's helped a lot to lessen my regret.""",0.06654547
b' ',2022-08-18 17:24:57,Thank you!,0.14165933
b'template styling dependent on card status',2022-08-17 14:15:03,"""Is there a way to distinguish styling for cards depending on their status as e.g. new/learning/graduated? That is, I want to change the colour of certain fields to match the card status i.e. blue for new, orange for learning, light green for young, dark green for mature (or maybe just green for graduated). I'm assuming there's something similar to .nightMode which would allow this, but I can't seem to find it anywhere.\n\n​\n\nAny help would be much appreciated!""",0.13041833
b' ',2022-08-01 00:57:24,imagine having to flap the tongue,0.15411271
b' ',2022-07-24 12:18:46,"""either fight back or leave the group, i put up with this type of behaviour for about 2 years at the end of high school and it's one of my biggest regrets. in the end, i fought back then left the group. the new group of friends i made afterwards were the best, and i realised i had wasted 2 years which could've been spent with them if i'd have left the toxic group sooner.""",0.029429905
b' ',2022-07-23 22:41:32,it is real i swear i can do it,-0.0352531
b' ',2022-07-23 19:49:49,velar trill,-0.07483022
b' ',2022-06-22 00:38:23,read books,-0.0017448775
b' ',2022-06-21 12:16:11,e e\xcc\xaf,-0.003946564
b' ',2022-06-16 20:27:09,"""tough"" maybe?",0.20166428
b' ',2022-06-16 14:20:41,take regular breaks,0.023639988
b' ',2022-06-14 13:06:09,"""i've been wanting to learn Malayalam for some time but it's just that there's so few learning resources for it compared to most other languages""",-0.0341481
b' ',2022-06-10 14:13:37,"maybe ""Bajan"" accent as in the accent of Barbados?",0.056664154
b' ',2022-06-09 19:13:51,"""i guess it might be the effort of trying to form that new habit? for me showers are relaxing, it gives me time to reflect on the day and gather my thoughts away from everything. skincare too, it feels more like therapy than a chore. i kind of get what you're saying though, i tend to take my showers at night before sleeping, it seems like a lot of effort first thing in the morning""",0.14880297
b' ',2022-06-09 12:17:54,"i do this! it\'s to do with the postalveolar place of articulation of the /r/ [\xc9\xb9\xcc\xa0] in the cluster, which the other phonemes assimilate to i.e. /str/ [s\xcc\xa0t\xcd\xa1\xca\x83\xc9\xb9\xcc\xa0~\xca\x83t\xcd\xa1\xca\x83\xc9\xb9\xcc\xa0]. you also get a similar thing in /tr/ [t\xcd\xa1\xca\x83\xc9\xb9\xcc\xa0] as in ""train"". from southern England btw",-0.011108927
b' ',2022-06-08 21:53:10,"""Latin, Ancient Greek, Sanskrit, Classical Chinese, Qur'anic Arabic, Biblical Hebrew""",0.006434096
b' ',2022-06-06 16:44:24,"spoken language definitely has its advantages: if we use our vocal tracts for communication then that frees up our hands for other stuff. so it might have been the case that those who had greater motor control over their vocal tract were selected for, and that\'s why we see spoken language as the ""default"". as for specific areas in the brain, i think that\'s again only to do with motor control, the same underlying regions in the brain related to language are shared across signed and spoken forms; ""words"" aren\'t necessarily spoken.",0.15408342
b' ',2022-06-06 14:35:01,"""do things you enjoy, pick up a bunch of new hobbies and see which of them you like. when i say a bunch i mean loads \xe2\x80\x94 everything you can find \xe2\x80\x94 even if it means you end up doing most for less than a week, and you'll eventually find something that really brings you joy. the key to this is picking something you can see progression in, little by little getting better each week, with the eventual reality of 'mastering' it, and regular chances to participate in competitions, is really what gives me the most happiness in life. building something bigger than yourself and something that will outlast you is an incredible thought. some ideas:\n\n- write a book\n\n- make music\n\n- draw/paint art\n\n- become an academic and contribute to human knowledge \n\nsince you say you're tall and athletic:\n\n- i assume you're already going to the gym so maybe work towards entering some bodybuilding competitions?\n\n- martial arts\n\n- track  field\n\n- swimming\n\nif you can save up some money then i'd also recommend travelling around the world and seeing the world's various cultures and landmarks.\n\naside from the fulfilment you'll eventually build some great friend circles from your hobbies, and who knows maybe a girl from those circles will catch feelings for you, don't stress it though. the main mindset is to just put all your attention on making the most out of life, and if a girl happens to come along, great.\n\nhope this helps i've been thinking about this a lot myself since i've never been in a long term relationship myself and am starting to think i never will lol.""",0.115548186
b' ',2022-06-04 18:04:10,"yeah i do this a lot myself, and i hear it in a few of my friends\' speech. from southern England. although i don\'t know to what extent it\'s just dialectal.\n\nin really casual speech i\'ll sometimes even hear the reverse i.e. the past participle being used for the past e.g. ""i done it"" for ""i did it""",0.04333139
b' ',2022-06-02 14:21:05,"the problem here is in the question itself: common sense should say ""didn\'t"" but because the question uses ""starts"" instead of ""started"", ""doesn\'t"" feels like a better fit since it matches the tense",0.111454636
b' ',2022-05-29 14:35:58,\xe3\x87\xb2\xcc\x8a,-0.053948984
b' ',2022-05-29 14:29:44,"""either v. ether? at least they're minimal pairs in my accent""",0.046405967
b' ',2022-05-26 11:55:47,"""it exists: https://en.m.wikipedia.org/wiki/Tsakhur_language\n\nas for what distinguishes it from [\xc4\xa7], i'd assume it's a matter of turbulent airflow or not.\n\nsince [\xc4\xa7] is a pharyngeal fricative, that necessitates that a construction be made close enough such that turbulent airflow occurs near the pharynx (although i don't know whether it's possible to cause such a close stricture so far back in the mouth). whereas with a pharyngealised consonant [C\xcb\xa4] it's just that there has to be some degree of stricture, not necessarily turbulent. [h] itself isn't really a fricative like the others, rather it's more of just lack of voicing. so [h\xcb\xa4] would essentially be a way to represent a voiceless pharyngeal approximant [\xc4\xa7\xcc\x9e~\xca\x95\xcc\xa5\xcb\x95].\n\nin any case i can't see any language making such a phonemic contrast but if there is one that'd be pretty interesting""",0.05979298
b' ',2022-05-22 21:54:39,"whenever i count any number above 1000 lol. \n\n1100 one thousand one hundred\n1200 one thousand two hundred \n1300 one thousand three hundred\netc.\n\nit took me a while to figure out what people meant by ""eleven/twelve hundred"" when i was younger, and to some extent it still does. i never got why americans did this.",0.016703207
b' ',2022-05-22 21:45:24,no worries! what type of class was this for by the way?,0.103123724
b' ',2022-05-22 21:42:27,"""this gives me echoes of pre-velar raising, so i'm thinking it might be an overgeneralisation to new words? it's fascinating that it's chosen to occur before /\xca\x83/ though.\n\nhttps://www.acelinguist.com/2018/05/pre-velar-raising.html?m=1""",0.030393917
b' ',2022-05-22 21:26:52,"""it might be to do with the pitch tracking software which makes the pitch line spill over like that. i'd recommend using cross correlation for the analysis method and speckles for drawing method. from what i can judge from the picture i don't see a voicing bar on the spectrogram, nor any periodicity in the waveform, and there's a gap in the pulses during the closure, all of which indicate lack of voicing. obviously i can't hear the file but i trust your judgement so i'd also point to whether there might have been some background ambient humming in the recording itself. you could measure it at the start or end of the recording and then see if it matches. if you find it's there you could run the file through audacity and remove the hum with the noise reduction effect""",0.13111053
b' ',2022-05-22 21:03:05,"""what's your name?\n\nhow many eggs are there in the fridge?\n\nnot many people know about George's past.\n\nis she any better this (should be /\xc3\xb0\xc9\xaas/) morning?\n\nI am more than */\xc3\xb0\xc9\x99n/ pleased with my pay rise actually.\n\nin the end they managed */m\xc3\xa6n\xc9\xaad\xcd\xa1\xca\x92d/ to rescue */reskju\xcb\x90/ the cat on the roof.\n\nwhere /w\xc9\x9b\xc9\x99/ did you get the ladder from? (*/fr\xc9\x92m/ although this one is a bit subjective and depends on your accent)\n\nLady Diana */da\xc9\xaa\xc3\xa6n\xc9\x99/ died in a sad car crash.\n\nI'd like a bit of bread with this cheese.\n\nthere isn't any traffic on the road at the moment.""",0.16510321
b' ',2022-05-17 22:48:43,"it\'s called glottal reinforcement, and occurs when a voiceless stop (or affricate) is at the end of a syllable. the glottis begins to close simultaneously, or immediately prior to a closure in the oral cavity.\n""block"" /bl\xc9\x92k/ [bl\xc9\x92\xca\x94\xcd\x9ck]\n""botch"" /b\xc9\x92t\xca\x83/ [b\xc9\x92\xca\x94\xcd\x9ct\xca\x83]\n""bop"" /b\xc9\x92p/ [b\xc9\x92\xca\x94\xcd\x9cp]\nsyllable final /t/ is unique in that some accents realise it as a glottal stop entirely (as in my own accent), which is instead called t-glottaling:\n""bot"" /b\xc9\x92t/ [b\xc9\x92\xca\x94\xcd\x9ct ~ b\xc9\x92\xca\x94]\n\naccents differ to whether or not they exhibit glottal reinforcement or t-glottaling before an unstressed vowel. for most young speakers in the south of england (SSBE), t-glottaling might occur here, but not glottal reinforcement. speakers in the Tyneside area (i.e. Geordie) will likely use glottal reinforcement here:\n\n""water"" /w\xc9\x94\xcb\x90t\xc9\x99/ [w\xc9\x94\xcb\x90t\xc9\x99 ~ w\xc9\x94\xcb\x90\xca\x94\xcd\x9ct\xc9\x99 ~ w\xc9\x94\xcb\x90\xca\x94\xc9\x99]\n\napparently glottal reinforcement and t-glottaling also occur in some american accents, i.e. in California, so this is by no means restricted to Britain but i believe it is more widespread\n\nhttps://en.m.wikipedia.org/wiki/Glottalization\nhttps://en.m.wikipedia.org/wiki/Phonological_history_of_English_consonant_clusters#Glottalization\nhttps://en.m.wikipedia.org/wiki/T-glottalization",0.009368253
b' ',2022-05-17 22:25:35,- papounet\n- le p\xc3\xa8re du b\xc3\xa9b\xc3\xa9 \n- le papa du b\xc3\xa9b\xc3\xa9,-0.06966838
b'Share 18 sentences of your conlang - then see if readers can typologically classify it.',2022-05-08 19:10:33,"""(Without looking up its grammar of course!)\n\n​\n\nYou could start basic with a transitive construction, before moving onto relative clauses, passives, possession, wh-questions \xe2\x80\x93 the sky is the limit (well, that and the sentence count...). If there's something unique about how your conlang works, and you want to see if others will pick up on it, then it's your time to shine!\n\n​\n\nBe sure to provide a gloss and English translation for each sentence.""",0.10320668
b' ',2022-03-06 16:41:49,"going off the critical period hypothesis, one potential answer might be to say anything learnt before puberty",0.06191489
b' ',2022-03-06 16:34:36,"nice! whereabouts are you from? also are ""while"" and ""wow!"" homophonous for you?",0.15209502
b' ',2022-03-05 15:20:05,"""op's regional accent exhibits L vocalisation""",0.01084421
b' ',2022-03-05 15:15:44,"op is from Pennsylvania, l vocalisation merges these two words\n\n""while"" /wa\xc9\xaal/ [wa\xc9\xaa\xca\x8a ~ wa\xca\x8a]\n""wow"" /wa\xca\x8a/ [wa\xca\x8a]",-0.03357347
b' ',2022-03-05 15:07:33,"l vocalisation is definitely a part of my own idiolect too, being from southern England. I get homophonous pairs of words like: ""pal"" /p\xc3\xa6l/ v ""pow!"" /pa\xca\x8a/, both [p\xca\xb0au\xcc\xaf]. But ""while"" /wa\xc9\xaal/ and ""wow!"" /wa\xca\x8a/ are distinct for me: [w\xc9\x91ju ~ w\xc9\x91u\xcc\xaf] v [wau\xcc\xaf].",0.020003228
b' ',2021-02-20 19:17:00,ardle a wardrr,0.068115085
b' ',2021-02-19 21:23:55,"i just realised it wouldn\'t have made sense in english either:\n\n\n""7 days ago since i walked.""\n\n\nit\'s only a subordinate clause which is why it felt off: it needs finishing.\n\n\nyou could rearrange the sentence ""il y a 7 jours, j\'ai march\xc3\xa9""\n\n\njust as in english ""7 days ago, I walked""\nor\n""i walked 7 days ago""\n\n\nalternatively, you could add ""c\'est"" so that:\n\n\n""c\'est il y a 7 jours depuis que j\'ai march\xc3\xa9""\n\n\n""it\'s 7 days ago since i walked"" \n(doesn\'t translate too well into english) maybe \n""it was 7 days ago since i last walked""\n\n\nbut ""\xc3\xa7a fait"" can replace ""c\'est il y a"" and get:\n\n\n""\xc3\xa7a fait 7 jours depuis que j\'ai march\xc3\xa9""\n\n\n""it\'s been 7 days since i walked""",0.026841408
b' ',2021-02-19 20:44:18,"""it feels like idahosa ness's mimic method was built for situations like these. i've never tried it personally but from what you're saying with the accent and spoken fluency you might want to consider giving it a look? \n\nkeep up the amazing work though you're better than i could ever wish to be!""",0.123555414
b' ',2021-02-19 20:35:29,"* i should probably mention that i\'m not a native speaker\n\n\nbut ""il y a sept jours depuis ..."" doesn\'t feel grammatical.\n\n\ni don\'t think il y a + depuis works per se; instead cela/\xc3\xa7a fait + depuis feels right.\n\n\n""il y a"" is one of those annoying constructions which doesn\'t really have a 1-to-1 correspondence to english, so we can\'t literally translate it and use it in the same way we would in english (e.g. seven days ago since)\n\n\n\nnatives please correct me if i\'m wrong",-0.089181386
b' ',2021-02-19 20:22:15,"that would mean ""7 days ago""",0.06418589
b' ',2021-01-18 20:16:23,"interesting there is a form ""casina"" after all and they\'ve used gender to differentiate between the two types of ""diminutive houses"" with the one with changed gender giving off negative connotations \n\n\nas for the state of disorder i don\'t see how that would derive semantically from the diminutive of house?",0.13961521
"b'Why is it ""casino"" and not ""casina""?'",2021-01-18 18:58:09,"Given that ""casa"" is a feminine noun, shouldn\'t we expect the derivation using the diminutive suffix to be -ina which would render ""casina""?",0.06856109
"b'""Phonological Families""'",2020-09-13 21:04:02,"I\'ve recently been reading Albert Costa\'s The Bilingual Brain. There\'s a section in chapter 1 explaining how newborns are able to differentiate between different languages: the example given is between Dutch and Japanese. However, it\'s also mentioned that ""the ability to differentiate sounds in two languages of the same phonological family appears a little later"".\n\nA few questions arise from this:\n1. What are these phonological families?\n2. How many of them are there?\n3. Which languages exist within the same phonological families? (an example of two languages which a newborn wouldn\'t be able to differentiate between)\n4. When do babies gain the ability to distinguish these two, if ever?\n\nI assume that phonological relationships and historical relationships between languages differ: considering that languages from the same historical family can sound very different (Russian and Hindi) and vice versa (Tamil and Hindi).\n\nI\'ve scoured the internet for more information but with no success so I thought I\'d ask here.\nAny help is much appreciated :)",0.0778041
b' ',2020-07-19 09:42:30,i was thinking ireland haha. pretty much all the estates from where i live are bare brick. Norfolk if anyone cares,-0.038742438
b' ',2020-07-18 20:56:07,hahaha these are everywhere i stg,0.020751098
b' ',2020-07-18 20:53:54,"""trying to get this to work with the uk is a hard one bc the architecture differs so much across the country - from the uk and don't feel to much i'm from the south tho""",-0.011733007
b' ',2020-02-08 17:43:54,mdr,0.012379622
b' ',2020-02-08 17:32:10,pk pas,-0.07112059
b' ',2019-10-09 17:21:29,"""Can confirm from East Anglia in the UK - myself and nearly everyone my age speaks with this. As for my parents, my father does but my mother doesn't.""",0.05091981
b' ',2019-10-02 20:10:45,"""\xc2\xab t'es \xc3\xa9clat\xc3\xa9 toi \xc2\xbb is a favourite of mine at the moment""",0.030442994
b' ',2019-10-02 19:44:19,"""That's actually a really interesting explanation. It could be applied to the romance languages too as most of them derive their nouns from the accusative form from Latin and lost the rest of the cases (Old French is one exception). This could be a common phenomenon in historical linguistics?""",-0.004819922
b' ',2019-10-01 23:59:42,thank you!,0.13484871
b'How do children acquire noun cases?',2019-09-29 22:43:00,"""I would assume that children would choose one form of the noun which they find most common (e.g nominative) and use only that one or, alternatively, use the noun without case affixes. Or do children naturally begin speaking with correct usage of noun cases straight away? I've tried looking online but can't seem to find answers.\nThank you for your time! This question has been on my mind for a while now and it seems so necessary to know as so many languages utilise noun cases.""",0.10514541
b' ',2019-02-24 19:29:55,/a\xc9\xaa do\xca\x8ant la\xc9\xaak sand \xc9\xaats c\xc9\x94rs and r\xca\x8cf and \xc9\xaar\xc9\xaate\xc9\xaat\xc9\xaa\xc5\x8b and \xc9\xaat gets evriwer/\n\n\n/e\xc9\xaa do\xc9\xaand\xca\xb0 re\xc9\xaag\xca\xb0 sa\xc5\x8bd \xc9\xaad\xca\xb0s c\xc9\x94rs a\xc5\x8bd r\xca\x8cf a\xc5\x8bd \xc9\xaar\xc9\xaad\xca\xb0a\xc9\xaa\xcb\x88d\xca\xb0\xc9\xaa\xc5\x8b a\xc5\x8bd \xc9\xaad\xca\xb0 ged\xca\xb0s evri\xcb\x88wer/,-0.090653926
b' ',2019-02-24 01:04:03,/r/ is now trilled \n\nand /l/ merges to -> /r/\n\nall nasal consonants are now /\xc5\x8b/\n\n\n/h/ -> /\xcf\x87/\n\n\n/a\xc9\xaa/ and /e\xc9\xaa/ are now flipped with each other\n\n/o\xca\x8a/ and /o\xc9\xaa/ are also flipped with each other\n\n\nstress now falls on the ultimate syllable\n\n\nR.I.P english lol,-0.015989881
b' ',2019-02-02 22:39:56,"""thanks a bunch for the guidance. linguee.com seems like a super helpful starting point and i'll be sure to move onto real life examples afterwards. just wondering how long have you been learning french for? i'm guessing a good few years to be at the stage where you're taking sentence structures from novels.""",0.09809594
b' ',2019-02-02 19:43:42,thank you,0.14013208
