Title,Date,Text,Similarity
b' ',2022-10-13 16:45:12,"technically yes, but not by very much so i\xe2\x80\x99m not sure if it would make that much of a difference",0.087115705
b' ',2022-10-13 03:58:02,you are so real for this,0.12884293
b' ',2022-10-13 00:50:46,honestly i might. the idea of binging is far scarier to me than one ice cream LMAO,0.24360034
b'having a really difficult night',2022-10-13 00:49:46,"my logic and my disorder are at war constantly. my logic KNOWS that i\xe2\x80\x99ve eaten far too few cals today, and it makes me nervous for my health and well being and i know that severe complications aren\xe2\x80\x99t far from occurring if i don\xe2\x80\x99t snap out of this soon. however, my disorder is screaming at me to keep it up, because losing weight feels so much better than any meal ever could. i\xe2\x80\x99m at war with my head all the time and i wish i could just eat normally like i could last year",0.28399447
b'so jealous of my sister',2022-10-13 00:16:45,"she has the perfect body! i cannot stop comparing myself to her. she gets to have a flat stomach without a second thought, while i starve myself with the goal of one day having that. she even weighs more than i do! this isn\xe2\x80\x99t fair \xf0\x9f\x98\xad\xf0\x9f\x98\xad",0.2070756
b'i miss not being afraid of ice cream \xf0\x9f\x98\xad\xf0\x9f\x98\xad',2022-10-13 00:06:49,like bro i want some so bad but its too high cal,0.040014032
