Title,Date,Text,Similarity
b'Anyone have a Philadelphia ticket for 10/19/22?',2022-10-13 05:15:18,"""Looking for one GA ticket, message me if you're trying to get rid of one!""",0.029909953
b' ',2022-09-29 14:30:42,Looking for comfort of familiarity?,0.14580056
b' ',2022-09-28 21:23:14,"Goldfish, peanut butter pretzels, and white chocolate covered pretzels for me!",0.3046059
b' ',2022-09-19 18:17:36,Was just going to suggest this! I\xe2\x80\x99ve been really struggling lately and showering at night and with the lights off or low has made it easier to get out of fixating on what I\xe2\x80\x99m perceiving as flaws. Music also helps me feel distracted from the act of showering itself. Nice to know I\xe2\x80\x99m not alone with this strategy!,0.0591049
b' ',2022-09-15 14:27:09,"Those Reese\xe2\x80\x99s spheres, they were like a marvel sized Reese\xe2\x80\x99s treat with an outer layer of thick chocolate and SO good",0.20916206
b' ',2022-08-31 00:47:13,What do you use for the coloring on the flowers? They look beautiful!,0.13146444
b' ',2022-08-12 19:23:27,"Hey, I\xe2\x80\x99m in my mid 20s, struggling about a decade, if you\xe2\x80\x99re still interested in a support buddy message me! Been trying hard in therapy but hitting some bumps lately and it\xe2\x80\x99s a struggle \xf0\x9f\x98\x85",0.050128005
b' ',2022-07-18 01:38:16,Are you flexible on pickup days/times?,0.1705352
b' ',2022-06-26 01:20:03,"Hello, what\xe2\x80\x99s the password?",0.06729756
b' ',2022-05-19 17:59:22,I\xe2\x80\x99d be interested in any of that recommended reading if you have the time to share!,0.08813642
b'[NS] Two Dublin Tickets',2022-05-10 18:58:00,"TAKEN thanks folks! \n\nHi Naddpoles, unfortunately I came down with crick rot (COVID) and had to cancel a trip with my sister to Ireland, so we\xe2\x80\x99ve got two Tickets to the Dublin show we won\xe2\x80\x99t be able to use. Was hoping to resell at a discount; if there\xe2\x80\x99s any interest please DM me.",-0.013781831
b'[NS] Two Dublin Tickets',2022-05-10 18:57:51,"Hi Naddpoles, unfortunately I came down with crick rot (COVID) and had to cancel a trip with my sister to Ireland, so we\xe2\x80\x99ve got two Tickets to the Dublin show we won\xe2\x80\x99t be able to use. Was hoping to resell at a discount; if there\xe2\x80\x99s any interest please DM me.",-0.018776847
b' ',2022-04-30 05:39:54,I\xe2\x80\x99d be interested if you\xe2\x80\x99re setting up a discord!,0.07670112
b' ',2022-03-28 18:05:37,Where do you find the scar powder? I\xe2\x80\x99ve been looking for it but not sure where to get it from,0.06927474
b' ',2022-02-22 23:50:44,I love this so much!! Where did you get the top?,0.13460296
b' ',2022-02-09 10:54:53,\xe2\x80\x9cNeedless to say\xe2\x80\x9d - then DONT,0.018222107
b' ',2022-02-09 06:16:43,This whole conversation is basically my greatest fear \xf0\x9f\x98\x85,0.01581357
b' ',2022-01-29 08:04:57,Did you find an author? I\xe2\x80\x99m having trouble finding the right book,0.025684742
b' ',2022-01-26 14:17:47,"I usually sketch designs on with pencil based on a variety of different images. But if you\xe2\x80\x99re looking for something more pre-designed, searching for stencils might be more what you\xe2\x80\x99re looking for? Especially for more basic shapes to get the shape correct and then add your own details and coloring. For the photograph, using tracing paper might help with replicating the likeness and proportions.",0.0259491
b' ',2022-01-24 21:51:38,"Same combination here, I wasn\xe2\x80\x99t ready",-0.016869254
b' ',2022-01-18 04:54:06,Saaaame I have a Garmin watch and I love it for just keeping track of messages and whatnot but also do that I can obsessively track my resting HR and base my self worth off of it \xf0\x9f\x98\x85,0.12996253
b' ',2022-01-13 18:56:36,Blind faith,0.09941481
b' ',2022-01-13 18:55:11,licentiousness or capriciousness?,0.21705242
b' ',2022-01-12 20:31:34,A myopic approach? Also thought of mushroom management but that\xe2\x80\x99s more organization style,0.20637323
b' ',2022-01-11 22:24:43,"Maybe half-hearted instead, or perfunctory? Bare minimum, modicum",0.19972004
b' ',2022-01-10 16:19:28,Frank,-0.002766015
b' ',2022-01-08 06:55:47,Got a soda stream recently and when I say I have consumed LITERS of carbonated water with various zero cal syrups\xe2\x80\xa6,0.21673264
b' ',2022-01-08 06:00:47,Your username in combination with this post got me lol,0.05070229
b' ',2022-01-08 05:50:26,Microcosm?,0.07377817
b' ',2022-01-08 05:04:24,Thank you!,0.14165933
b' ',2022-01-07 19:26:13,"This sounds incredible, do you know the brand of the magical mitten jacket?",0.1066253
b'Cake will fix it',2022-01-07 06:35:05,,-0.057228804
b' ',2022-01-06 16:10:15,So glad I went back to rewatch with sound after reading your comment,0.09982582
b' ',2022-01-06 16:04:22,Ingratiating,0.032854058
b' ',2022-01-04 19:02:07,I relate so hard I\xe2\x80\x99m not even underweight but I am absolutely freezing at all times. Typed from the comfort of my fireplace and space heater \xf0\x9f\x98\x85,0.031574212
b' ',2022-01-04 18:19:59,How old are the parakeets?,0.14576834
b' ',2022-01-03 06:06:36,"Hey, WhatsApp says that this number isn\xe2\x80\x99t on it? But I\xe2\x80\x99d be interested if you\xe2\x80\x99re looking for a recovery connection!",0.017717669
b' ',2022-01-03 05:43:56, Classic toffee chocolate crunch,0.21343482
b' ',2021-12-22 05:09:54,"Nuun makes electrolyte tablets that are essentially a healthier form of Gatorade, and some of the flavors are caffeinated (my favorite is the cherry limeade dissolved in coconut seltzer water). Anecdotally, as a former Monster, Red Bull, and 5-hour energy fiend, I\xe2\x80\x99ve switched to a combination of nuun and caffeine pills and find that to be more hydrating overall and not feeling any bloating or crash that the energy drinks would give me.",0.22833878
b' ',2021-12-20 01:24:05,"This is so awesome, it\xe2\x80\x99s so great to read positive stories like this here- so glad you\xe2\x80\x99ve found someone so supportive of your recovery",0.054586574
b' ',2021-12-20 01:21:34,"For sure, my resting usually sits 42-48, I\xe2\x80\x99ve been around 62-70 for the last several days since the booster, and it was similar for me after shots 1  2",0.09266432
b' ',2021-11-24 14:48:13,Thank you for sharing!! I hadn\xe2\x80\x99t thought to try brush pens and have been struggling with colors bleeding with the stain when I\xe2\x80\x99ve experimented with color. Very cool and really well executed!,0.021633204
b' ',2021-11-23 14:41:35,"Wow! Love the effect- what kind of watercolors do you use, and do you stain/put any kind of protective coating on afterwards?",0.14213362
b' ',2021-11-20 21:09:07,My first thought is Mirage from the Incredibles,0.0024363846
b' ',2021-11-16 14:32:35,Bulimia has entered the chat,0.016625205
b' ',2021-11-12 07:13:07,What\xe2\x80\x99s the rent?,0.029492507
b' ',2021-11-11 02:17:31,WHAT there\xe2\x80\x99s PUMPKIN SPICE?! My new mission in life to get my hands on this lol,-0.018024657
b' ',2021-10-28 16:55:43,This is beautiful! What do you use for the coloring and glaze?,0.19542933
b' ',2021-10-19 05:39:23,"Tag yourself, I\xe2\x80\x99m a contentious woman",-0.010939648
b' ',2021-10-12 17:12:54,"Oh this stuff is the way to go any day, fully agree",0.007858131
b' ',2021-10-08 23:25:49,"Really appreciate your post here. I\xe2\x80\x99ve just started lead climbing, and having to take into consideration my weight v. My partners weight on a route has been way more of a source of stress for me than I anticipated, and really has me falling into relapse territory. I appreciate the recommendations this post is generating and the willingness of the community to talk openly about it. I know for myself I really try to focus on food as fuel for strength and CBT techniques, but definitely going to look into the specific accounts and resources on this thread. Thank you for posting!",0.3020227
b' ',2021-10-07 07:34:01,"Congratulations, that\xe2\x80\x99s incredible! What app is this that you\xe2\x80\x99re using?",0.05124376
b' ',2021-10-04 16:04:34,"I feel this, I just recently hit the ten year mark, and it feels wild to me that something so horrible and disgusting and damaging now feels so damn regular and just\xe2\x80\xa6 how it is, since it\xe2\x80\x99s been so long. Definitely causing me to reflect how much time/money/experiences I\xe2\x80\x99ve lost to it.",0.08881096
b' ',2021-10-04 15:57:22,"This is exactly why I\xe2\x80\x99ve been struggling with committing to recovery lately. It feels like such a crutch with any foods my brain has determined aren\xe2\x80\x99t acceptable, and then even when I do want to step away from it and not purge, physically it\xe2\x80\x99s such a habit it feels inevitable.",0.21346553
b' ',2021-10-04 03:29:35,"Frozen grapes, blueberries, and sweet corn",0.23908496
b' ',2021-10-01 05:23:21,This is great!,0.05707492
b' ',2021-09-30 05:19:10,Lovelorn,0.058145463
b' ',2021-09-22 13:43:42,A classic zirk move for sure,0.07825732
b' ',2021-09-20 03:39:16,"Thanks so much for sharing, as someone getting into climbing and also struggling to commit to recovery, this was a really incredible reminder to see",0.05307715
