Title,Date,Text,Similarity
b' ',2022-08-22 00:43:02,Very cool looking game so far I\xe2\x80\x99ll be sure to join the community,-0.0018391851
b' ',2022-07-22 06:29:37,This would be an excellent movie for them to cover,0.013567519
b' ',2022-07-18 00:41:15,"Ghost of Tsushima, fallout new vegas, world of Warcraft",0.044136703
b' ',2022-06-23 03:35:35,I would love to test it out,0.1201179
b'Title',2022-04-24 07:45:06,,-0.057228804
b' ',2022-04-14 00:59:22,Looks amazing!,0.049378622
b' ',2022-03-21 03:10:26,Truly breathtaking work amazing job!,-0.00056263804
b' ',2022-03-12 07:52:53,Damn got me good,0.10298217
b' ',2022-03-10 07:15:10,Amazing very good y\xe2\x80\x99all killed it!,0.039172318
b' ',2022-02-10 23:45:14,Depending on how rich the red pill makes me I can buy TikTok and shut it down myself,0.1481217
b' ',2022-01-14 07:55:35,"I\xe2\x80\x99m not joking, and don\xe2\x80\x99t call me Shirley",-0.02737112
b' ',2021-12-18 00:34:05,Pathologic-everything about it,-0.0043189675
b'I knew it',2021-11-27 11:40:25,,-0.057228804
b'Title',2021-11-19 22:18:16,,-0.057228804
b'Title',2021-11-15 04:11:02,,-0.057228804
b' ',2021-08-13 08:40:46,Thank you for sharing I was really confused about everything,0.11332825
b' ',2021-07-29 19:09:10,Uncanny,0.10919133
b' ',2021-04-30 06:54:10,Oh yes,0.08031662
b'My favorite Jarcast Pok\xc3\xa9mon title',2021-01-25 20:47:59,,-0.057228804
b'My favorite Pok\xc3\xa9mon title',2021-01-25 20:46:51,,-0.057228804
b'Me when I\xe2\x80\x99ve got time',2018-10-09 19:28:35,,-0.057228804
