Title,Date,Text,Similarity
b' ',2022-10-17 19:43:26,"""yeah, i mainly eat in the evenings or at night, if I don't eat before bed I will get binge-y. I also find it fits better with my schedule to just not have to worry about eating during the day and even if I eat lunch I still have to eat before bed, so it feels like a waste to eat during the day.\n\nI wouldn't recommend it to other people but it sort of kind of a little bit works for me sometimes. I should try eating more during the day because I think that would help me in the long run, make me bp less and make me feel better. \n\nAtm just thinking about eating is stressful so I feel worse if I eat four X calorie meals than I do if I eat one 4X calorie meal.""",0.38304412
b' ',2022-10-16 00:38:53,"my entire ed playlist but most notably Starving for attention by the narrative, God must hate me by catie turner, starving to be empty by dayseeker and as of late Look at me now by Caroline Polachek",0.17531016
b' ',2022-10-12 01:02:06,"i work at mcdonalds and the amount of times i have opened a soy patty burger to find meat in it while packing food makes me so angry and paranoid. i check every single vegetarian/vegan burger now because it has happened on several occasions that someone got meat when they ordered veggie. \n\nso many meat eaters seem to struggle to understand why it\xe2\x80\x99s a huge deal that that specific mistake is made and honestly i have had soooo many conversations with kitchen staff, telling them to be more careful when making burgers, and it still happens once in a while. (most of the time it\xe2\x80\x99s right, but some people leave their brain at home before coming into work sometimes and then we get a mcvegan with QP meat :) lovely.)",0.2741749
b' ',2022-10-12 00:55:46,"for what reason exactly? i\xe2\x80\x99m not saying it\xe2\x80\x99s not true but i guess it depends on what you consider cruelty free.\n\ni work at mcdonald\xe2\x80\x99s and don\xe2\x80\x99t eat at the restaurant because i don\xe2\x80\x99t want to support the business by spending money on it because of my ethics and opinions (both animal rights, workers\xe2\x80\x99 rights and general shittiness of the food). however i don\xe2\x80\x99t think people who buy a mcvegan cannot be vegan, i just personally hate what the company stands for and only consume unpaid soda or whatever. but i still buy food from stores and other restaurants that also sell meat, just not specifically mcd.\n\ni\xe2\x80\x99m just curious as to what about plant based fast food makes it non cruelty free in your opinion",0.2236306
b' ',2022-10-11 20:29:57,"yeah I\xe2\x80\x99ve been counting for years at this point, and am pretty confident in my estimations especially because because I don\xe2\x80\x99t tend to eat new foods without accurately measuring it several times before. it\xe2\x80\x99s just like\xe2\x80\xa6 what if. it\xe2\x80\x99s mostly irrational tbh",0.26006907
b' ',2022-10-11 18:41:11,"This kind of horrible calorie counting almost scares me, because it shows how truly terrible people are at estimating calories. I am sure plenty of the fat people who claim to eat way under their TDEE daily actually believe their own claims. It makes me worry that I am doing the same thing whenever I estimate calories, because if these people are so bad at counting calories while totally oblivious to their own incompetence\xe2\x80\xa6 what if I\xe2\x80\x99m the same\n\nidk if that even makes sense but it is an actual fear I have",0.3213397
b' ',2022-10-11 18:37:38,why do you think diet soda causes weight gain..?,0.4690908
b' ',2022-10-08 15:15:14,"i would rather die, thinking about this gives me so much anxiety",0.04560691
b' ',2022-10-08 15:05:32,"healthy coping mechanism: take a walk, nap, forgive myself, drink some water, play video games, shower, distract myself\n\nrealistic scenario: purge",0.12716743
b' ',2022-10-08 15:00:02,"i had this exact issue with my twin sister. everyone tells us how we look the same but i hated how i looked but thought she was beautiful. i tried thinking logically about it and see myself in her and it sort of helped me get over my self hatred. nowadays i don\xe2\x80\x99t hate my face too much but back in high school i was sooo insecure, and when i had this realization that while we have our differences, our faces look almost identical, i kind of had to be less critical of myself. if i can see her as being pretty, why can\xe2\x80\x99t i be as well? \n\nwe are separate people and my body image doesn\xe2\x80\x99t get better from looking at her, but our facial structures are identical so it feels stupid to dislike my face but like hers.\n\neta: also i think with my insecurities it wasn\xe2\x80\x99t always that my features were ugly, i think it had to do a lot with my confidence, how i presented myself, etc. i used to wish i could look as confident and happy as my sister did.",0.14232218
b' ',2022-10-08 14:53:24,"yeah. i survive on snacks or really low effort meals. i haven\xe2\x80\x99t properly cooked in so long because it scares me to eat cooked meals with too many ingredients, so i eat ice cream (??????), fruit, instant noodles (also ????) and crackers. love that for me. the thought of boiling pasta, making an omelette or god forbid pan frying some veggies scares me",0.45228457
b' ',2022-10-08 14:47:59,no. my HW ever was BMI >!22.5!,0.26144737
