Title,Date,Text,Similarity
b' ',2022-10-18 13:25:01,Salsa and pickles,0.0159055
b' ',2022-10-18 02:13:30,"Enchilada, Popsicle, Hummus, Chalupa, Toaster Strudel",0.10158566
b' ',2022-10-18 02:11:04,Owen and Ezra (twins) \nJames \nEliza and Steven (siblings),0.039301887
b' ',2022-10-16 23:53:56,I\xe2\x80\x99d love to buy the originals from your daughter!,0.0061635002
b' ',2022-10-16 05:49:05,Had zero thoughts in my life about my body until I was maybe 9 years old and my mom called me into her office to tell me I was starting to get a big belly and maybe I shouldn\xe2\x80\x99t have ice cream every day. I love my mom and she isn\xe2\x80\x99t even like very critical of her body or my body or other peoples bodies in general but that day literally started 14 years of fucking destroying myself,0.2775451
b' ',2022-10-16 04:15:47,Are you new here lol,0.11233701
b' ',2022-10-16 01:28:39,Why did you get a puppy?,0.075135306
b' ',2022-10-15 21:32:59,"I know a Tree, Angel, River, Birdie, and Soup",0.15067834
b' ',2022-10-15 21:27:49,Not sure that I would fully call you an asshole but this is very very strange behavior and you can expect that you and your child will never have a good relationship with their grandparents.,0.11836842
b' ',2022-10-14 19:12:58,"The first time I ever told anyone, she laughed and said \xe2\x80\x9cI just can\xe2\x80\x99t picture you doing that.\xe2\x80\x9d Did not say a word to another person for five years",0.081198275
b' ',2022-10-14 01:25:12,They both liked it and then started to hate it after it was what they committed to for a few months,0.095057875
b' ',2022-10-13 17:22:40,Yes! House in the cerulean sea!,0.05377937
b' ',2022-10-13 16:14:30,"Ada, Amelia, Addison, Adeline, Althea, Ayala, Abigail, Arlo, Agatha, Agnes\n//Aaron, Alexander, Arthur, August, Ariel, Addison, Abraham, Arlo\n\nEden, Eve, Ethel, Edith, Elaine, Eloise, Eleanor, Esther\n//Ezra, Elijah\n\nIvy\n//Ira\n\nOlive\n//Oliver, Oscar\n\nNo u\xe2\x80\x99s \xf0\x9f\x98\xac",0.07775813
b' ',2022-10-13 16:07:13,"My younger brother\xe2\x80\x99s name if I was a boy, Kendra until two weeks before my due date when my parents admitted to each other they both hated it. I\xe2\x80\x99m deeply not a Kendra so I\xe2\x80\x99ve always been relieved lol",0.04006994
b' ',2022-10-13 16:05:54,Mya to maya,-0.043434035
b' ',2022-10-13 16:03:33,"Hazel, Harriet",0.051563106
b' ',2022-10-13 16:03:03,Uh-my-uh,0.13032563
b' ',2022-10-13 15:59:57,"Magnolia, Flora, Fern, Ivy, Violet, Rosemary (some of these are plants and not flowers but close enough lol)",0.07951636
b' ',2022-10-13 15:38:26,"Have an idea, open a document on November 1, and start writing",-0.01014535
b' ',2022-10-12 21:57:36,10 is def not old enough to ride fully alone! With friends it could be old enough if you think your kid is ready. Middle school is when most kids start riding without parents but usually with a group.,0.071980074
b' ',2022-10-12 21:44:10,"Typically you don\xe2\x80\x99t need a resume for a first job. The kinds of jobs you should realistically be applying to (cashier, food service, etc) usually have either paper applications or online form applications. Your resume doesn\xe2\x80\x99t say much because you have almost no experience, and that\xe2\x80\x99s fine! Try applying for places that have applications instead of requiring resumes.",0.0243495
b' ',2022-10-12 21:26:31,"It\xe2\x80\x99s sad because then a lot of people who are well meaning and often young teenagers will be like omg I believe you please be safe, when everyone posting this stuff is just in like a mental health crisis",0.0777365
b'Did you use anything for scarring?',2022-10-12 21:22:26,"I\xe2\x80\x99m at the point where a lot of my acne us gone but I have so many residual dark and red marks from scarring. I was wondering if anyone used anything topical for scarring while on accutane, or did you just wait it out?",0.12175687
b' ',2022-10-12 17:32:56,Is it possible she just posted this for engagement,0.14819163
b' ',2022-10-11 22:55:30,Most of the people who take anti seizure meds on a regular basis are morons?,0.20606722
b' ',2022-10-11 22:47:27,"Nia had so much personality in a way none of the other girls had and was willing to take risks and be experimental, if that was encouraged she could have been amazing",0.17700192
b' ',2022-10-11 01:42:46,I love the amnh stop for no reason except the mosaics are cute,0.0475713
b' ',2022-10-10 21:35:36,Do you hands free purge?,0.10180036
b' ',2022-10-10 21:34:28,Omg HATED these,0.12704092
b' ',2022-10-10 21:28:55,"eyeroll. alcohol, cigarettes, anti-seizure meds, antidepressants, and x-rays are all teratogens too, should no one have kids if they\xe2\x80\x99ve ever engaged in any of those things?",0.22580317
b' ',2022-10-10 21:21:55,The worst dog I ever walked was a vizsla but it\xe2\x80\x99s also the only one so idk if it\xe2\x80\x99s a breed thing. I hate walking yorkies/yorkie mixes and any small dog that\xe2\x80\x99s a poodle mix. Bully mutts and older labs and retrievers are my favs,0.06822282
b' ',2022-10-10 21:10:54,That\xe2\x80\x99s so dumb especially because so many people on accutane are in their teens or early twenties. Because we had bad acne we shouldn\xe2\x80\x99t have children?,0.1388833
b' ',2022-10-08 00:57:07,"Yep. Maybe one day I\xe2\x80\x99ll learn I literally cannot consume media about eating disorders, but not today lol",0.29777658
b' ',2022-10-05 17:31:23,Yeah haven\xe2\x80\x99t people said they would sleep in bed together when Maddie was like 12,0.08798067
b' ',2022-10-04 02:38:53,"I\xe2\x80\x99ve been on my library\xe2\x80\x99s kaiju waiting list foreverrrr, did you like it?",0.1332301
b' ',2022-10-04 02:14:12,You look gorgeous! Love the necklace!,0.16846228
b' ',2022-10-02 20:04:59,Honestly you\xe2\x80\x99d be surprised. There are tons of people who eat relatively small amounts who are just naturally fat. I feel like an ed forum of all places should know that lol,0.36966097
b' ',2022-10-02 20:03:30,"Tori, Ryan, Isabella, Jacob, Scott, Nick, Andrew",0.09472086
b' ',2022-10-02 20:00:04,I almost killed myself during lockdown but now that I know I had no reason to be sad you\xe2\x80\x99ve cured me!,0.13390893
b' ',2022-09-30 23:33:13,Lua by bright eyes,-0.0268082
b' ',2022-09-30 23:12:33,"Hi! This is such a hard place to be in, I can imagine that you feel very self conscious and unhappy, and the stuff with your mom sounds so hard. If you are close with her and knows she really cares about you, I really recommend having a very serious conversation with her about all of this. If you\xe2\x80\x99re too scared to do it in person you can try writing her a note. Explain that the way your family talks about your weight makes you feel bad, and you understand that she\xe2\x80\x99s trying to look out for you but feeling bad about your body has made you try unhealthy ways to lose weight. You can ask her to see a therapist (highly highly recommend this) and also a nutritionist if you want, to help you lose weight in a healthy way. You can also ask her to try and work on healthy eating habits as a family that don\xe2\x80\x99t include conversations about your weight and body. When I was 13 talking to my mom honestly about my developing eating disorder seemed unthinkable, but looking back it would have helped me so much. Best of luck \xf0\x9f\xa7\xa1",0.17819963
b' ',2022-09-30 22:45:52,Wait for real? When?,0.07580517
b' ',2022-09-30 22:45:40,This is so cute lol,0.041237503
b' ',2022-09-29 18:23:22,For the love of god tell me you didn\xe2\x80\x99t make it? Why is it on a cup?,0.18641451
b' ',2022-09-29 18:17:51,No,0.010109326
b' ',2022-09-29 18:10:35,Stop watching,0.08473833
b' ',2022-09-29 17:42:36,Was this ed related?,0.1902698
b' ',2022-09-29 17:40:58,Throwing up in the shower drain my second night of college causing that shower to clog and be unusable for most of the semester,0.058563538
b' ',2022-09-29 17:39:14,"Imo queens is the least convenient borough transit wise, and outer Brooklyn is up there too. Despite that, you really don\xe2\x80\x99t NEED a car anywhere",0.008916311
b' ',2022-09-29 17:37:24,"You look beautiful, what a healthy way to lose weight!",0.35880053
b' ',2022-09-28 21:15:00,Wanting to have an eating disorder is a form of a disorder imo,0.35650396
b' ',2022-09-28 18:45:19,100% would never restrict again lol,0.055632092
b' ',2022-09-28 18:43:46,"Thea Elaine,\nMargo Lydia,\nCecilia Fern",0.10353601
b'Am I improving?',2022-09-28 17:02:55,,-0.057228804
b' ',2022-09-28 16:49:34,I\xe2\x80\x99d scream cry,-0.087218225
b'If I\xe2\x80\x99m hospitalized for mental health will doctors make me discontinue accutane?',2022-09-28 03:42:43,Sorry this is kind of heavy but basically I\xe2\x80\x99ve been considering checking myself into inpatient. I\xe2\x80\x99ve struggled with depression for years and I don\xe2\x80\x99t think this is related to the accutane. Will doctors there or my derm make me discontinue accutane because of this? I really don\xe2\x80\x99t want to stop halfway through,0.17852727
b' ',2022-09-28 03:39:16,When the big clumps come up and it hurts like hell \xf0\x9f\x92\x80,0.030309495
b' ',2022-09-27 17:32:25,Off season is better! And if you\xe2\x80\x99re interested in the aquarium it\xe2\x80\x99s usually basically empty compared to crazy crowds in the summer,0.07911804
b'Where to buy live insects to feed lizards?',2022-09-27 17:30:58,"Looking for a pet store that sells live bugs (preferably dubia roaches) in preferably Manhattan but maybe Brooklyn. Not a fan of the petco/petsmart, looking for something that isn\xe2\x80\x99t a chain.",0.029027333
b' ',2022-09-27 17:28:08,It looks kind of cool lol,0.07002856
b' ',2022-09-27 04:23:53,It\xe2\x80\x99s literally so good,-0.031972
b' ',2022-09-27 04:23:04,"I did this, my derm told me I wouldn\xe2\x80\x99t purge again but I did lol",0.058863327
b' ',2022-09-25 00:28:14,It\xe2\x80\x99s weird she used your stuff and ate your chocolate. It\xe2\x80\x99s not weird she went in your bedroom unless you specifically told her not to,0.24964473
b' ',2022-09-24 22:18:49,Real people on the cover,0.005668087
b' ',2022-09-24 22:18:03,The Good Characters are skinny and the Evil Characters are overweight,0.14417683
b' ',2022-09-24 22:12:33,"Also I was a pretty tiny child and one of the youngest in my grade/most activities I did, and the attention I got for being physically small really stuck with me",0.15746096
b' ',2022-09-24 22:11:08,Justice catalog :(,-0.021137215
b' ',2022-09-24 17:42:05,What,0.05991136
b' ',2022-09-23 01:09:05,I hands free purge so Ive basically trained my body to throw up at the slightest provoking. I once threw up while scuba diving into my respirator and then had to inhale it in and out for the rest of the dive \xf0\x9f\x92\x80,0.055629674
b' ',2022-09-20 22:11:11,"I commute three hours on a train with these 4 days a week and the ability to put your feet on the ledge, rest your arm in the divot, lean against the window and go to sleep is absolutely unmatched",0.07540894
b' ',2022-09-20 22:09:28,Uh oh,0.11647336
b' ',2022-09-19 05:53:04,God that movie was so bad,0.09833946
b' ',2022-09-19 05:08:46,"5 minutes after taking a dog for a long walk, she ran into the bedroom where I was laying down  and peed all over me and the bed.",0.10145669
b' ',2022-09-14 15:11:37,I don\xe2\x80\x99t even charge $350 for a five day house sitting lol,-0.0057684756
b' ',2022-09-13 22:08:31,"I wish I had advice but I have this exact problem \xf0\x9f\x98\xad and it\xe2\x80\x99s not even that my skin is flaky or dry, it just looks that way with foundation on",0.021964882
b' ',2022-09-06 18:50:03,In the heights and when you\xe2\x80\x99re home from the in the heights soundtrack,0.026987199
b' ',2022-09-06 18:48:22,Wait I take the 2 all the time from 59th,0.049614318
b' ',2022-09-06 18:38:15,Right somebody\xe2\x80\x99s lying,-0.010992948
b' ',2022-09-06 18:37:22,I had a camp friend who was regularly at comps with them when they weren\xe2\x80\x99t staged,-0.009181996
b' ',2022-09-06 01:57:09,Damn I didn\xe2\x80\x99t even know we were at 368 lol,0.008522736
b' ',2022-09-06 01:51:03,Why would you assume someone with an 18 year old is 32,0.07950839
b' ',2022-09-06 01:49:35,YTA and it\xe2\x80\x99s weird to want your kid to leave an extracurricular with you instead of spending time with her peers and friends like the rest of her teammates are doing. It\xe2\x80\x99s much weirder to bring it up years later. These are tiny things that shouldn\xe2\x80\x99t have been on your mind even a week past when they occurred.,0.030894626
b' ',2022-09-06 01:43:12,You\xe2\x80\x99re better than me \xf0\x9f\x91\x80,0.049999848
b' ',2022-09-06 01:41:53,Yes and my derm said it wasn\xe2\x80\x99t related but I\xe2\x80\x99m pretty sure it is lol,-0.023890238
b' ',2022-09-06 01:34:22,Literally. Every thin adult I know engages in behaviors that would be banned in a treatment center,0.10757519
b' ',2022-09-01 03:24:54,Pistachio my love \xf0\x9f\x98\xad,-0.040846273
b' ',2022-08-30 15:01:46,She\xe2\x80\x99s got that star power though lol,-0.035761632
b' ',2022-08-22 18:45:52,Abby genuinely hated skinny blonde girls,0.12673086
b' ',2022-08-22 18:44:36,"Also cortibalm is the only chapstick that helps me, like $10-15 on Amazon",0.07396185
b' ',2022-08-22 18:43:57,The other day my lips were so swollen and inflamed when I woke up that my coworkers asked me if I got fillers LOL,0.13104695
b' ',2022-08-18 01:32:41,"Same, started beginning of feb",0.06098344
b' ',2022-08-17 19:51:12,I think if you have more than 50 it\xe2\x80\x99s like borderline concerning,0.14239907
b' ',2022-08-17 19:49:32,Also I genuinely cannot comprehend why Kelly toys/jazwares is still pretending their primary audience is children because they could make so much money on merch geared towards older teens and up,0.10516176
b' ',2022-08-17 19:47:42,This was way more fun when they were much harder to find,0.08312869
b' ',2022-08-15 17:48:53,Nose bleeds and even when it\xe2\x80\x99s not bleeding there\xe2\x80\x99s blood in my snot when I blow my nose,0.101294056
b' ',2022-08-15 17:47:57,Same :(,-0.0016755536
b' ',2022-08-15 14:46:11,Pistachio,0.008176785
b' ',2022-08-14 15:16:41,I\xe2\x80\x99d buy it \xf0\x9f\xab\xa3,-0.05246739
b' ',2022-08-14 01:07:56,Maybe controversial but I will use literally anything provided it\xe2\x80\x99s in small enough quantities it wouldn\xe2\x80\x99t raise red flags. Like at my current house sitting I\xe2\x80\x99ve used their bandaids and tums,0.03358388
b'Just venting',2022-08-14 00:14:15,"House sitting for a recurring client. One of the dogs is a boxer puppy who\xe2\x80\x99s starting to get pretty big. She\xe2\x80\x99s still pretty young and basically not trained at all. She constantly wants to play and is jumping on me and biting me (playfully). I\xe2\x80\x99m literally covered in scratches from her. She\xe2\x80\x99s too big to act like this any more. There\xe2\x80\x99s literally nothing I can do to get her to stop pouncing and chewing on me. I don\xe2\x80\x99t know that I\xe2\x80\x99m gonna accept anything other than walks from this client after this, I can\xe2\x80\x99t deal w this.",0.04621524
b' ',2022-08-13 04:15:28,And it\xe2\x80\x99s the minimum wage in a lot of cities and states so what\xe2\x80\x99s your point,0.0030669165
b' ',2022-08-12 19:51:35,\xf0\x9f\xa4\x94,-0.01726089
b' ',2022-08-10 02:51:57,Work in a name on the cup coffee shop and blue collar white guys have like a 75% chance of being named joe,0.047349453
b' ',2022-08-09 18:43:16,I trained in three days and spent like at least a quarter of the time cleaning drains and mopping,0.083379135
b'Taking client to a vet appt?',2022-08-09 18:23:27,My recurring client asked me to take their dog to a vet appointment for a vaccine while I\xe2\x80\x99m watching her this week. Is there any liability reason or anything why I shouldn\xe2\x80\x99t do that?,0.03715682
b' ',2022-08-08 22:15:08,Wag allows it but the additional person should not interact with the animal,-0.016013697
b' ',2022-08-06 16:48:54,Pink sauce effect,0.1808792
b' ',2022-08-06 16:48:05,That\xe2\x80\x99s not what she said. She said we cannot be in the store and that we have to go home,0.044334963
b' ',2022-08-06 16:47:22,Nope she said we couldn\xe2\x80\x99t sit in the cafe,0.049415827
b' ',2022-08-06 16:46:47,Correct lol,0.019099364
b'Not allowed to be in the store off the clock',2022-08-06 02:21:07,Just had my four hour training and while my manager was reading us policies she told us we\xe2\x80\x99re no longer to be allowed in the store after we clock out. We have 15 minutes to leave and we\xe2\x80\x99re not allowed to come back. I asked if we\xe2\x80\x99re allowed to come in on our off days and she said we can order drinks but not sit down. This was immediately after she reminded us that anyone can be in the store at any time even if they don\xe2\x80\x99t buy a drink. So anyone can be in the store but the employees? She claimed this is company policy and that our dm was upset because he saw people on the floor talking to clocked out employees in the cafe. Does that seem wrong to anyone else?,0.04325528
b' ',2022-08-05 12:20:07,Do you mean pronounce,0.26656792
b' ',2022-08-04 22:13:42,"You\xe2\x80\x99re literally a poster candidate for accutane and it would probably work wonders! The temporary purging, which varies for everyone in terms of how bad it is and will not necessary be worse than your current acne, will totally be worth the long term results.",0.11699006
b' ',2022-08-03 01:45:16,Why would anyone not be able to resist it,0.10961659
b' ',2022-08-03 01:41:16,I have mine on literally 24/7 and it doesn\xe2\x80\x99t have an auto off. I live on the fifth floor with extremely direct sunlight and have a pet,-0.0067539494
b' ',2022-08-03 01:31:02,\xf0\x9f\xab\xa0 well,0.008497644
b' ',2022-08-03 01:28:29,"Could be hashimotos, my dads hashimotos causes something very similar. Get a thyroid work up",0.14955354
b' ',2022-08-02 11:36:45,Wdym,0.031561196
b' ',2022-08-01 21:07:38,My last housesitting job was in May for 14 days and it exhausted me so much that I literally turned them off lol,0.06492115
b' ',2022-08-01 21:02:19,Omfg I\xe2\x80\x99ve never whisked sweet cream in my life,0.23556152
b' ',2022-07-30 21:23:07,I think this is a scam or phishing email,0.051562995
b' ',2022-07-20 00:42:03,I think we all have to do that?,0.09224547
b' ',2022-07-18 18:12:19,"Your skin definitely looks better, not worse!",0.15283859
b'What\xe2\x80\x99s your skin care routine on accutane?',2022-07-18 02:52:00,What products do you use for cleanser/moisturizer?,0.21484938
b' ',2022-07-15 16:04:20,"Jobs rely on their employees guilt about staffing to keep their employees. Even though it makes you feel bad it\xe2\x80\x99s not your fault they\xe2\x80\x99re understaffed. If they need people so bad they can hire. Don\xe2\x80\x99t stretch yourself too thin, give yourself permission to quit",0.14056595
b'Can you really not drink',2022-07-11 22:14:00,"Hi everyone! I officially start in a few days. My derm mentioned you can\xe2\x80\x99t drink. I know a lot of meds say you can\xe2\x80\x99t drink on them but people do, is this different/more serious? Tia!",0.13326022
b' ',2022-07-03 04:32:53,I\xe2\x80\x99d do $100 shipped,-0.09305058
b' ',2022-06-09 22:27:10,"Omg Coney Island is super fun for a vacation spot, idk why these people are so bitter. The water is kind of gross but plenty of people swim in it and the boardwalk is really fun! Expect to spend a lot on rides (cyclone is $10 per person). I think there might be an online thing where you can get unlimited wristbands for like $50. The aquarium is there too if you want to add that to your trip",0.10147378
b'Will anyone board a cat with fleas?',2022-06-08 16:50:38,I am currently watching my significant other\xe2\x80\x99s cat while they are between apartments. I just discovered the cat has fleas and I really want her out of my apartment. I know that vets will board cats with fleas after they\xe2\x80\x99ve capstarred them (used to work at a vet) but I can\xe2\x80\x99t find any vets that have boarding space. Does anyone know of anywhere that will take this cat to board for a week or two asap? I really want to start cleaning my apartment and getting out of this situation.,0.009072645
b' ',2022-06-06 00:42:50,Stop taking that walk,0.08904737
b' ',2022-06-05 20:51:04,Oh I\xe2\x80\x99m guessing you\xe2\x80\x99re not in a city lol,0.06407496
b' ',2022-06-04 04:09:57,Lol I turn down more people than I accept,0.16163355
b' ',2022-06-04 02:03:39,Okay a lot of this is fair but I do walks in sandals like every day lol,-0.0031545265
b' ',2022-05-31 01:51:50,This is genuinely the only post I even see in this group anymore,0.04069271
b' ',2022-05-30 09:33:02,"Citymapper, curb, TooGoodToGo",0.079530224
b' ',2022-05-30 09:15:15,I mean the proportions of the sewed on details. But if the hang and butt tags look fine I\xe2\x80\x99m sure it\xe2\x80\x99s real,0.041242085
b' ',2022-05-30 06:00:00,Maybe it\xe2\x80\x99s just how this version looks but the proportions and face just seems slightly off. Did you get it from a reliable store?,0.11160937
b' ',2022-05-30 05:51:51,Does this look fake to anyone else,0.13017473
b' ',2022-05-29 00:56:34,Why would they care,0.06470107
b' ',2022-05-29 00:55:56,The way I\xe2\x80\x99m about to make all the partners in my store try this my next shift,-0.02335423
b' ',2022-05-29 00:50:32,Lmao interviewed for a youth conservation education position and they offered me a job staffing their parking lot after my interview,0.03383156
b' ',2022-05-28 12:22:02,"People typically do not send any messages unless something is wrong, just leave a note in the report card",-0.032968007
b' ',2022-05-28 12:16:15,For $13 an hour I can give you 0.5 things at once,0.0536708
b' ',2022-05-28 12:10:18,"I literally have never heard of a half or full pump before, ever, and I started in February",0.11402637
b' ',2022-05-28 04:25:56,"They definitely do not provide accessible enough info about this! Everyone gets it when they sign up. It\xe2\x80\x99s not real, just so you can see what will happen when you accept and do your first walk. You can start it at any time and click around so you can see all the options and features. You don\xe2\x80\x99t actually need to walk any where",-0.068044245
b' ',2022-05-28 04:16:27,1. My store doesn\xe2\x80\x99t have recipe cards 2. Wtf is a full pump lol,0.05768085
b'Me sweating overstimulated trying to figure out the most complicated harness on the planet while my clients poorly trained dog jumps on and nips at me over and over',2022-05-28 03:11:08,,-0.057228804
b' ',2022-05-28 00:58:32,I got screamed at for doing this on my third day by a random partner lol,-0.013211033
b' ',2022-05-27 01:08:28,"\xe2\x80\x9cI do not do meet and greets, but if you bring your dog and I detect a problem I could have identified in a meet and greet, I will cancel leaving you with no backup plan\xe2\x80\x9d",0.013291561
b' ',2022-05-23 22:43:30,"I\xe2\x80\x99ve been hardcore against choke chains my whole life and then was asked to use one on a large, high energy dog and instantly saw that they can be useful",0.18511915
b' ',2022-05-23 05:30:33,Yes it\xe2\x80\x99s so annoying when all the notes are like do NOT do this walk like TOO LATE,0.06874887
b' ',2022-05-23 05:29:20,I think it\xe2\x80\x99s crazy we can\xe2\x80\x99t see what other sitters say about dogs,0.02990121
b'Why do so many customers not understand mobile orders?',2022-05-23 05:27:22,"I feel like almost every day now customers are mad at us for doing mobile orders before their cafe orders. It\xe2\x80\x99s the year 2022, how is it possible that you don\xe2\x80\x99t understand that mobile orders come in at the same time as cafe orders? Why would we not make them in order?",0.15775146
b' ',2022-05-20 15:53:24,Babe your moisturizer should not be stopping your skin from breathing,0.16572708
b' ',2022-05-20 15:51:11,Wait I didn\xe2\x80\x99t get a shirt lmao,0.0066546444
b' ',2022-05-20 15:50:47,It was 29.95 on April 4,0.019955188
b' ',2022-05-19 22:16:29,When people say vets only recommend science diet because they make money off of it I literally see red,0.2481924
b' ',2022-05-13 20:33:20,"100% a scam, people don\xe2\x80\x99t actually talk like this lol",-0.051302128
b' ',2022-05-03 23:29:50,"Because it\xe2\x80\x99s strange to get an expensive gift for someone who is paying you for a service, and someone with experience would not do that.",-0.053004257
b'Sick while house sitting',2022-05-03 23:28:27,"I\xe2\x80\x99m housesitting right now and in the past day I\xe2\x80\x99ve gotten really sick. I\xe2\x80\x99m supposed to be here until 5/9. Two of my coworkers just tested positive for covid with the same symptoms as me but I have 3 negative rapids, waiting on pcr. I\xe2\x80\x99m about to tell the owner I\xe2\x80\x99m sick just to fill her in. Should I request a fill in sitter for the remaining days? The dog is reactive and needs eye drops and meds so it\xe2\x80\x99s not a super easy switch, but I feel like crap and can\xe2\x80\x99t imagine the owner would be thrilled about me being sick here.",-0.038425505
b' ',2022-05-03 16:46:02,Yeah but who would think to bring three \xf0\x9f\x98\xad,-0.03288872
"b""Where can I go past midnight that isn't a bar?""",2022-05-02 02:28:02,[eliminado],0.0033504413
b' ',2022-05-02 02:17:03,is this oil or a print,0.13617852
b' ',2022-04-30 16:23:59,Hidden valley road,0.102638096
b' ',2022-04-30 16:14:47,You\xe2\x80\x99d die,0.022326859
b' ',2022-04-29 13:04:31,Someone post the link to the dupe \xf0\x9f\x99\x88,-0.0011805296
b' ',2022-04-29 12:58:56,"The second day of my training I legitimately cried in the bathroom and almost quit and then as soon as training \xe2\x80\x9cended\xe2\x80\x9d (your training will definitely last longer than your official training period because there\xe2\x80\x99s still a learning curve) everything got much better. It took me three weeks to remember my partner numbers lol so you have me beat on that! Don\xe2\x80\x99t worry, it will get easier :)",0.0176939
b' ',2022-04-29 12:53:48,Tiktok told them that we will remake their drinks and let them keep both \xf0\x9f\x99\x84,0.04004969
b' ',2022-04-27 01:50:02,"If you can afford it, not a waste of money! One benefit of nyc is how many free and cheap things balance out the cost of living - cheap public transport, free museum passes for residents, etc.",0.11577587
b'Price question',2022-04-25 01:13:47,"If I raise my price to the max in the areas range, will owners be more likely to pic other walkers/sitters because their cost is less? Does the app let them pic walker by cost?",0.068691194
b' ',2022-04-24 07:13:58,Tenafly,0.019858235
b' ',2022-04-16 15:13:42,Literally I thought I was the only one,0.11024031
b' ',2022-04-15 20:51:51,"Good Friday and start of Passover. Stock market is closed, bank holiday, and school breaks.",0.053345617
b'How to unionize',2022-04-15 20:18:02,"If hypothetically I was interested in unionizing my store, what would the first steps be?",0.0538224
b'Why do I need to pay delivery fees for coned if I didn\xe2\x80\x99t use any gas?',2022-04-14 19:27:31,"I used literally zero therms of gas this month, so my supply charges for gas is zero. However, my gas cost $30.06 this month because of delivery fees. Why do I need to pay $30 for using literally no gas? Is there any way to get them to wave this or is the delivery fee just always applied?",0.051438414
b' ',2022-04-12 20:00:39,There\xe2\x80\x99s a curb your enthusiasm episode about this,0.07197191
b' ',2022-04-12 19:52:04,I\xe2\x80\x99ve heard calling works much better than emailing,-0.02170349
b' ',2022-04-11 20:07:23,Don\xe2\x80\x99t feel bad! Starbucks is designed so literally anything can be modified! You should see the crazy modifications most Starbucks baristas make when they order!,0.06462242
b' ',2022-04-09 02:22:37,I asked an owner if I could use the bathroom in her apartment the other day and she rated me 4 stars on an otherwise perfect walk. I should have just not asked and used it lol,0.026860746
b' ',2022-04-09 02:22:32,I asked an owner if I could use the bathroom in her apartment the other day and she rated me 4 stars on an otherwise perfect walk. I should have just not asked and used it lol,0.026860746
b'Tips for repeat walks',2022-04-07 19:52:45,"When there\xe2\x80\x99s a repeat walk with a set tip, do you get that tip for each walk, or is it one tip for all the walks?",0.05548599
b' ',2022-04-07 15:48:37,This is amazing!,0.034151338
b' ',2022-04-06 03:07:47,If you are not white or look like you could be something other than white this seems like it could be just like racism lol,0.16941509
b' ',2022-04-06 00:59:18,Just came over from rover and can confirm it is impossible to get clients,-0.022416225
b'Treating papules',2022-04-04 20:08:18,"Hey! A lot of my acne is papules, or raised red bumps with no head. My routine doesn\xe2\x80\x99t seem to help these. Does anyone have any recommendations for products to address this?",0.09984596
b' ',2022-04-01 15:43:28,Someone in my store mobile ordered three iced shots in a venti cup with half and half and light ice and then asked me why it wasn\xe2\x80\x99t filled to the top. Like?,0.18079016
b' ',2022-04-01 05:20:53,Omg why so many,0.10493684
b' ',2022-04-01 05:16:52,No that\xe2\x80\x99s a good deal,-0.033256363
b' ',2022-04-01 05:15:40,A teapsoon of blood is enough to indicate internal bleeding that could be fatal,0.101232834
b' ',2022-03-31 17:57:45,Honestly my partner has ibs and they are kind of similar but it\xe2\x80\x99s really important if this comparison felt off to you that you express that to him,0.02720938
b' ',2022-03-31 03:45:33,My store leaves our displays out for a week LMAO,-0.0097726025
b' ',2022-03-29 21:56:02,Omg my boobs look exactly like this,0.15005301
b'no offense but some of you need to go to the doctor',2022-03-28 19:32:12,[eliminado],0.0033504413
b' ',2022-03-28 19:23:24,the way this post made me instantly order from la roche posay... they need to cut you a check,0.07990229
b'Does anyone else feel like we don\xe2\x80\x99t get paid enough to make customer connections?',2022-03-28 16:52:38,"Like I\xe2\x80\x99m barely making rent, we\xe2\x80\x99re getting just a bit more than minimum wage, I really don\xe2\x80\x99t feel compelled to break my back talking to strangers who hate me",-0.0063987235
b' ',2022-03-28 16:50:11,They\xe2\x80\x99re banned in nyc and every customer is so fucking mad (at me) about it,-0.02123197
b' ',2022-03-28 16:49:33,"We\xe2\x80\x99re being paid barely over minimum wage which, to me, is being paid to be lazy lol",0.0033636466
b' ',2022-03-25 04:03:29,I solved Semantle #55 in 160 guesses. My first guess had a similarity of 2.11.  My first word in the top 1000 was at guess #15.  My penultimate guess had a similarity of 7.90. https://semantle.novalis.org/,0.010389132
b'Bruh',2022-03-25 03:54:12,,-0.057228804
b'My shift told me if I don\xe2\x80\x99t want to work on customer connections I can go work for minimum wage at Dunkin',2022-03-24 20:55:25,"Yeah, that extra dollar we get really makes it all worth it \xf0\x9f\xa4\xaa",0.041563176
b' ',2022-03-23 16:15:40,Once I asked an old man his name and he was like \xe2\x80\x9cyou don\xe2\x80\x99t need my name. Just get me my coffee and hand it to me\xe2\x80\x9d like gotdamn,-0.03963934
b' ',2022-03-23 16:14:22,In nyc they stopped having stoppers and these nasty old men act as if that was a personal decision I made to ruin their day,0.15247609
b' ',2022-03-23 16:10:32,I don\xe2\x80\x99t wear my mask anymore because we\xe2\x80\x99re in a fully vaccinated office building and wearing it makes me hot and anxious,-0.022960862
b' ',2022-03-23 05:24:12,I solved Semantle #53 in 236 guesses. My first guess had a similarity of 10.74.  My first word in the top 1000 was at guess #62.  My penultimate guess had a similarity of 60.21 (997/1000). https://semantle.novalis.org/,0.025476247
b' ',2022-03-23 01:41:44,"""yeah mine did this but he's also a total idiot so""",0.03182608
b' ',2022-03-22 21:23:41,I solved Semantle #52 in 97 guesses. My first guess had a similarity of -5.70.  My first word in the top 1000 was at guess #12.  My penultimate guess had a similarity of 22.72. https://semantle.novalis.org/,0.0028371066
b' ',2022-03-19 23:29:39,His dogs would be fully insured on rover if he would make them their own profiles lol,0.01700505
b' ',2022-03-19 14:02:09,I\xe2\x80\x99d die to do this,-0.062317125
b' ',2022-03-17 23:11:50,"I literally cannot even fathom that they didn\xe2\x80\x99t shoot the dogs, and also that these dogs weren\xe2\x80\x99t euthed immediately",0.053232864
b' ',2022-03-16 23:46:14,Yes!! I think it\xe2\x80\x99s my skin becoming irritated with the heat of the water?,0.07220088
b' ',2022-03-16 23:42:56,Eyeroll,-0.06555347
b' ',2022-03-16 23:31:11,So fucking schedule more people \xf0\x9f\x99\x83,0.0808464
b'What the fuck',2022-03-16 16:59:03,,-0.057228804
b' ',2022-03-15 19:04:20,My manager is like this too it\xe2\x80\x99s almost like she does exactly the opposite of everything I say,0.061765734
b' ',2022-03-15 19:00:59,Dude this is not how anything has ever worked,0.043957938
b' ',2022-03-14 22:00:00,No offense but who cares if the customer is a scammer this company makes about a billion dollars anyway,0.049723253
b' ',2022-03-14 21:57:42,So get a library card where you go to school,-0.007635493
b' ',2022-03-14 21:47:23,Omfg I\xe2\x80\x99ve been doing this so fucking wrong,0.011818536
b' ',2022-03-14 21:44:58,We were also told that we overspent.,0.17476656
b'I want to cry',2022-03-14 21:43:00,"Our hours continue to be reduced. In two weeks everyone in the store will be 15 or less. I don\xe2\x80\x99t know what to do, and my store manager always ignores my scheduling requests so it would be basically impossible to get another job",0.02453339
b' ',2022-03-14 12:30:36,"Absolute bagels, wu and nussbaum",0.099072784
b' ',2022-03-14 04:33:54,Book culture :),0.002236981
b' ',2022-03-14 04:32:00,I have a medium telfar and it\xe2\x80\x99s the perfect size and durability,0.028513538
b' ',2022-03-11 21:00:19,Baby you need a divorce,0.0729577
b' ',2022-03-10 03:39:24,LMFAOOOOOOO,0.03409641
b' ',2022-03-10 03:39:09,Meanwhile I\xe2\x80\x99m over here charging $28 a night LOL,-0.00823714
b'Hours being cut',2022-03-10 03:06:00,"Starting next week, my hours are being decimated based on low labor in the store - I\xe2\x80\x99m going from 34.5 to 21. All I know is Starbucks better be ready to start paying for all three of my meals on the days that I\xe2\x80\x99m in or else I\xe2\x80\x99m gonna starve. Anyone know of any lucrative side hustles LMAO",0.13197374
b' ',2022-03-09 15:40:21,Babe you literally look like a model. We\xe2\x80\x99re always most critical of ourselves but if I saw you on the street I\xe2\x80\x99d be thinking about how pretty you were,0.18220046
b' ',2022-03-09 05:38:27,Harlem 2 bed 1800,-0.03769757
b' ',2022-03-09 05:35:40,I mean you could just live in a cheaper neighborhood,0.08050677
b' ',2022-03-09 04:48:16,When a customer specifies things like no foam in a drink that does not contain foam I see red,0.08064223
b' ',2022-03-09 02:19:16,"If it makes you nervous or uncomfy it\xe2\x80\x99s not worth it! It\xe2\x80\x99s super reasonable to say no every once in a while, just tell them a conflict came up!",0.027082477
b' ',2022-03-05 08:41:16,Gay people love oat milk LMAO,0.103795566
b' ',2022-03-05 08:38:23,How do you run out of pike I\xe2\x80\x99m dead,0.11441296
b' ',2022-03-05 08:33:24,I want you to know that just because this is \xe2\x80\x9coff your chest\xe2\x80\x9d doesn\xe2\x80\x99t mean you should stop feeling guilty about this.,0.11342603
b' ',2022-03-05 08:22:16,When I had really bad warts on my feet they only went away when I finally dug all the roots out with a tweezer. Very painful though lol,0.03318158
b' ',2022-03-05 08:18:09,Derm,0.035946466
b' ',2022-03-05 08:16:39,Fred and daphne love child in the best way,-0.018651485
b' ',2022-03-05 00:29:11,"In disbelief that people are saying they\xe2\x80\x99d clean it, no matter how small or low effort. They booked you to walk the dog. You shouldn\xe2\x80\x99t be cleaning their house in the same way you shouldn\xe2\x80\x99t be giving them a haircut in that it has nothing to do with the arrangement you made",0.13959467
b' ',2022-03-05 00:25:09,Yeah because it can get black ppl killed like?,0.083217636
b' ',2022-03-05 00:18:15,Did you\xe2\x80\xa6 dissolve?,0.14793678
b' ',2022-03-05 00:06:53,I literally was not ever implying I was going to hire someone to my laundry at that specific laundromat but go off!,-0.031537376
b' ',2022-03-04 12:48:01,LMFAO u hiring??,-0.0145384725
b' ',2022-03-04 12:46:12,Because $1-2 per pound is significantly cheaper than what I\xe2\x80\x99m currently paying? Like you can act like I was an idiot to say that but I was literally right?,0.12964356
b' ',2022-03-03 15:28:25,"People in this thread have said they send their laundry out, pick up and drop off, for $1-2 per pound",0.01197087
b' ',2022-03-03 15:26:09,I\xe2\x80\x99d love a coupon code!,0.014910426
b'Bringing someone else to meet and greet as a sitter?',2022-03-03 15:23:18,"How do you think owners would fee about me having my girlfriend with me for a meet and greet? Is it unprofessional? As a young woman in nyc meeting strangers alone for the very first time makes me a little nervous, but I don\xe2\x80\x99t want to seem unprofessional at all",0.030203994
b' ',2022-03-02 20:39:27,Did you read the content of this post,0.25433964
b' ',2022-03-02 19:50:59,I\xe2\x80\x99d literally rather eat dirt than pay someone for rejecting me,0.0671383
b' ',2022-03-02 19:49:51,"I am doing it myself. It seems literally insane but it is $8.50 for a load of wash and $0.85 per ten minutes of drying, plus $2 if I misplace my reloadable laundry card. Unfortunately it\xe2\x80\x99s in my lease that I can\xe2\x80\x99t get one of those :/",-0.030868452
b'How can I do laundry without bankrupting myself',2022-03-02 19:40:09,Hi! I\xe2\x80\x99m in Harlem and the laundromat near me which I think is supposed to be cheap seems insanely expensive (~$20 to wash and dry a weeks worth) It seems like it would literally be cheaper to send my laundry out every two weeks or something. Does anyone know of a cheap way to do laundry?,-0.0019818097
b'Plot twists other than shut up and dance?',2022-03-02 10:05:25,Are there other episodes with plot twists? No spoilers please!,0.1270268
b' ',2022-03-02 09:28:14,Arthur 8 inch! He was my number one iso for months and months and I thought I\xe2\x80\x99d never find him,-0.0055048065
b' ',2022-03-02 03:38:18,You look so lovely!!,0.21997343
b' ',2022-03-02 03:37:04,"Yes and I\xe2\x80\x99m a lesbian lol. I feel like women in porn are so extraordinarily fetishized, even in lesbian porn, that their pleasure seems overdone and fake",0.08424281
b'Spoken word at the beginning that says \xe2\x80\x9cokay children let\xe2\x80\x99s listen to music\xe2\x80\x9d',2022-02-19 18:57:11,"I heard this song in a store the other day that I can\xe2\x80\x99t find anywhere! At the beginning there\xe2\x80\x99s a spoken word portion with an old vintage record sounding vibe that sounded something like a father saying, \xe2\x80\x9cOkay children, now let\xe2\x80\x99s listen to some music just like we used to.\xe2\x80\x9d The rest was just like vibes instrumentals. Any ideas?",0.054661863
b' ',2022-02-09 05:53:42,Yes please!,0.11482945
b' ',2022-02-01 06:01:52,looking for an invite! Thank you!,0.082749605
b' ',2022-02-01 05:59:49,looking for an invite!,0.04679373
b' ',2022-01-27 20:24:53,"Holly, Kelly, Christ, Melissa, Jill",0.084390655
b'Why does no one want to trade anymore?',2022-01-27 04:04:44,Does anyone else feel like like trades are SO much harder than they used to be? I love trading and I used to do like literally five a week. Now it seems like literally no one wants to trade. In facebook groups most trading posts get no comments. What gives?,0.043554477
b' ',2022-01-22 22:27:39,I rarely roll my eyes this hard,0.16072276
b' ',2022-01-22 22:23:44,"""This is the most unique one I've seen!""",-0.02941966
b' ',2022-01-22 22:20:48,I would put money on this being a coyote with mange,0.070771046
b'Some January Spreads',2022-01-22 04:36:49,,-0.057228804
b'DAE feel like food is one of the most important things in their life?',2022-01-22 00:04:32,"""I feel like I'm thinking of food literally constantly and my mind is almost always on what I can/will eat next. Does anyone else feel this way?""",0.47966695
b' ',2022-01-22 00:00:24,This is literal insane person behavior,0.033621337
b' ',2022-01-21 23:56:50,omg shut up,0.029137116
b' ',2022-01-21 23:55:58,Yes but only while high lol,0.06031248
b' ',2022-01-21 23:53:43,If I was still doing this I would be so depressed I would have killed myself lol,0.11545248
b'Do working interviews pay?',2022-01-21 23:45:48,"""I have a 4 hour working interview next week. Should I expect to be compensated? It's in nyc.""",0.03963655
b' ',2022-01-18 07:50:45,"I have a biology degree, with experience in behavioral research, veterinary settings, and environmental education.",0.066877484
b' ',2022-01-18 07:40:10,Least expensive was probably $4 archie/reina flip from 5 below.\n\nMost expensive was rainbow Wendy for $150 on depop lol,0.0013791248
b' ',2022-01-17 10:24:03,No offense but literally in what world could this be interpreted as a rejection letter,0.07166818
b' ',2022-01-17 10:16:31,Definitely 2,0.07518938
b' ',2022-01-11 09:28:40,abe this is a pyramid scheme,0.103662685
b' ',2022-01-11 09:28:18,"There are some websites where you can cash in giftcards (make sure you read reviews first, some of them are scams)",0.09694395
b' ',2022-01-11 09:26:32,"""I have several paperback books retired from English classroom sets that must have been at the school for decades and decades, some of them with production dates in the 1930s. No one ever took particularly good care of them (they came to me stuffed in a damaged cardboard box!) but they're still holding up fine!""",0.02691033
b' ',2022-01-11 05:37:38,"""I've entered around 400 over 8 years. I have won 8.""",0.116770014
b' ',2022-01-11 05:34:08,"I feel like YA used to mean high school aged protags, and now it means any book that has a target audience somewhere between 5th grade and college",0.044562005
b' ',2022-01-11 05:31:54,I have nothing that useful to contribute but god I miss those lookup kiosks,0.010170259
b' ',2022-01-07 22:50:56,Unfortunately this is pretty standard for this field lol,-0.035965662
b' ',2022-01-07 22:47:20,"""1. Who was your first squish? Todd with the bandana! I got him at Walgreens at my first covid vaccine appt.\n2. Who is your favorite squish? Todd!  \n\n3. Who do you have in your collection you thought you'd never find? Gay wendy!!  \n\n4. Who is your biggest diso? Phillipe!""",0.08271544
"b'""No one wants to work anymore""'",2022-01-07 22:44:16,​\n\nhttps://preview.redd.it/8ntkr79v5ca81.png?width=361=png=webp=7deb72a11b32b09d47c070c6afaf19be42153553,0.06303383
b' ',2022-01-02 21:46:34,This is so lovely! Great job!,0.03884803
b'Miserable',2022-01-02 21:42:51,"I just graduated college and started working at a small clinic in my home state. I\'ve always loved working with animals and seriously have thought about going to vet school for years. This is my first experience at a clinic, I did have an internship at a zoo hospital. I thought this was going to be a great start for right out of school.\n\nMy boss hired me knowing I had zero experience, with the understanding that she would teach me everything and I\'d get more experience and responsibilities over time. Sounded perfect. But when I got there, my boss and everyone else were immediately fed up with me because I didn\'t know what I was doing. Like, they were mad at me for not knowing how to restrain a dog (it took two seconds to show me), not knowing how to draw up vaccines, not knowing how to schedule appointments, even not knowing where things are in the hospital that they never showed me around. I feel like I\'m losing my mind. Like, I\'m not psychic, there\'s no way for me to know to do something unless you tell me. And when I ask questions, everyone seems pissed. Like the other day I was switching the oxygen over to the non-rebreather and I couldn\'t remember what plugged in where, so I asked and the vet snapped at me, ""I showed you this the other day."" Like yeah, I know, but I\'m trying to learn 100 things a minute and I\'m not a perfect person. I get scolded, snapped at, eye rolls all day long. I\'ve cried multiple times at work out of frustration.\n\nAnd I know I\'m the new person, but the amount of shit work I get is so upsetting. God forbid someone else clean diarrhea. I spend so much of my day cleaning kennels, doing laundry, mopping, doing dishes. No one else helps with that stuff. Which would be fine if that was like, my job description, but I had no job description, I have no job title, and I don\'t have any official set of responsibilities. I know saying this is like very entitled but like why did I go to four years of school to mop floors?\n\nFinally, the people at my job seem like they don\'t even like animals. Actually, one of the head techs told me on my second day that she doesn\'t like any animals. No one seems to have any kind of emotional connection to the animals, and they are all so rough with them in ways that sometimes seem appalling. Like, if a dog is freaking out about a nail trim, they will scream at him ""STOP"" and then throw him on the floor and pin him. I know this can sometimes be necessary but it happens so often. Also, everyone has no tolerance for dogs barking and freaks out when they bark for more than a minute. The loudest dogs get put in a cage alone in the basement, and no one checks on them all day. We board dogs frequently and one of our boarders was a barker, so she stayed in the basement for the week she was there, only getting out four times a day to pee. Like isn\'t that... animal cruelty? Am I being excessively sensitive?\n\nIs this normal? I feel totally miserable. I hate every second. I find myself jealous of people at literally any other job, from lifeguards to gas station attendants, because they don\'t have to deal with this. Am I being dramatic? Can anyone relate?",-0.019012956
b' ',2022-01-02 21:40:53,"""NTA and it's genuinely neglectful to allow your daughter to get her period for the first time before explaining what that is. Like that's Carrie level shit""",0.14341004
b' ',2021-12-19 03:08:01,You literally saved me from a hunger induced mental breakdown,0.29173017
b' ',2021-10-17 02:52:56,Do you have a source for this because it sounds totally made up,0.12115921
b' ',2021-09-15 19:11:48,"Apologizing doesn\xe2\x80\x99t change anything. The best apology is changing your actions. Also, you need therapy",0.06555042
b' ',2021-09-11 23:51:07,This must be a child lol,0.09057822
b' ',2021-07-31 04:23:04,"""I mean that's what you get for applying to be a cop lol""",-0.0025266
"b'Hate my job, hate my life'",2021-07-31 04:13:46,[eliminado],0.0033504413
