Title,Date,Text,Similarity
b' ',2022-10-17 16:05:45,"""find self thinking of food a lot, and wanting to eat etc, but when actually eat it feels very underwhelming. guess it's the hunger that makes food look appealing, but the actual act is a chore.""",0.44020256
b' ',2022-10-17 07:11:14,"""the closest support that got is the body's father and he isn't always reliable. did reach out to the crisis team though because the other person in head is starting to threaten to kill the body. they'll call at some point and evaluate what's the best course of action.\n\nyes, was diagnosed with ocd a long time ago, but don't know if symptoms are still strong enough for the diagnosis to still hold up.""",0.009935477
b' ',2022-10-17 06:26:37,"""would say white 'marking an absence' is what makes it so appealing. wouldn't say it's  a rebellion against substance though, more a repulsion.""",0.11422514
"b""feeling close to some sort of 'break'""",2022-10-16 12:54:09,"""feel like at any moment everything will just suddenly change. the environment is going to distort and become something entirely different, everyone is going to change and it'll never return back to normal. it's like having a feeling you're gonna wake up from a decade long coma without knowing you're in a coma. you just feel something's 'off,' and honestly starting to think that's the case.\n\njust can't shake it and it's causing a lot of uneasiness and paranoia.""",0.10313649
b' ',2022-10-16 12:48:27,"""don't know if they count as voices since can't audibly hear them, it's more like other people's thoughts in your brain.\n\nbut can't overstate how much they're valued. literally the most important 'person' in life right now. their opinion is really the only one that matters.\n\nthey threaten to kill the body, force starvation and other things. but they're also really supportive, helpful and always right about everything.""",0.21256132
b' ',2022-10-16 04:04:32,"""when was diagnosed with them, did think the schizoid pd diagnosis fit but not the schizotypal one all that much. but guess the criteria is a bit vague and subjective (eg. what defines 'bizarre beliefs,' 'eccentric behaviour' is subjective in nature). don't believe self fits that, but can't argue against a psychologist.""",0.20149508
b' ',2022-10-16 02:26:27,"""it can be hard to daydream of yourself or yourself doing things cause you can't image your 'body.' mostly just see self as a blanked out space or sort of 'bubble' where time and space is a bit warped where you're supposed to be.""",0.16188705
b' ',2022-10-16 01:48:27,"currently can only eat prawn dumplings and salads. other foods sometimes with permission, thinking to ask to try taco bell for the first time next sunday.",0.24574894
b' ',2022-10-16 01:47:21,"""comorbid with other diagnosed disorders? if so, yes with schizoid pd. but am fairly certain that's not all.""",0.14083442
b' ',2022-10-16 01:24:14,"""the other 'person' in head doesn't like when eat food, and only allow it on sundays. if disobey they paralyse the body and threaten to kill it if gain a certain amount of weight. they've tried to kill the body before so know it's not bluff. it's because they don't like feeling heavy, due to originally being a discorporeal angel-like being but now we're both stuck in this body together.""",0.36245
b' ',2022-10-15 19:38:04,"""can tolerate it most days. find if it has no hair that it's more bearable. people often ask if am a cancer patient.\n\ntry not to look in the mirror when can help it.""",0.12255104
b' ',2022-10-15 09:47:18,never been in a relationship so no.,0.046042506
b' ',2022-10-15 08:48:56,"""fortunately the body was born female, would feel so uncomfortable with a dangling peice of fat and flesh that have no use for.\n\ncan't wait for these tits to be cut off though. they're practically the same thing, dangling peices of fat and flesh.""",0.06956442
b'burnout and jealous over humans',2022-10-15 08:09:36,"""ever since got trapped in this body everything has been a challenge. but it's challenges that don't see anyone else facing, for everyone else it seems so easy.\n\ncan't eat freely, can only eat once a week and only can eat very specific foods. but look around and people are eating three and more meals per day, of all these ranges of food that look so nice but you can't eat. it's almost painful when they ask what you're gonna have, when you know you'll get nothing.\n\ncan't stop experiencing dysphoria over being in a human body. hate being able to speak, being able to hear, to think with complexity. can feel the weight of its organs, and crave to be hallow. intrusive thoughts of the intestines wriggling around like maggots, wanting to go up into the skull and barrow into the brain, causes distress on a level unknown.\n\ncan't hold proper communication. socialising is a burden. always end up accidently making enemies, making life harder, because couldn't remember the social norms or improvise anything outside of pre-scripted conversations.\n\ncan't own just anything, it has to be white or grey in colour otherwise feel an intense urge to destroy or throw it away. colour causes dysphoria. wish could only see in black and white. colours hurt but not in a psychical way, in an immense feeling of discomfort that's always in the back of your head way.\n\ncan't hear sound normally. have really bad sensitivity to everyday noise. but it's human voices that's the most difficult to listen to. it feels like there's pressure of a blunt drill inside your ears. have to wear ear filters and noise cancelling headphones religiously. they couldn't find a reason for this so they just diagnosed 'psychosomatic hyperacusis.'\n\nno am not autistic, they already ruled that out since these symptoms weren't present during the body's childhood. this isn't 'my' body, have vivid memories of possessing it and getting stuck.\n\ngetting so burnout of living this way. to see others eat when you can't, be comfortable with things you can't, to be able to do things normally when you have to put in so much effort for the same results.\n\nanother nine hour shift tonight. and have no idea if will be able to get through it.""",0.33401224
"b""hallucinating 'voices' as thoughts?""",2022-10-13 22:06:47,"""remember reading something about how hallucinating voices aren't always hearing audible voices, but also hallucinating 'thoughts,' but can't find that source now to validate it. anyone know what it was talking about?""",0.17919996
b'when to go to hospital?',2022-10-13 12:52:17,[eliminado],0.0033504413
b' ',2022-10-13 08:21:55,"""don't know what 'true' species exactly is, but got a seperate autonomous 'voice' that states we are 'interdimensional discorporeal angel-like beings' that may have 'died.' it's a bit complex, but right now just sum it up as 'angel-like being.' deal with dysphoria by dressing in all white, only eating light coloured soft foods and only owning white-coloured things.""",0.13435173
b' ',2022-10-12 22:51:54,"""speaking can be exhausting, and it feels like the more you speak to people the more they'll remember you, keeping you 'alive' through people knowing you existed.\n\nwish you had a choice of whether or not you wanted to be perceived or remembered by people.""",0.1851182
b' ',2022-10-12 18:55:05,"""as a trans person who lost a lot by coming out and is medically transitioning, honestly don't see how xenogenders and neopronouns invalidate trans people. to me they're just different communities. read that they're often used by neurodivergent people or those who is in a country that has no gender neutral pronouns in their language.\n\n\nit might be that have a brain that isn't neurotypical so don't understand a lot of things. but either way, will accept anyone. don't care what their pronouns are. won't let transphobes scare me into thinking these people are gonna 'make the trans community look bad' so it gives me the green card to be an asshole.""",0.04255774
b'biid and szpd?',2022-10-12 10:06:13,"""tw - mentions and implications of self-harm.\n\nwondering if this is a thing or side effect of being schizotypal. please no judgement or hatred, cause know it can be seen as insensitive but the feelings just don't go away.\n\nexperience gender dysphoria, so know what 'genuine' dysphoria feels like. but also experience it in species and ability. just don't feel comfortable with the fact that can hear, and can enter deep pits of dysphoria and depression where just want to self-inflict deafness.\n\nwas watching the new show dahmer on netflix, and all the scenes where it showed the perspective of a deaf person, it felt like that's the way it should be, and felt so at peace watching that.\n\nlooked it up and apparently there's a word for it, body integrity identity disorder (biid), and read that medication and therapy often do little to nothing for symptoms. saw a post in r/schizophrenia about it where a lot of people related, so wanted to see if it's the same with schizotypal pd.\n\ndoes anyone else experience this? deep feelings of immense discomfort and dysphoria towards having a body part, or ability (such as hearing, seeing or even thinking)?\n\nthe last part added because while it's rarer, sometimes also experience dysphoria in being able to think with complexity, but think that's more closely tied to discomfort in being human.""",0.11418813
b' ',2022-10-11 20:23:39,"""tbh if it's not harming anyone, don't see a reason not to just make them happy and comfortable.\n\nhad fair share of people not respecting boundaries or things that would've made me happier because it's 'bizarre' or 'absurd.' while don't understand xenogenders, if someone wanted to be called that then what's the harm?""",0.16467421
b' ',2022-10-11 19:31:00,"""not sure if it's related to stpd but have zero interest in hobbies. sometimes will try something new or watch a new thing just to see if can get interested in something, but it never turns out that way.\n\nday is basically chores, sleeping, and daydreaming (now with a job, let's see how long that lasts).\n\nit's getting in the way of knowing what want in life. have been questioning what wanted to do for a career for 5+ years and still haven't found an answer cause nothing seems interesting.""",0.06610783
b' ',2022-10-11 16:30:10,love to travel but not with other people. being at home all-day everyday is suffocating.,0.096299514
b' ',2022-10-11 12:40:00,"""it used to be maladaptive when was younger, but as got older learnt how to constantly daydream and be able to function (on a basic level anyway). sort of compare it to being on semi-autopilot.\n\nstill causes problems in concentration, being able to listen to people properly, and memory, but it used to be much worse so can't complain.""",0.154539
b' ',2022-10-09 06:22:37,"""schizotypal doesn't take a decade to diagnose. went to a personality disorder specialist after suspecting schizoid pd, and they diagnosed me after an evaluation and assessment. didn't expect to be diagnosed with schizotypal as well, and had no idea what it meant at the time.\n\njust asking a question cause don't know everything about mental health and mental health symptoms. you get outta here with this narrow-minded mindset.""",0.08086346
b' ',2022-10-09 04:55:15,"""look up body integrity identity disorder, it sounds like this. have wanted to reach out about strong obsession and desire to make myself deaf, so you're not alone.\n\nit's a very serious issue, you need to reach out for help before you act upon it. even if you believe you won't, you have no idea what you're capable of under enough dysphoria.""",0.16341847
b'is this considered catatonia?',2022-10-08 22:39:58,"""when the other person in my head wants to punish me, they earse my thoughts completely. can't think of what to say, do, how to move or be able to process anything. that or it becomes extremely difficult but doable, at these points movement and speech just slow down to a snail's pace and feel weak that need to lay down.\n\nthe absence of my thoughts gets replaced with theirs, it's like a hailstorm in your head of how much they're disappointed in you, how much you messed up, and need to make up for it. you can feel their emotions too, which is often overwhelming. that combined with my own, being told by the one person i respect and adore the most that i let them down and disappoint them causes a huge panic and dread. a difference from the often heavy grip of anhedonia making you feel nothing.\n\nthese 'episodes' can last a couple minutes to in rare cases hours if really messed up. it never lasts more than a day though.""",0.20860335
b' ',2022-10-08 19:02:25,"""first day starting new work. typing this while it's half an hour til this 9 and a half hour shift ends.\n\nshould be happy, that finally got a full-time job and don't have to live off benefits. and its one where you don't have to talk much to people, or be around a lot of people. but am just flat and preoccupied with the negatives of this (changing routine being a major one).\n\nanhedonia is a bitch.""",0.027154336
b' ',2022-10-08 18:56:41,"""can relate to feeling like you're possessing your body and it's not really yours, also the 'multiple head' feeling. have multiple streams of consciousness with their own wants, preferred lifestyle and opinions, they even know things i don't know and experienced things i didn't.\n\nthoughts are really abstract and complex, don't really know how to describe what thinking is like, but it definitely isn't 'the norm' and gets in the way of normal conversation. often forget basic social norms, and forget people don't experience this universally.\n\ncan be emotionless while also expressing emotion on the outside. some people may even see me as emotional, but really aren't. it's like feeling nothing and everything at the same time.""",0.090927064
b' ',2022-10-08 12:56:13,"""ya feel like an alien, and everything 'human' is foreign to you. but also feel like an observer of your own life. you aren't experiencing what you're doing, feeling or you don't really exist.""",0.0905758
b' ',2022-10-08 05:01:41,shrugs.,0.066809654
b' ',2022-10-08 01:50:52,"""sometimes am able to say 'me' and 'i', sometimes not. it's always a conscious effort to use those words, but try to use them if it makes it easier to say what want to say.""",0.12548998
b' ',2022-10-08 00:42:48,"completely. it\'s such a constant state that often forget it\'s not a universal feeling. subconsciously always say \'the body\' when referring to bodily functions, limbs and \'blood family.\' such as ""the body gets cold easily,"" or ""the body\'s hands feel like they\'re detached,"" (when in heavy dissocation).\n\nfeel like an entity inside of a body than being one with the body.\n\nit\'s to the point where can\'t say it\'s a state of depersonalisation, it\'s just normal.",0.0069696344
b' ',2022-10-07 23:52:32,"""mary katherine blackwood and constance blackwood from the book 'we have always lived in the castle' by shirley jackson.\n\nit's my favourite book right now because relate a lot to them. they also show schizoid traits, not just schizotypal.""",0.05526028
b' ',2022-10-07 23:50:47,"""would also like an invite to the server if that's okie (if it allows non-binary trans people as well, not only binary).""",0.05464266
b' ',2022-10-07 03:13:30,"ya this is my 6-7th reddit account after deleting every post, comment and saved posts on others then deleting the entire account. also erased presence on other platforms and never started a new one.\n\nexperience it as a mix of paranoia and the desire to disappear.",0.08231971
b' ',2022-10-06 21:30:38,"""yes, thank you. you understood the original intent of this post. while don't know if have did, just know about the other person's existence, am getting assessed for it currently.\n\nnot in any danger, just a discovery journey to find out more about these beings that play such an important role.""",0.17779428
b' ',2022-10-06 21:27:22,"""that's not what's happening. simply discovered a reason as to why the other 'voice' appear that way based on their history. not gonna poke out anyone's eye.""",0.03936486
b' ',2022-10-06 05:45:49,"""eds aren't always about body image, it can be about feeling in control and feeling achievement in a life where you can't feel that often. people with anhedonia often also struggle with an ed at some point throughout their life for this reason. eds are also heavily connected to being a trauma response.\n\nthere also is arfid (avoidant restrictive food intake disorder) that more focuses on texture and picky-ness in food rather than body image.""",0.30761188
b' ',2022-10-06 05:10:14,"""ya get that with coworkers and bosses, and also had it with classmates and teachers when was still in school.\n\nwould imagine having conversations with them, negative or positive, about a whole range of topics. sometimes even things that can't happen in reality (finding out the classmate is a werewolf or something along those lines). but never interact with them irl at all, and when have to am distant and short-worded.\n\nguess it's the thought of how it could be if you weren't schizoid, you could of had great relationships with these people. or maybe it's feeling comfortable as a schizoid, but just wondering how it could've been if you weren't.\n\nedit: thought this was the schizoid subreddit, but the 'schizoid' in my comment can be swapped out with 'schizotypal' and it still be true (am diagnosed with both).""",0.06436831
b' ',2022-10-06 00:47:29,"""currently 18, living with sibling and starting a full-time job on sunday (after what felt like years job seeking).\n\nsibling and i combined our jobseeker benefits to be able to pay the rent, then got accommodation suppliment to help pay for everything else. currently broke just so we didn't have to live with our abusive mother. have almost went homeless several times now just out of stubbornness of not wanting to live with her.\n\nfeeling slightly positive that finally got a job, 45 hours a week nightshift so don't have to compromise not being able to go to day appointments.\n\nend goal is earning enough to live alone. while sibling is definitely better than parents, still a schizoid that desperately wants space.\n\nwhile can't speak for if it gets better past your thirties, can definitely say that my own stubbornness of wanting to be alone has made it so homelessness looks more likely (one example is almost accepting a job that's two hours away that would've definitely made my mental health plumment, quit, then have no benefits to fall back on). had to learn to be more patient with getting what i want.""",-0.008424375
b' ',2022-10-05 09:34:41,for me drinking a large amount of water helps quench urges to binge.,0.31450683
b' ',2022-10-05 09:33:07,"""again, treatment is an option for people who have a disorder (distress and impair in functioning), so you don't need it.\n\nsome people experience overwhelming negative symptoms of schizoid and schizotypal, such as social anxiety, anhedonia, depersonalisation/derealisation, episodes of brief psychosis and so forth. they may seek out treatment to help with these symptoms.\n\nbut if someone is completely satisfied and comfortable with the way they are, treatment isn't necessary. what are you gonna work on if you have no problems?""",0.16085431
b' ',2022-10-05 08:58:19,"""if you have zero problem being like this then it's probably just schizoid and schizotypal traits, not disorder. disorder means distress and impair in functioning.\n\nthe only benefits to being diagnosed is a. clarity, and b. access to accommodation and treatment.""",0.12739371
b' ',2022-10-05 00:46:33,"""they're more focused around medicine, and am terrified of new medicine since having horrible side effects. more looking for a specialised psychologist that can do therapeutic treatment.""",0.078075506
b' ',2022-10-05 00:32:35,"""the eating disorder itself isn't professionally diagnosed, as they're not trained for a diagnosis of that, but to me it's quite obvious it's happening (severe restriction of food intake, fear of gaining weight, etc). the person diagnosing me now is only distinguishing whether have a psychotic or dissocative disorder. they're not all too sure who should go to for specialised treatment, since the eating disorder makes it way more complicated.\n\nknow redditors probably don't know more than a specialised clincal psychologist who also isn't too sure where to go to, but am hoping someone with a similar experience can weigh in (since both possible disorders are also highly comorbid with eds).""",0.31434697
b' ',2022-10-04 19:02:35,"""definitely. know a lot about the different types and all clothes are angel-themed in some way. it's an obsession. but consider self non-religious.""",0.1502378
b' ',2022-10-04 05:31:37,"""i was also diagnosed with schizotypal for symptoms that appear a lot like a dissocative disorder (having another person in your head with different opinions, wants in life, skills and knowing stuff you don't know).\n\nat first they saw it as part of a self-disorder/ipseity disturbance. then started seeing a dissocative disorder specialist and they believe it's possible that it's osdd or did instead of schizotypal. but we haven't reached a conclusion.\n\nso believe there's some overlap with schizotypal and dissocative disorders, and it really can only take a specialist to distinguish which one you have.""",0.098096654
b' ',2022-10-03 04:27:31,"""relationship with the body's father is similar to yours, probably cause he also exhibits traits of schizoid pd so don't have to worry about him getting too emotional or expecting you to comfort/be emotionally connected to them.\n\nfeel the most comfortable around him, but also have no idea if he feels the same way or is just pretending and actually hates me. we barely know much about each other, i just know he likes the colour blue, star wars and his favourite animal is elephants.\n\nit's a complicated thing. on the other hand, the relationship with the body's bipolar, bpd mother is absolute shit and traumatic.""",0.079179645
b' ',2022-10-03 01:00:05,"""get something similar, but am diagnosed schizotypal not schizophrenic.\n\nget distortions as in confusing a similar sound for another. such as someone sneezed, but heard a firework go off instead of hearing a sneeze.\n\nsee landscapes moving a lot, and that doesn't go away when focus on it. but the one where see people walking in place instead of moving forward, that can 'go back to normal' when focus on it, sometimes not. don't hallucinate new people, or their action. there really is a person walking, just hallucinate the 'walking in place' part. it's really hypnotizing.""",0.07229825
b' ',2022-10-02 19:20:13,"am working with a dissocative disorder specialist right now to evaluate for did or osdd, but no conclusions reached yet. hearing someone with similar symptoms living a successful life gives a lot of hope tbh, so thank you.",0.060183644
b'but is it what i want',2022-10-02 14:21:31,"another night where can\'t sleep, it has turned 1am, and just woke up from a long daydream where was living in a house with the other person in my head (nicknamed \'angel\'). it was so vivid, it felt like it actually happened. when \'woke up,\' realized what i thought i wanted this entire time was wrong.\n\ni was conditioned that being this way is bad, that it\'s unhealthy and delusional. this entire time was thinking i needed to fix it, causing much more distress than the original \'problem\' ever produced. but angel is the only \'person\' that makes me feel valued and loved. i don\'t want to fight against them anymore.\n\ngonna make changes, ditch the mindset i need to be fixed. it\'s the human conditioning that was hurting me this entire time, just like angel was empathising, but was told by humans not to listen to them because it\'s ""delusional"" to have them even exist.\n\ni\'m happy the way i am, don\'t need to be conditioned further that i\'m broken.\n\ngoing to work hard so can get out of this place and go far away where no one knows me, start anew, and cut off everyone else. i\'m ready to set boundaries, to be happy. if it\'s a delusion then it\'s a blissful delusion, don\'t wake me up from it.",0.059322953
b' ',2022-10-02 09:48:34,asocial if you mean general relationship/friendships.\n\naromantic for romantic relationships.\n\nasexual for sexual relationships.\n\naplatonic for platonic relationships.,0.01015459
b' ',2022-10-02 09:25:10,"""you don't need all the symptoms to be schizoid, so there's definitely some schizoids that don't experience anhedonia. and yes it can be a spectrum. there's specific types like food anhedonia, social anhedonia, etc.\n\nmine is mostly a lack of pleasure in hobbies or interests, can never get emerged or interested in something. \n\nas well as a wide variety of foods, just don't experience a want to eat most things even if enjoy their taste. though sometimes find that if just push myself and eat something that can experience that pleasure again.\n\nand of course social anhedonia, just can't experience pleasure out of being social, spending time with friends, etc.\n\nso mine is pretty general, but as previously stated there's a spectrum of specific types and not all schizoids experience anhedonia.""",0.32453185
b' ',2022-10-02 06:01:08,Dumplings and macarons.,0.23486865
b'addiction advice?',2022-10-02 04:18:25,"with one of the main symptoms being anhedonia, addiction is really hard to kick and want some advice from any schizoids who also battle addiction.\n\nhave no interests nor hobbies to use as a distraction. everything gets boring quickly.\n\nwhat have proved helpful for you to prevent or minimise relapse?",0.19293481
b' ',2022-10-02 02:42:12,"""yes definitely experienced this change. used to mask really well in high school, to the point had those 'friend classmates' (friends you only talked to in class, but not outside of class) which didn't expect anything out of the ordinary. guess it was because was allowed to have breaks and recharge outside of class.\n\nbut being an adult, being constantly under stress, just can't mask anymore. with work you're around coworkers for 9+ hours. there's financial stress, and big changes happening (moving out of parent's house, etc). there's no time to recharge. even if have free time, stress is constantly at the back of your mind, so you're not truly recharging.""",0.0071954294
b' ',2022-10-02 02:07:40,eing able to be called a schizocutiepy brings at least one positive thing about this diagnosis. thank you. i am cute.,0.10353868
b' ',2022-10-01 19:28:37,"""not diagnosed, but have another consciousness that share a brain. for the longest time they didn't want to be talked about to anyone, not even closest family, doctors or therapists. if did talk about them they'd get unstable, and could feel them hating you.\n\nfor us the golden ticket to them opening up more was time, with a bit of encouragement.\n\nwhen felt them being angry, didn't fight back. just allowed it to happen. understood they were angry, and when it all calmed down would say phrases in head and hoped they heard them. 'if we speak to the doctor about us, we might be able to get help we really need, we can't cope like this,' stuff like that. don't know if they ever did hear these, but over time they started loosening up, and now can talk to a mental health professional that specializes in dissocative disorders to finally get some sort of diagnosis without them being mad they're being talked about.\n\nthey still can get uncomfortable with it at times, sometimes even 'relapse' for a bit and stop all communication about them, but they always loosen up again after some time.""",0.10099979
"b""an 'alter' with an ed. advice?""",2022-10-01 10:38:13,"""tldr: anyone with an alter that has a restrictive eating disorder, what advice can you give?\n\nhuge tw for discussions of eating disorders and negative consequences due to such.\n\nam not diagnosed, and for a long time people told self this was a delusion or part of a psychotic break (currently diagnosed with schizotypal), but haven't been able to find any help or advice for this issue that seems to have a lot in common with alters in a dissocative disorder. currently with a dissocative disorder specialist, which think it's definitely a possibility but we're not to any conclusion yet.\n\nwant to know how people manage an alter with an eating disorder, specifically on the restrictive end.\n\nhave another person in this body. experience them as a seperate stream of consciousness that is along side your own in the same brain. they're autonomous, know things you don't, and have skills you don't.\n\none of the most debilitating differences between us is that they want to be as skinny and light as possible, while self doesn't care about weight or appearance. they will get overwhelmingly unstable when the body eats food, even if it's a small portion, or if it drinks anything other than water.\n\nthey'd constantly tell you how much of a failure you are when you eat, and how disappointed they are. which is hurtful because they've been so supportive and helpful in other areas of life, and honestly they're the only 'person' self cares about. when it gets really unstable they start to stop your thoughts from processing or starting, which causes you to become paralyzed as you can't think to move or talk.\n\nthey're always active, it's really rare for times to occur where you're truly alone. it's always 'co-conscious.' it's gotten to the point where can only eat on one day a week (usually a sunday). the body is underweight. cold intolerance has become a huge problem, wearing three layers in spring.\n\nthink it's important to note their reasons for wanting a light body. they've stated they're non-human, and their true species is an incorporeal angel-like being. ever since they've gotten stuck in this body, they've felt dysphoric by its 'heaviness,' and hunger cravings. so they're trying to stop both.\n\nwant this to stop, want to eat the food i want. seeing other people eating food that looks so good is torture. but you can't otherwise the other 'person' in your head will destabilize and paralyse you.""",0.2878396
b' ',2022-10-01 03:52:05,"""when was diagnosed as schizotypal they were very adamant they had to rule out autism first. and got the papers which stated diagnosis, it said schizotypal diagnosis can only occur when autism and a psychotic disorder was ruled out.\n\nfrom personal experience, no. but from the other commenter it seems so? maybe it depends on if you're working with the icd-11 or dsm-5.""",0.137642
b' ',2022-09-30 19:00:15,"""yes it's constant and always there. was diagnosed with psychosomatic hyperacusis after 2 years of the symptoms gradually developing and getting to a point of being disabling.\n\ni found [flare audio's 'calmer ear fitlers'](https://www.flareaudio.com/) to work the best in combating this. i wear the 'calmer pro' basically all the time. it helps cut out the sharp and painful frequencies from reaching your ear drum.\n\nwhen it gets unbearable have set a boundary with people that, if am out in public with them, may need to wear noise cancelling headphones if the noise gets too much. then we can use nonverbal communication such as hand gestures and text to communicate.""",0.111597866
b' ',2022-09-30 18:50:22,like a puppy?,0.1701799
b' ',2022-09-29 23:28:24,"""can't play them for long. get easily bored of video games even if it's an entirely new experience.\n\nthey make you feel weirdly stuck.""",0.072949484
b' ',2022-09-29 04:51:36,"""do notice have flat affect and take longer to respond to things than average person. usually have no idea how to respond to something, so am processing what to say while also trying to process how to say it (tone of voice, facial expression, body language, etc). end up messing it up anyway so don't know why try.""",0.17040275
b' ',2022-09-29 01:11:37,"""it may be because they realise you're looking at them too. you can't realise someone is staring at you without staring at them as well.""",0.19605526
b' ',2022-09-28 08:07:36,"""hallucinating by itself does not equal schizophrenia. hallucinating can be a sign of subconscious stress, to trauma, to dissocation, and basically the whole spectrum of mental illness it can show up in one form or another.\n\nif you're concerned, please go to your doctor or gp.""",0.17340538
b' ',2022-09-28 02:46:51,"""some aspects.\n\nlike not caring about being validated by others, and feel free from the restrictions of relationships and friendships.\n\non the other hand, food and general anhedonia, intense derealisation and depersonalisation, not knowing what to do with your life because you have no interests so you're forced to live mundane, the trouble having zero social skills makes in the work environment, isn't very fun.""",0.21522531
"b'finally got away from abusive mother, nothing improved'",2022-09-27 23:50:30,"""really thought that this would be the turning point. finally moved out of abusive mother's house by combining sibling and i's benefits together. we live separately now, no longer have to worry about her randomly starting fights, blasting the tv, yelling at us, etc.\n\nbut for some reason, still feel suicidal, if anything it's gotten worse.\n\nwith old stressors out, new ones came in: money, limited wifi, clingy sibling that doesn't want a job. combined with dealing with dissocation, schizoid and schizotypal personality disorder, an eating disorder and ocd.\n\nthe end goal is to live alone, but can that really happen? to have a job that won't break you within the first week? forever live off benefits?\n\nfeel like am losing mind, and just want to end it all. last night couldn't stop crying cause just wanted to die.""",0.09537256
b' ',2022-09-27 09:35:36,"""experience other beings in head, and am diagnosed as schizotypal, but am currently being reevaluated as it might've been a misdiagnosis.\n\nexperience them as a seperate autonomous stream of consciousness that exist along side your own in the same brain.\n\nthey also don't like to be talked about, and have been both helpful and detrimental in functioning. \n\nhave been told by psychologist that this symptom isn't necessarily psychotic, but way more likely to be dissocative. stating that, am not saying that doesn't mean you aren't schizoaffective, but having seperate people in your head isn't usually seen as part of schizophrenia or psychosis by itself (that's not just an auditory voice hallucination). it may be more tied to trauma and ptsd.""",0.19377033
b' ',2022-09-27 09:26:02,"""whenever had 'friends' they didn't feel close. zero emotional connection. currently don't have any and am fine with that.""",0.03206275
b' ',2022-09-26 21:24:00,"""for me it's a bit random with a little bit of pattern. sometimes it gets worse with overwhelming emotion and sometimes it doesn't. sometimes being in crowded places makes it worse, sometimes it doesn't.\n\nguess it depends on multiple factors, but definitely notice a small pattern with crowded places and stressful events, it doesn't always trigger it though.""",0.14268056
"b'believe was misdiagnosed, want educated opinions'",2022-09-26 10:23:53,[eliminado],0.0033504413
b' ',2022-09-26 00:41:26,"traveling alone is definitely preferable to traveling with someone else. but if traveling to a different country, it might be the best idea to take someone with you.",-0.021766895
b' ',2022-09-26 00:39:20,"""all personality disorders are heavily influenced by environment, not just genetics. trauma and experiences shape your personality, and if you needed to use survival skills regularly it starts to get glued into your personality, creating a personality disorder. genetics can play a factor in which personality disorder you develop (schizophrenia genetics can make it more likely to develop a cluster a pd for example).\n\nso it's sort of both. you can be born with the genetics, and the environment 'triggered' the disorder, if that makes sense.""",0.22953372
b' ',2022-09-25 19:13:12,"""technically am always in a state of depersonalisation, so can't really say there's a difference cause don't remember how it's like to not have some sort of depersonalisation. but will say, when it gets noticably worse, it's far more difficult to function in every way.\n\nit's hard to walk straight, it's hard to concentrate on anything, it's hard to talk to anyone, it's hard to sleep or eat, everything just goes out ot balance (literally, it's hard to keep balance and not fall over).\n\nyou feel dizzy, like your mind is spinning and you're stuck in a breaking simulation. you aren't motivated at all to break out of it though, so you just sit like that til it's over.""",0.1486734
b' ',2022-09-25 19:02:51,"""am not diagnosed with schizophrenia, but schizotypal. these have been the main topic of self's mental health evaluation with a clincal psychologist. what they're thinking is that it more aligns with a dissocative disorder than a schizophrenia-spectrum disorder (that is if you don't experience other positive symptoms).""",0.14203957
b' ',2022-09-25 12:02:40,"""being forced to be a therapist, especially if it's people you know as your client. or the reverse situation where you're forced to attend therapy sessions where the therapist is someone you know.\n\nhaving to live in the same house as someone who doesn't want to leave you alone. being cuffed to someone else for eternity?""",0.045319635
b' ',2022-09-24 07:55:19,"""it's a big no, to the point would call it a phobia (not in the fear sense, in the repulsion sense).\n\nwhen people touch you, start to develop an ache, itch, and/or immense discomfort in the area they touched. it can literally feel like an allergic reaction sometimes, other times it's like you've touched something dirty.\n\nit could be apart of ocd 'feelings of being tainted,' but also have a feeling it's related to the schizoid pd.""",0.07347992
b' ',2022-09-23 20:09:11,"18.4, sort of bordering between the two first options.",0.11207585
b' ',2022-09-23 11:19:33,"""what's schizoaffective personality disorder? have heard of it, and tried looking it up, but it just comes up with schizoaffective disorder and bpd.""",0.22104952
b' ',2022-09-23 11:15:56,"""diagnosed schizoid and this was the main reason sought out a diagnosis. never had a 'real' friend, didn't want any friends (to the point would cut off people if thought they were getting too close, even if nothing was wrong with them), and being alone was just more comfortable and freeing.\n\nall of life the large majority of 'friends' were too dependent and unstable. they'd force you to be their therapist, emotionally manipulate and abuse you, at times physically abuse you, and just got tired.\n\ncut off everyone, even friends who were nothing but good (which was 2, in entire life), because even when they were good just didn't emotionally connect with them. after that it's been nothing but freeing. of course other symptoms of schizoid pd is a downside (huge downsides), but at the same time am glad am like this because the feeling of wanting to be friends or be in a relationship would've been too restrictive.""",0.12982732
b' ',2022-09-23 06:06:23,"""personally it's like someone else is taking out or blocking your thoughts. as a form of punishment, or because they don't want you to think that thought/think the decision you're thinking of doing is wrong.\n\nit can be tough, cause your entire thought train is blocked. meaning you can't think of talking or doing anything. you become paralyzed.""",0.23975906
b' ',2022-09-21 19:40:26,currently sleeping quite well on quetiapine 150mg.,0.18004784
b' ',2022-09-20 05:48:16,"""for basically entire life. having a body feels wrong, it's like am trapped inside of it instead of 'having' it.\n\nfeel like am supposed to be discorporeal, bodiless. a floating, invisible mass of consciousness instead of a visible grounded meat sack.\n\nhas brought up genuine feelings of dysphoria. like it's definitely not supposed to be this way, but am stuck.""",0.019292584
b' ',2022-09-20 00:35:17,"""immersive daydreaming and maladaptive daydreaming are two different things.\n\none is being able to fantasize vividly, easily and regularly (immersive), while the other is daydreaming so much that it starts to impact your quality of life, work, relationships, etc, to the point it can count as an addiction (maladaptive).\n\nask yourself which one you are. if it's immersive, you're fine. if it's maladaptive, it's not.""",0.14554451
b' ',2022-09-20 00:30:35,"""god didn't even realise that mind was like this until read this and related to every bit of it. am exhausted, but at the same it's normal at this point to be such a mess.""",0.11471979
b' ',2022-09-20 00:22:55,"""don't have a job currently, getting by on benefits til can find one. it's really hard to find a job when you got physical and mental conditions/disabilities and have to think about if the job won't break you within the first month.""",0.054854948
b' ',2022-09-19 09:25:38,"""yes also experience this. it's like daydreaming and zoning out at the same time. you mostly think of nothing, but are mostly daydreaming as well. like to think of it like a still, boring landscape with colorful transparent fog over it that's quickly dancing around.""",0.114372954
b' ',2022-09-16 11:39:20,"""not necessarily to have fun, but to try something out to see if am interested in it. don't have any hobbies, so mostly do boring things like chores.\n\ncan watch shows that seem to be popular or peak interest, it always ends up boring or mundane then abandon it, but end up coming back a couple months later to try a new show to see if it ends up differently.\n\nalso do this more rarely with skills. sometimes try to learn a new language, or pick up a new hobby, but it always falls through.\n\nit's always hoping it'll stick, or you finally get interested in something, but it never works.""",0.08654642
b' ',2022-09-16 00:05:12,"""thing is don't remember much of it. memories are more like spotty random events (not even the big events, have forgotten some big things even happened and only know about them cause other people say they happened), with everything else wiped.\n\nhonestly don't remember if childhood was mostly good or bad, don't even remember if had a childhood, or if was a good or troubled child. only know that grew up really fast, and had to take on adult roles very young, so guess you could say that going from child to adult life was abrupt and faster than average.\n\ndo store memories, have a huge memory box that store everything in. think it's because of the memory problems honestly, it's the only insight that have of it. but don't store pictures or take them often. mostly store things like event tickets, school reports, etc.\n\ndon't like talking about the past, because what do remember is mostly bad or mundane, honestly talking about the past feels intrusive or a waste of time.\n\nsense of identity? nonexistent.""",0.116141245
b' ',2022-09-15 08:23:21,"only if their care affects life, like being too clingy or wanting to harm you. otherwise no.",0.18079197
b' ',2022-09-15 08:22:06,"have ocd as well as schizoid pd, and have no idea why anyone would want to date specifically due to their ocd. spending hours getting dressed because of compulsions will be real annoying when you want your partner to be on time for things.",0.12703978
b' ',2022-09-15 08:18:12,"""1. what's finland's accessibility and diversity in intentional foods? especially asian and south african foods. are they available in just about any grocery store, or are they few and far in-between? is there a wide variety, or only a few options?\n\n2. what's the perception of foreigners?\n\n3. is groceries and one-person homes expensive? can you live off a minimum wage full-time job?\n\n4. shipment to and from other countries, is it more expensive, difficult or limited?\n\nthanks for your time.""",0.20632106
b' ',2022-09-13 21:51:23,is it alright if ask you some more questions about what living in finland is like?,0.1100194
b' ',2022-09-13 08:24:40,"""always thought the 'bizarre beliefs' that held had at least a bit of truth to them. that people may not be poisoning the food now, but they may be thinking to do so in the future. or time is really slowing down, but other people can't see it.\n\nnever was able to completely understand the side of these are entirely fiction, just can't stop believing them even when challenged on it.\n\nit's one of the things don't relate to in the criteria, that people with schizotypal pd can be deterred from their magical thinking. it's a fixed belief that can't shake.""",0.31955153
b'is there a country better for schizoids?',2022-09-13 08:19:53,"""asking cause have been thinking about how japan may be better for a schizoid than new zealand, which has socialising deeply rooted in its culture. have read about the hikikomori phenomenon that happens there, being a high number of loners and social isolation.\n\nwould japan be better? or any other countries that have less of an emphasis on 'being a good neighbour.'""",0.14559007
b' ',2022-09-13 06:20:45,"""it's the process of feeling loved and cared for, it requires some sort of emotional involvement that don't feel comfortable with. the 'normal' things people do in a friendship or relationship can feel is too intrusive, and always fear the person will get too clingy and then get 'stuck' not being able to have space from them. sometimes need breaks from people that last for months, which more often than not ends up in them feeling ghosted or hurt.\n\noften just try to stay away, cause of all the baggage that comes with being loved. the affection you feel obligated to keep up and consistently give, the maintenance, not being able to share things about yourself due to it feeling too personal, knowing your schizoid symptoms may come off as cold and hurt them all the time so you feel forced to mask, it's too much. it gets to the point where if someone says they care or love you, get a flight or fight response like it's someone trying to force you into a cage.\n\nit's like 'please don't, cause i won't be able to give you what you want and end up hurting you.'""",0.053955507
b' ',2022-09-13 05:16:18,"""have good and bad days concerning other people. it's not static, it's fluctuates like other disorders. sometimes can handle people just fine, while still feeling emotionally detached, but can handle giving them what they want (which is someone to talk to, or someone that reassured and comforts them). other days, just don't have the energy, and can come off annoyed, cold and distant. it doesn't mean we don't care about the person, it means the emotional or affectionate side of the friendship or relationship can feel too much and overwhelming. we need space.\n\nfeeling cared for or loved can feel dreadful, like shit, now this person will feel hurt when i retreat. it feels like now there's an obstacle on getting that much needed space.\n\npersonally, do not feel love, but that's not a given to a schizoid. schizoids can feel love, but affection can be a difficult subject.""",0.08342138
b' ',2022-09-13 03:18:07,"""main one is what ideal life looks like. having a rural home in a small town, away from other homes but close enough to all the essentials, no contact with family or friends. everything is completely white with pink tints, self doesn't have a body, just a floating invisible ball of consciousness. the only other person that live with is other person in head, which is the only person that care about, expect in the fantasy they have a seperate 'body.' in the fantasy we never speak to each other, we just peacefully coexist.\n\nsecond one is being a white attic room, no windows or anything, doing nothing but mutilating and escaping from 'my' body. like taking it apart like a ball-jointed doll or eating it. a bit graphic but it calms self down in stressful times.\n\nthe music from the mobile game 'rainy attic room' is always playing when daydreaming and thinking of the ideal life.\n\nfeel like self's fantasies are very 'simple' compared to what other people describe. always hear about fully developed characters and worlds, that's too complicated for self's small brain.""",0.00279778
b' ',2022-09-13 02:25:55,"""when got medical certificate they didn't put schizotypal pd on it, instead they put symptoms of it like severe social anxiety and dissocation. they said it's easier to process that way, to not put a complicated label and instead dum it down to the symptoms that are limiting you from getting a job.""",0.0984879
b' ',2022-09-13 02:21:06,"""yes definitely.\n\n\nsometimes struggle to even comprehend that today will end, it just feels like time doesn't exist. when think of the future, it's like it doesn't matter at all despite how dire it looks. consider it a gift and a curse, because don't worry about the future like lots of other people do, but at the same time it's like am going nowhere.""",0.11226441
b' ',2022-09-12 10:11:50,"""i was diagnosed with ocd as well, but these don't feel like intrusive thoughts. they seem really different from intrusive thoughts with the autonomous aspect, but at the same time schizotypal can distort things so will not completely disregard that theory.""",0.16883755
b' ',2022-09-12 10:09:12,"""someone told me about 'plurality' and tbh don't really see a link cause don't have memory blackouts, and body 'take-overs' are very, very rare. think it's only happened three times in entire life, and it might've just been extreme depersonalisation.\n\nit's comforting to know they can't force you on any medication. have been meaning to get a 'second opinion' cause never really agreed with the diagnosis of schizotypal, but also knew that schizo-spectrum disorders come with a lot of denial.\n\nguess just weary of a 'scary' diagnosis, cause then job interviews and moving will be much harder in the future. current landlord was very adamant about not having any 'schizophrenics' rent their place due to bad experiences in the past and not wanting ambulances on their lawn. my diagnosis of schizotypal was allowed only after negotiation. life is already stressful enough, and only heard horror stories of how people with d.i.d and schizophrenia are treated. not to mention what that entails treatment and recovery wise, i just want to be normal but those are life-long commitments to being stable.""",0.1614806
b' ',2022-09-12 09:57:47,"""scared of taking medicine. scared it'll take the entity away completely when they help me keep a job and function socially. want to find a way to stop just the eating part, and don't think there's medicines for that.""",0.27680656
b'how do you approach your gp about this?',2022-09-12 07:52:55,"""one of main symptoms is having another person in head, that doesn't allow self to eat for long periods of time, and says if don't go out on 2 hour walks when they demand am a disappointment and failure.\n\nbut they also help a lot in daily functioning, especially with schizoid pd symptoms, and having an income (helping self function socially at work, help solve problems quickly by giving solutions that never would of thought of, etc).\n\nit's not an audible voice, more like a seperate stream of consciousness from your own in one brain. it's another person's thoughts and feelings basically. they know things that self didn't know, like the body would start to get intolerance of certain foods after a period of starvation. didn't know this until started experiencing it, then realized it was their intention the entire time, they knew this the entire time.\n\nwas only assessed and diagnosed, they didn't have enough room in their practice for long-term treatment (diagnosed schizoid and schizotypal pd). so am stuck with no support. decided to make an appointment with the gp on the 19th of september, but have no idea how to approach the subject. don't want to be diagnosed as schizophrenic, cause this seems like this happens a lot more in schizophrenia than schizotypal, fear this cause scrolled the schizophrenia subreddit there found posts that described parallel experiences, but never found anything close to it here. and don't want to be admitted inpatient or forced on medication.\n\nhelp on how to word this? really want to get help for this, but am terrified of any drastic consequences.""",0.27060968
b' ',2022-09-10 01:23:19,"""it's very possible to not show symptoms externally, like any other personality disorder and mental illness. it's more about how the person experiences the symptoms, not how others experience the person's symptoms. external can be very, very different from the internal. they should always take that into account when diagnosing something.""",0.10445727
b' ',2022-09-09 21:16:22,"""basically all expect 6, 7 and 10. want to stay out of other people's way, and not create conflict or confrontation cause that's too much inconvenience and emotional stimulus.\n\nthe music thing didn't realise other people experience. am very picky about music for multiple different reasons, but that's one of them. down to the void of emotion. always said only have two emotions = unstable and stable, or uncomfortable and comfortable.""",0.12801403
b' ',2022-09-08 03:09:35,"""they first thought had autism before was diagnosed as schizoid. knew it wasn't autism, cause just didn't relate to anyone that knew that had it. was also called a sociopath countless times due to having schizoid traits.\n\nit's worth mentioning schizoid pd development is tied to childhood emotional neglect and abuse.\n\nto answer your questions:\n\n1. loneiless is a blessing, and often seek it out. don't get much breaks from people nowadays. back in school would go to the library and sit somewhere quiet and distant from other people. had 'friends' (or people you talk to in certain classes, but never outside of those classes), but never even considered asking to hang out with them. being alone is the most desired state. the state where you're the most at peace, stable and calm.\n\n2. don't like having friends. mostly because it takes a lot of energy to even talk to them. but in the past, when did have friends, remember never hugging them, or telling them anything affectionate. they would sometimes, but would not say anything in return. was and still am completely repulsed by affection, it makes self extremely uncomfortable. the closest have ever been to someone was a friend in middle school. that friendship we never talked about anything personal, never was affectionate, never complained to each other about anything, we just played with littlest pet shops and basketball. think it was for those reasons that was the most comfortable with them.\n\n3. 'love' has always been a difficult concept. honestly don't think have ever 'loved' someone, the closest have gotten is feeling appreciation towards someone for doing something or allowing an opportunity. 'care' is difficult too. it's hard to care for someone, as that requires an emotional connection most of the time, which feel am incapable of.\n\n4. am aromantic and asexual, but have been in some romantic relationships against better judgement. it was when was young, and new to those concepts. didn't understand what a romantic relationship was, and didn't want to hurt the feelings of those people asking you out. tried it out, and never again. it was the most uncomfortable have ever been in life ever.""",0.08516513
b' ',2022-09-07 10:17:08,"""have been diagnosed with both ocd and schizotypal, and have these thoughts as well. if the utensils isn't straight, the food will be posioned, is that a bizarre belief or intrusive thoughts from ocd?\n\nbelieve both disordered overlap a lot, and can only really distinguish them is when a compulsion happens along the thought (needing to wash hands excessively, or get all the fuzzy dot stuff off of clothes).""",0.31166816
b' ',2022-09-06 07:48:59,definitely. have seriously considered to just stop talking altogether and live the rest of life that way.,0.15915155
b' ',2022-09-04 10:14:57,"""guess could say yes. chronically feel like this body doesn't belong to self and it's more of a foreign object. sometimes feel like am a floating orb instead. usually don't even realise its happening anymore because it's so constant, basically a permanent state.\n\nwhat goes on in head? a lot of unconnected, jumbled thoughts that go nowhere. daydreaming of an ideal life. or obsessing on one particular thought. it's never connected to 'reality' or what's going on in the present. completely forget about surroundings. can't count how many times almost got hit by a car because forgot was on the sidewalk and started walking out onto the road, or not looking before crossing.""",0.10613061
b' ',2022-09-04 06:15:48,"""have similar.\n\nrealise that start to lose voice when get stressed or overwhelmed. just can't find the right vocabulary, start to stumble on words and don't make sense, then either can't speak at all or can only give short responses. it's a gradual process, but it happens too many times. need to rest to be able to gain voice back. would see self as semi-verbal, or temporarily non-verbal.""",0.11132925
b'what does severe/crippling schizotypal look like?',2022-09-03 06:58:25,"""to the point you can't function. know social anxiety would be a big one, but want to know what other aspects could severely affect someone's life.\n\nam experiencing severe symptoms and want to know if it's part of being schizotypal or if it's something else.""",0.1734863
b'schizoid = easily desensitized?',2022-09-02 22:39:30,"""there's multiple times where people say you should be shocked, distressed or even traumatized by something when you aren't.\n\nexamples are being at a respite and one client started screaming and punching holes in the walls. they constantly checked up on the rest of the client's mental health after the police took him away. but felt nothing the entire time, during the event and after. it more felt like an inconvenience.\n\nsame with the news that our dog might die very soon. everyone in the house is visibly upset, but don't feel much at all. guess cause don't feel emotionally attached to the dog.\n\nand gore videos, get curious when people say a specific gore video made them sick to their stomach, and go out to find it. but it always ends up feeling underwhelming.\n\neven when am initially distressed by something it very quickly fades away. the emotional connection to the event just stops, you can still remember it, but no longer feel any emotion tied to it.\n\nfeel like can no longer be 'shocked.'""",0.06163829
b' ',2022-09-02 09:39:42,"have huge denial about this diagnosis, mostly because think it was a misdiagnosis. don\xe2\x80\x99t see self as weird or think of beliefs as bizarre, so reading the symptoms of \xe2\x80\x98bizarre beliefs, odd behaviour,\xe2\x80\x99 it feels more like an insult? just don\xe2\x80\x99t see it that way.",0.12369946
b' ',2022-09-02 02:34:42,"""haven't tried getting help for this specific problem, but have been in and out of mental health system for most of life. but now it's too overrun, it's hard to get your foot in the door to get any treatment (due to severe understaff and underfunding).\n\nin the past when was in the system, got too scared to tell them this, cause don't know what the consequences will be. have stated that there's other entities in head, but nothing about the eating problem.\n\nlive in new zealand and have insurance.""",0.20947987
b'is going to hospital the best decision?',2022-09-01 08:41:48,"major tw - disordered eating, demanding \xe2\x80\x98person\xe2\x80\x99 in head.\n\nbackground context: am having continuous, daily interactions with an entity in head that\xe2\x80\x99s been there for as long as can remember. but early on they were seen as an \xe2\x80\x98imaginary friend,\xe2\x80\x99 as they were mostly external (only able to feel their presence and \xe2\x80\x98hear\xe2\x80\x99 them on the outside). but as got older they became more internal (able to feel their presence and \xe2\x80\x98hear\xe2\x80\x99 them mostly inside head with rare exceptions of external). guess they started to feel trapped inside the body which started all this.\n\nthey don\xe2\x80\x99t allow the body to eat often, it\xe2\x80\x99s gotten to the point where it\xe2\x80\x99s not uncommon to go 3 days without eating, the other 3 days they sometimes allow a protein drink so the body can get some nutrients, or a sugary snack, but it has to be only chewed and not swallowed. only one day of the week do they allow the body to eat solid food, and on this day usually binge cause am so hungry. this week has probably been the worst so far, have only gotten 100 calories in the last 5 days (from one protein drink).\n\nthe reason for their eating behaviour is for a number of reasons:\n- they aren\xe2\x80\x99t human, and seem to despise humanity. they don\xe2\x80\x99t like feeling \xe2\x80\x98weighted down\xe2\x80\x99 by the human body, therefore wants it to be as light as possible. \n- they also see food cravings as \xe2\x80\x98too human,\xe2\x80\x99 and want to stop the body from feeling cravings for food altogether. which they partially succeeded at; cause now when it\xe2\x80\x99s possible to eat, some foods now make the body sick despite not having much, even when that food was once loved. so now don\xe2\x80\x99t feel any cravings for those foods anymore. \n- apparently i am the same species as them too, and this body isn\xe2\x80\x99t mine but instead one i\xe2\x80\x99m stuck in as well. actually have a vivid memory backing this up. so part of this is to \xe2\x80\x98remove the human conditioning\xe2\x80\x99 from me.\n\nbut don\xe2\x80\x99t want this entity gone, cause the eating is the only \xe2\x80\x98flaw\xe2\x80\x99 they have. in every other way they\xe2\x80\x99re helpful, supportive and honestly the only \xe2\x80\x98person\xe2\x80\x99 that care for. they guide through job interviews, help you through social interactions, difficult decisions and manage overwhelming situations. without them would be completely lost and not able to function especially with severe schizoid personality disorder (diagnosed). wouldn\xe2\x80\x99t be able to hold down a job.\n\nbut am so tired of starving, and going on 2 hour walks every-time they demand it. it\xe2\x80\x99s like you\xe2\x80\x99re only driving the body, but don\xe2\x80\x99t have authority over any choices that go into it.\n\nwhat will happen if i admit us into hospital for this? will they try to get rid of this entity, force medications or worse? am not in contact with the people that diagnosed the personality disorders, or in contact with any professional mental health team. no one in our real life knows this is happening either. if hospital isn\xe2\x80\x99t in an option/a bad option, what can be done? want to do something, but am terrified they\xe2\x80\x99ll resort to getting rid of them altogether.",0.1588645
b' ',2022-09-01 03:32:47,"maladaptive daydreaming was a big one as a kid, as well as a string of imbalanced friendships.\n\nwas constantly getting told off for not listening/daydreaming. was taken for a wisc test and \xe2\x80\x98digi span\xe2\x80\x99 (basically measurement of how good you could concentrate) was way below average. first they thought adhd, but didn\xe2\x80\x99t fit much of the other symptoms, so just went on with life without any diagnosis or professional help.\n\nwith friends, always seemed to give too much or too less. didn\xe2\x80\x99t seem to understand the \xe2\x80\x98correct\xe2\x80\x99 amount of yourself to give people. this often resulted in friendships being one-sided, unreliable, and at worst toxic in both ways. never had a proper \xe2\x80\x98friend.\xe2\x80\x99\n\nguess these were two signs of later being diagnosed schizoid at 18. rich fantasy life and friendships shaping you to learn never to rely on anyone, or never to trust anyone even with little information such as what music you like.\n\nedit: have to add genetics most likely had a role, as schizophrenia runs in the family.",0.12872641
b' ',2022-08-31 09:46:38,"second this. despite being lgbt and an immigrant, just can\xe2\x80\x99t care about politics. it feels like should, but just don\xe2\x80\x99t.",0.012847397
b' ',2022-08-30 23:54:06,"for as long as can remember, though only other people called them \xe2\x80\x98imaginary friends.\xe2\x80\x99 as got older they went from being mostly external (able to \xe2\x80\x98hear\xe2\x80\x99 them outwardly, feeling their presence in the outside world), to mostly internal (able to \xe2\x80\x98hear\xe2\x80\x99 them only internally, feeling their presence in head instead of the outside). clinical psychologist diagnosed schizotypal (along with schizoid) mostly because of this. they see it as a sign of self-disorder/ipseity disturbance. but see them as other sentient beings, which made the schizotypal diagnosis hard to accept.",0.029891985
b' ',2022-08-26 09:42:47,"""think thoughts are completely logical and clear, but when say them out loud people often say it's illogical and confusing. that they don't know how that could be the solution to the problem, but to self it seems fine.\n\noften can't trust own thoughts and perceptions anymore. because it always makes sense to you, but then you have someone lecture you about all the faults in it. it's like there's a complete disconnect about how you view things and how everyone else does.\n\ncause of that learnt that opinion doesn't really matter, cause it's always 'wrong,' so stopped contributing to conversations even if it's centered about something you personally deal with, and think you know well.""",0.16695526
b'eli5: ipseity disturbance',2022-08-26 09:34:40,"""newly diagnosed with schizotypal, and earlier posted about a few symptoms that didn't understand how it was connected to being schizotypal.\n\nsomeone posted that it's most likely the symptom of ipseity disturbance or self-disorder that's common in schizo-spectrum disorders. but when looked it up, all the complex words just flew over head. can someone explain it like they're talking to a five year old?""",0.15389532
"b'just diagnosed, need help understanding'",2022-08-20 07:25:08,"""have just been diagnosed with both schizotypal and schizoid personality disorder. the latter do completely understand, but there's some stuff about schizotypal that don't really get.\n\n1: some sources state that schizotypal is a schizo-spectrum disorder that can be considered 'a mild form of schizophrenia,' while other sources state it's not related to schizophrenia at all. which is it?\n\n2: part of the reason was diagnosed is because feel there's other people in my head. communicating by being able to 'hear' their thoughts. they would often not allow me to eat, but also can be really helpful and soothing in tough situations. can this really be fully explained by being schizotypal? or should i seek another explanation for this symptom?\n\nthank you to anyone that spends their time answering these questions. am being stubborn coming here instead of talking to the psychologist, feel other people diagnosed would be able to answer the second question better than someone who isn't schizotypal.""",0.11364415
