Title,Date,Text,Similarity
b' ',2022-10-18 15:32:12,Yeah,0.04731656
b' ',2022-10-18 15:32:05,Ok thanks \xf0\x9f\x99\x8c,-0.0044404007
b' ',2022-10-18 15:30:14,It\xe2\x80\x99s not the it\xe2\x80\x99s still dark,-0.032809302
b' ',2022-10-18 15:23:03,Give me one of your worsts then,0.07801606
b' ',2022-10-18 15:18:47,\xf0\x9f\x98\xad,-0.043395273
b' ',2022-10-18 15:18:08,Your ass too vanilla anyways,0.15767738
b' ',2022-10-18 15:17:48,I\xe2\x80\x99m really really bored,0.046847217
b' ',2022-10-18 15:17:27,Cause I\xe2\x80\x99m God,0.042698912
b' ',2022-10-18 15:16:13,Sure,0.023991745
b' ',2022-10-18 15:15:46,It\xe2\x80\x99s been up \xf0\x9f\x98\xad,0.04180884
b' ',2022-10-18 15:14:46,I\xe2\x80\x99m 19 do it,0.044771343
b' ',2022-10-18 15:13:57,Very,0.03849341
b' ',2022-10-18 15:04:24,"In due time brother, in due time \xf0\x9f\x98\x8c",0.03239713
b' ',2022-10-18 15:01:29,U really do,0.0738408
b' ',2022-10-18 14:58:20,Making a post about u,0.045391083
b' ',2022-10-18 14:58:00,It was a joke jeez,0.1267811
b' ',2022-10-18 14:55:34,Ouch \xf0\x9f\x98\xad,-0.018966144
b'Is it really so bad to ask for a little of that Ching Ching (imagine the cash register sound when u read \xe2\x80\x98Ching Ching\xe2\x80\x99) \xf0\x9f\xa5\xba\xf0\x9f\xa5\xba',2022-10-18 14:54:38,Like spare a whore a dollar will ya \xf0\x9f\x98\x95,-0.004662156
b'When is it supposed to be morning in cali today like can someone check that please',2022-10-18 15:29:30,Thanks \xf0\x9f\xa5\xb0,0.08506904
b'That\xe2\x80\x99s it Dm me you\xe2\x80\x99re most deepest deranged kinks/fantasies and and tell her how fucked up it is on my What The Fuck O Meter \xf0\x9f\x98\xa8',2022-10-18 15:13:03,My What-The-Fuck-O-Meter\n\xe2\x80\x94\xe2\x80\x94\xe2\x80\x94\xe2\x80\x94\xe2\x80\x94\xe2\x80\x94\xe2\x80\x94\xe2\x80\x94\xe2\x80\x94\xe2\x80\x94\xe2\x80\x94\xe2\x80\x94\xe2\x80\x94\xe2\x80\x94\xe2\x80\x94\xe2\x80\x94\n\n-Jeffery Dahmer wasn\xe2\x80\x99t as bad as u\n\n-Honestly you deserve to be locked up\n\n-EW \n\n-Bitch clear your cache and history jesus\n\n-Not VPN worthy but ew\n\n-That\xe2\x80\x99s like what old people find obscene\n\n-My dog likes worse shit\n\n-Bitch that\xe2\x80\x99s nothing,0.010746548
b'I\xe2\x80\x99m literally God but hotter',2022-10-18 15:03:03,Expecting so much hate for revealing my true self,0.080432475
b'I just got offended that someone said I wasn\xe2\x80\x99t a sociopath and that I just had BPD like \xf0\x9f\x98\xad\xf0\x9f\x98\xad\xf0\x9f\x98\xad\xf0\x9f\x98\xad',2022-10-18 14:56:59,It was like a milisecond reaction too like help,0.16607955
b' ',2022-10-18 14:51:58,Well good luck cause you\xe2\x80\x99re too young for me,0.1258172
b' ',2022-10-18 14:49:00,Call me Lisa Rowe \xf0\x9f\x92\x83\xf0\x9f\x8f\xbc,-0.0016537607
b' ',2022-10-18 14:45:36,Think if something that makes u sad or maybe watch a sad movie or yt video,0.18062384
b' ',2022-10-18 14:44:23,Do it,0.16238903
b'Boys be more thirstier than my dad after seeing his little girl grow up to be a hot ass bitch fr',2022-10-18 14:43:28,\xf0\x9f\xab\xa2,-0.01146291
b' ',2022-10-18 14:42:06,Ikr \xf0\x9f\x98\xaa,-0.021609586
b' ',2022-10-18 14:38:20,What makes u so sure \xf0\x9f\x99\x84,0.11382076
b' ',2022-10-18 14:36:34,My mom when I burned the house down cause my sugar daddy found a new whore,0.06316276
b'Turning myself into a Bass Pro hat so he needs me \xf0\x9f\x98\x8d\xf0\x9f\x98\x8d\xf0\x9f\x98\x8d\xf0\x9f\x99\x8c',2022-10-18 14:33:17,,-0.057228804
b' ',2022-10-18 14:31:54,Ffs that\xe2\x80\x99s just horrible I\xe2\x80\x99m so sorry,0.014331209
b' ',2022-10-18 14:28:43,Too late now u gotta listen to him preach,0.16687095
b' ',2022-10-18 14:27:46,So she loves u more than me huh \xf0\x9f\x98\xaa,0.0900511
b' ',2022-10-18 14:27:00,Crusifying u with Kanye,0.007652006
"b'Okay, leave in the comments below usernames that should exist but don\xe2\x80\x99t \xf0\x9f\x92\x83\xf0\x9f\x8f\xbc'",2022-10-18 14:22:47,I wanna see what I could of used instead,0.054806687
b' ',2022-10-18 14:02:03,Seems like u r,0.12083971
b' ',2022-10-18 14:01:07,No I\xe2\x80\x99m just saying I act it,0.0006605368
b' ',2022-10-18 13:58:36,Eh think like that u have a right to,0.09511628
b' ',2022-10-18 13:57:35,I\xe2\x80\x99m ready to duke it out fr,0.012087343
b' ',2022-10-18 13:56:54,"Two sexes yes, but no gender is just what u personality feel like",0.09777558
b' ',2022-10-18 13:56:15,But he never felt the pain of not knowing what fit to wear \xf0\x9f\x98\xaa,0.026620716
b' ',2022-10-18 13:55:39,Nope,-0.012757614
b' ',2022-10-18 13:55:12,Fr like he doesn\xe2\x80\x99t get how hard it is \xf0\x9f\x98\x94\xf0\x9f\x98\x94,-0.0007976396
b'Jesus never suffered as much as I have \xf0\x9f\x98\x95',2022-10-18 13:53:01,,-0.057228804
b' ',2022-10-18 13:52:27,\xf0\x9f\x98\xad\xf0\x9f\x98\xad\xf0\x9f\x98\xad\xf0\x9f\x98\xad\xf0\x9f\x98\xad,-0.002035167
b' ',2022-10-18 13:50:11,I absolutely love it \xf0\x9f\x98\x8f\xf0\x9f\x98\x8f,0.06051868
b' ',2022-10-18 13:48:41,Could be both \xf0\x9f\xa4\xb7\xf0\x9f\x8f\xbc\xe2\x80\x8d\xe2\x99\x80\xef\xb8\x8f,0.029179968
b' ',2022-10-18 13:45:50,Shhhhh don\xe2\x80\x99t say this here ppl might find out,0.013421744
b' ',2022-10-18 13:43:52,Nah only if they don\xe2\x80\x99t consent,-0.017614052
b' ',2022-10-18 13:43:16,My reddits so bugged \xf0\x9f\x98\xad,0.13736612
b' ',2022-10-18 13:42:41,Don\xe2\x80\x99t make me fall for u now \xf0\x9f\x98\x8f,0.032028556
b'I act too bipolar on this app like chop me up and serve me at your local deli fr',2022-10-18 13:40:26,,-0.057228804
b' ',2022-10-18 13:23:17,Damnit \xf0\x9f\x98\x94,0.054286037
b' ',2022-10-18 13:21:28,Hi \xf0\x9f\xa4\xad,0.050065137
b'Why would he look after me like a Tamagotchi \xf0\x9f\xa5\xba',2022-10-18 13:19:04,,-0.057228804
b' ',2022-10-18 13:08:29,Let him chose for himself,-0.036857508
b' ',2022-10-18 13:05:21,\xf0\x9f\xa4\xad\xf0\x9f\xa4\xad,0.014135453
b'Babe just break my ribs off and cook them it\xe2\x80\x99s okay \xf0\x9f\xa5\xb0\xf0\x9f\xa5\xb0\xf0\x9f\xa5\xb0',2022-10-18 13:03:45,trying to find the new Dahmer w these posts fr,-0.008925935
b' ',2022-10-18 12:58:16,\xf0\x9f\xa4\xad,-0.0149488505
b' ',2022-10-18 12:51:26,\xf0\x9f\xa4\xad,-0.0149488505
b' ',2022-10-18 12:49:20,That\xe2\x80\x99s just the excess skin \xf0\x9f\xa5\xba,-0.025993079
b' ',2022-10-18 12:47:57,No only me \xf0\x9f\x98\x8d,-0.02946435
b' ',2022-10-18 12:45:36,The girl from The Excision \xf0\x9f\x98\x8d\xf0\x9f\x98\x8d\xf0\x9f\x98\x8d,0.035358097
b' ',2022-10-18 12:43:50,Going for the record fr,0.014317172
b'Is it bad that I\xe2\x80\x99m attracted to a fictional mentally ill person who killed her own sister on purpose \xf0\x9f\xa5\xba',2022-10-18 12:42:28,I just can\xe2\x80\x99t help it \xf0\x9f\x98\x8d,-0.0022861343
b' ',2022-10-18 12:39:53,DONT SAY FLIP TO ME YOU GOSH DANG NABBER,0.10930451
b'Devour me like a vulture does after finding some rotten scraps \xf0\x9f\xa5\xba\xf0\x9f\xa5\xba\xf0\x9f\xa5\xba\xf0\x9f\xa5\xba\xf0\x9f\x99\x8c',2022-10-18 12:36:58,,-0.057228804
b' ',2022-10-18 12:32:12,Hot,-0.04255078
b' ',2022-10-18 12:31:01,Yes please \xf0\x9f\x98\x8d,0.05993526
b' ',2022-10-18 12:29:41,Never,0.019938722
b' ',2022-10-18 12:10:41,Nah I got it from your mother \n\nShe\xe2\x80\x99s a very nice lady \xf0\x9f\x98\x8b,0.035957612
b' ',2022-10-18 12:07:32,You\xe2\x80\x99d be surprised,0.14018199
b' ',2022-10-18 12:06:23,I have my ways \xf0\x9f\x98\x8c,-0.026555099
b'I\xe2\x80\x99m too mentally unstable like don\xe2\x80\x99t fall in love with me',2022-10-18 12:05:58,Just give me your $ already I need it like I don\xe2\x80\x99t care about you I hate everything I\xe2\x80\x99m just bipolar,0.07977316
b' ',2022-10-18 11:57:44,Nahhh I got that vip pass boy \xf0\x9f\x98\x8c,0.019085184
b' ',2022-10-18 11:54:52,Huh???,0.111582845
b' ',2022-10-18 11:47:49,I just asked I\xe2\x80\x99m not forcing anyone,0.023352
b' ',2022-10-18 11:46:39,Do it,0.16238903
b' ',2022-10-18 11:45:01,I\xe2\x80\x99ll allow it \xf0\x9f\x98\x81,0.014179477
b' ',2022-10-18 11:44:44,Spare a cent \xf0\x9f\xa5\xba,-0.015653064
b' ',2022-10-18 11:43:35,Cant,-0.0047669783
b' ',2022-10-18 11:43:21,Suffocate me in cash please \xf0\x9f\x98\x8d,0.04637248
b' ',2022-10-18 11:41:59,I do \xf0\x9f\x98\xad,0.009698432
b'Why cant ppl just give me $ like you should be paying to just be breathing the same air as me \xf0\x9f\x99\x84\xf0\x9f\x99\x84',2022-10-18 11:40:14,cashapp in bio if you\xe2\x80\x99re nice \xf0\x9f\x98\x8b,0.062301952
b' ',2022-10-18 11:33:25,Girl you\xe2\x80\x99re gonna actually get some \xf0\x9f\x98\xad,0.00814496
b' ',2022-10-18 11:31:42,Yeah exactly if u buy closthes ur age then you\xe2\x80\x99d def look older,0.047869485
b' ',2022-10-18 11:23:54,Don\xe2\x80\x99t worry u won\xe2\x80\x99t look that way forever \xf0\x9f\x99\x8c\n\nJust dress older maybe that\xe2\x80\x99ll work,0.033142928
b'When you get to suck the venom out of him \xf0\x9f\x98\x8d\xf0\x9f\x98\x8d\xf0\x9f\x98\x8d\xf0\x9f\x98\x8d\xf0\x9f\x98\x8d',2022-10-18 11:21:18,Doesn\xe2\x80\x99t work if he\xe2\x80\x99s already venomous dude will just be looking like SpongeBob when he needed water,0.028745571
b' ',2022-10-18 11:20:29,I would be shocked if you\xe2\x80\x99re over the age of 10,0.14474043
b' ',2022-10-18 11:19:58,I\xe2\x80\x99d be dancing like it\xe2\x80\x99s disco fever \xf0\x9f\x98\x8f,0.04866314
b' ',2022-10-18 11:10:38,Who even are u like what\xe2\x80\x99s your old account,0.061173245
b' ',2022-10-18 11:08:22,That\xe2\x80\x99s not even mine \xf0\x9f\x98\xb9,-0.073670596
b' ',2022-10-18 11:07:05,Um what?\n\nI don\xe2\x80\x99t even know u dude,0.010992238
b' ',2022-10-18 11:05:57,YES PLEASE LIKE I DONT WANNA SEE A FUCKING JUNGLE LIKE I CANT EVEN SEE HALF OF UR GUYS\xe2\x80\x99S DICK WHEN U DO,0.09869599
b'To the next dude who sends me nudes',2022-10-18 11:04:17,Decorate that shit add glitter \xe2\x9c\xa8 like atleast make it look like you put some effort in it jesus,0.09160642
b' ',2022-10-18 10:53:29,you\xe2\x80\x99d be hotter feeling me all over,0.027926225
b' ',2022-10-18 10:51:29,No you\xe2\x80\x99d be hotter topping me \xf0\x9f\xa4\xad\xf0\x9f\xa4\xad,0.06639451
b' ',2022-10-18 10:49:38,Stawpppppp we\xe2\x80\x99re both equally hot as fuck okay?,0.005094316
b' ',2022-10-18 10:48:27,We\xe2\x80\x99re both stunning bestie \xf0\x9f\x98\x8c,-0.050850004
b' ',2022-10-18 10:46:49,Yes u r shut uppppppppp,0.05542473
b'Manifesting that all of ya sexy cunts reach to ya fullest potential \xf0\x9f\x98\x8c\xf0\x9f\x99\x8c\xf0\x9f\x99\x8c\xf0\x9f\x99\x8c\xf0\x9f\x99\x8c',2022-10-18 10:39:08,You all deserve it fr like it\xe2\x80\x99s so hard being hot sometimes \xf0\x9f\x98\xaa\xf0\x9f\x98\xaa\xf0\x9f\x98\xaa,0.03681819
b' ',2022-10-18 10:32:46,I believe it,0.079852514
b' ',2022-10-18 10:32:23,90s-2000s tho \xf0\x9f\x98\x8d,-0.02449615
b' ',2022-10-18 10:31:19,Then do it,0.034994286
b' ',2022-10-18 10:30:49,\xf0\x9f\x98\xa2,-0.048661523
b' ',2022-10-18 10:28:43,Wow,0.09249819
b'Crack me open like an egg and let me spill all over ya hot ass \xf0\x9f\x98\x8d\xf0\x9f\x98\x8d\xf0\x9f\x98\x8d\xf0\x9f\x98\x8d',2022-10-18 10:23:06,don\xe2\x80\x99t kink shame my egg cracking kink \xf0\x9f\x98\xa4,0.06054815
b' ',2022-10-18 10:21:20,I hope the 9 isn\xe2\x80\x99t her age \xe2\x98\xa0\xef\xb8\x8f,0.07687403
b' ',2022-10-18 10:19:35,You would love the girl from The Excision \xf0\x9f\x98\x8d\n\nwatch it so we can be obsessed w her together,0.07509725
b' ',2022-10-18 10:16:21,"Ok so Ik I listed these before but Pumpkinhead, Triangle\n\nAlso Wolf Creek 1-2, \n\nThe Shining miniseries, \n\nExcision (I\xe2\x80\x99m so messed up like I find the main girl hot \xf0\x9f\x98\xad\xf0\x9f\x98\xad\xf0\x9f\x98\xad), \n\nThe Hitcher, \n\nPredator, \n\nAlien 1-3,\n\n Pulse, \n\nEscape Room 1-2, \n\nBody Bags, \n\nManhunter, \n\nCritters (watch the sequels only if u like the first enough, the 3rds got young Leo), \n\nChildren of the Corn 1,3, \n\nTexas Chainsaw 3D is cheesy fun, \n\nTexas Chainsaw Massacre: Next Generation is sooo fuckinf bad but it\xe2\x80\x99s like so bad it\xe2\x80\x99s amazing (got McConaughey), \n\nDementia 13 is really short and interesting early horror slasher (directed by Francis Ford Corpella too), \n\nAnaconda 1-2, \n\nThe Lawnmower Man, \n\nThe Hills Have Eyes (original and the remake  sequel), \n\nFlatliners, \n\nThe Green Inferno, \n\nEvil Dead (all), \n\nWrong Turn (the sequels are shit but the original is decent enough), \n\nLife, \n\nOverlord, \n\nThe Lost Boys\n\nI\xe2\x80\x99ll stop",0.011600411
b' ',2022-10-18 08:52:15,If u want but the 30s version I like a million times more \xf0\x9f\x98\xad\n\nAlr hold on Lettme think,0.053255603
b' ',2022-10-18 08:44:58,U don\xe2\x80\x99t fit,0.032220863
b'Holy shit I can post now \xf0\x9f\x98\xb1\xf0\x9f\x98\xb1\xf0\x9f\x98\xb1',2022-10-18 08:40:42,I\xe2\x80\x99m sorry in advance,-0.028406179
b' ',2022-10-18 08:31:27,Heads too round sorry,0.10463327
b' ',2022-10-18 08:30:20,"Iv seen how u are, no way that was u",0.13079049
b' ',2022-10-18 08:26:36,Is the screaming and shouting thing really an ADHD thing cause I don\xe2\x80\x99t got that,0.14080982
b' ',2022-10-18 08:23:57,I sense drama \xf0\x9f\x99\x84\n\nlike I\xe2\x80\x99m a whore for drama,0.0058916975
b' ',2022-10-18 08:22:53,\xe2\x80\x9cKinda as if she\xe2\x80\x99s wanting the attention\xe2\x80\x9d \n\n\xe2\x98\xa0\xef\xb8\x8f\xe2\x98\xa0\xef\xb8\x8f\xe2\x98\xa0\xef\xb8\x8f\xe2\x98\xa0\xef\xb8\x8f\xe2\x98\xa0\xef\xb8\x8f\xe2\x98\xa0\xef\xb8\x8f\xe2\x98\xa0\xef\xb8\x8f\xe2\x98\xa0\xef\xb8\x8f,0.006646065
b' ',2022-10-18 08:14:24,"Im glad u liked Return of the Living Dead and Tucker  Dale \xf0\x9f\x99\x8c \n\nLiving dead has like 4 sequels that I haven\xe2\x80\x99t seen yet but the first one is like flawless in my eyes\n\nAlso yeah I can understand how some ppl don\xe2\x80\x99t like Cloverfield, if you don\xe2\x80\x99t care about the found footage gimic then it is pretty average\n\nAlso you\xe2\x80\x99re going thru all my suggestions so fast do I have to make another long list \xf0\x9f\x98\xad\n\nI just watched the 2020 Invisible Man anddddd it was technically a good movie (or it had good things like the acting), but ig I thought it was just a little empty like there isn\xe2\x80\x99t enough substance iykwim it\xe2\x80\x99s just suspense and some generic kills",-0.0005571488
b' ',2022-10-18 04:56:27,"Yessssssssssss Brad Pitt is just stunning in that one \xf0\x9f\x98\x8d\xf0\x9f\x98\x8d\xf0\x9f\x98\x8d\n\nHow did u like Tucker  Dale and Cloverfield? \n\nAlso Cujos a pretty decent film, watch Salems Lot and Cats Eye if u want some more good Stephen King",0.07842416
b' ',2022-10-17 23:25:13,Damn I wish I knew that before recommending it \xf0\x9f\x98\xad\xf0\x9f\x98\xad\xf0\x9f\x98\xad\n\nWhatcha gonna watch next? \n\nIdk if this is specifically horror it\xe2\x80\x99s more like a horrific drama but u gotta watch my fav hidden gem of all time Sonny Boy (1989) at some point. It\xe2\x80\x99s batshit insane and it\xe2\x80\x99s got the guy who voices chucky in it \xf0\x9f\x99\x8c,0.033725016
b' ',2022-10-17 23:22:43,Leave \xf0\x9f\x91\x8f them \xf0\x9f\x91\x8f now \xf0\x9f\x91\x8f,-0.064213105
b' ',2022-10-17 08:44:18,This post seems misogynistic,0.11328399
b' ',2022-10-17 06:41:51,Can u ductape me to the ceiling right above your bed \xf0\x9f\x98\x8d,0.10024141
b' ',2022-10-17 06:40:49,What? How can it be anything else,0.058979403
b' ',2022-10-17 06:39:23,Hey btw where am I gonna sleep,0.13770816
b' ',2022-10-17 06:36:43,\xf0\x9f\x98\xb9\xf0\x9f\x98\xb9\xf0\x9f\x98\xb9\xf0\x9f\x98\xb9\xf0\x9f\x98\xb9\xf0\x9f\x98\xb9\n\nYeah I saw him and I got scared I\xe2\x80\x99m hiding rn,0.0013434747
b' ',2022-10-17 06:34:49,Damn alright \xf0\x9f\xa4\xad\xf0\x9f\xa4\xad\xf0\x9f\xa4\xad,0.056743313
b' ',2022-10-17 06:34:13,Looks kinda cheap ngl,0.022550635
b' ',2022-10-17 06:32:49,I\xe2\x80\x99m hungry and I want some food \xf0\x9f\xa5\xba,0.26164743
b' ',2022-10-17 06:31:05,Cat from Victorious vibes,0.093352765
b' ',2022-10-17 06:30:38,You\xe2\x80\x99re really besties w somebody if u can talk about sex casually,-0.011423607
b' ',2022-10-17 06:29:37,There\xe2\x80\x99s a crack yes I can,0.0040257466
b' ',2022-10-17 06:28:54,u/ipppoko Dm me \xf0\x9f\xa5\xb0\xf0\x9f\xa5\xb0\xf0\x9f\xa4\xad,0.062070504
b' ',2022-10-17 06:26:55,Thanks \xf0\x9f\x99\x8c,0.030499917
b' ',2022-10-17 06:26:36,Who says I\xe2\x80\x99m not lookin at u thru the window as we speak,-0.016142473
b' ',2022-10-17 06:23:48,The pic is too casual for insta I think,0.09072307
b' ',2022-10-17 06:22:02,I sadly do,0.045147844
b' ',2022-10-17 06:21:14,"You\xe2\x80\x99re right, u don\xe2\x80\x99t \xf0\x9f\x98\x81",0.07697044
b' ',2022-10-17 06:19:51,Omg omg omg that\xe2\x80\x99s so gross \n\nWhat\xe2\x80\x99s his name tho like I could be making money off this dude \xf0\x9f\x99\x84,-0.0016293023
b' ',2022-10-17 06:17:42,Yes jerry my thumbs can bend,0.20622025
b' ',2022-10-17 06:12:26,Dudes confused on being confused \xf0\x9f\x98\xad,0.0037298198
b' ',2022-10-17 06:11:48,Avatar,-0.10160424
b' ',2022-10-17 06:07:11,That wasn\xe2\x80\x99t what u showed me in the dms,-0.0155175375
b' ',2022-10-17 06:06:10,Nice username \xf0\x9f\xa4\xad\xf0\x9f\xa4\xad,0.012551814
b' ',2022-10-17 06:03:55,Sorry but I don\xe2\x80\x99t accept her,0.039505374
b' ',2022-10-17 06:01:59,Why is your mother in there and why is she board \xf0\x9f\x98\x95,0.13853414
b' ',2022-10-17 06:00:55,"Nahhh I\xe2\x80\x99m sorry but if she left u on read after the first time trying to contact her, it\xe2\x80\x99s too late",0.006758757
b' ',2022-10-17 05:59:19,I would chop off my hand if it started looking like that,0.13561688
b' ',2022-10-17 05:57:33,My Bio \xf0\x9f\x99\x84\xf0\x9f\x99\x84\xf0\x9f\x99\x84,0.07473501
b' ',2022-10-17 05:55:03,U deserve someone who isn\xe2\x80\x99t on Reddit,-0.0013382379
b' ',2022-10-17 05:53:52,no one\xe2\x80\x99s gonna respond to u,-0.090792306
b' ',2022-10-17 05:52:47,But I don\xe2\x80\x99t matter \xf0\x9f\x98\x94,0.020498905
b' ',2022-10-17 05:50:03,No\n\n(Also what book is this it sounds interesting \xf0\x9f\x99\x84),0.062456276
b' ',2022-10-17 05:48:45,Omg what movie is this tell me \xf0\x9f\x98\xad,0.08188911
b' ',2022-10-17 05:48:30,AMTA for letting my favorite grandchildren go to my extraordinary park where I spared no expense before it opened and was properly ready for the public?,0.08112186
b' ',2022-10-17 05:44:13,Nahhhh that\xe2\x80\x99s not right let them know don\xe2\x80\x99t stand for that they aren\xe2\x80\x99t good friends\n\nU need better ones who treat u w respect,0.01778924
b' ',2022-10-17 05:41:11,Don\xe2\x80\x99t let them gaslight u this\n\nWhat are the jokes?,0.08701701
b' ',2022-10-17 05:34:56,Alright well if someone hasn\xe2\x80\x99t helped u already then yeah I\xe2\x80\x99ll do it,0.016820077
b' ',2022-10-17 05:34:30,\xf0\x9f\x98\xad if they are gaslighting u that\xe2\x80\x99s just fucked u shouldn\xe2\x80\x99t be friends w them\n\nask them one more time and if they still say it\xe2\x80\x99s nothing and it keeps happening then just ghost them \n\nIf it\xe2\x80\x99s true they wouldn\xe2\x80\x99t even go after u,-0.09777906
b' ',2022-10-17 05:32:17,How\xe2\x80\x99s airport security for u,-0.0035481937
b' ',2022-10-17 05:31:35,I knew I was dreaming,0.109870285
b' ',2022-10-17 05:30:51,On what?\n\nAlso what\xe2\x80\x99s that I\xe2\x80\x99m not sure if I can help I\xe2\x80\x99m just good w essays,0.019852057
b' ',2022-10-17 05:30:26,But she left u she should of given u some \xf0\x9f\x98\xad\xf0\x9f\x98\xad\xf0\x9f\x98\xad,0.0730367
b' ',2022-10-17 05:29:44,Is it an essay?,0.09535405
b' ',2022-10-17 05:29:06,Your mom should of left u money for food,0.3357222
b' ',2022-10-17 05:28:14,Yeah I\xe2\x80\x99m saying talk to them and just tell them what u think is happening,-0.025038237
b' ',2022-10-17 05:26:47,Not a fast food place,0.2658052
b' ',2022-10-17 05:26:31,But how will I make my money \xf0\x9f\x99\x81,0.13286076
b' ',2022-10-17 05:25:48,Call them out first\n\nLike what do u gotta loose if they already dislike u right,0.082990065
b' ',2022-10-17 05:25:16,Just order quality meals w doordash don\xe2\x80\x99t eat junk,0.28508884
b' ',2022-10-17 05:23:59,Ummm why are u home alone?,0.14604667
b' ',2022-10-17 05:20:42,WAIT WHAT,0.054846466
b' ',2022-10-17 05:08:25,Def not girl you look great \xf0\x9f\x99\x8c\xf0\x9f\x99\x8c,0.13568667
b' ',2022-10-17 05:06:59,I\xe2\x80\x99m not even subscribed and I wanna do that,0.027898198
b' ',2022-10-17 04:48:01,Omg I thought I knew u for a second \xf0\x9f\x98\xad,0.050824393
b' ',2022-10-17 04:47:00,It\xe2\x80\x99s true I was there \xf0\x9f\x98\x94,-0.026345618
b' ',2022-10-17 04:46:27,Give me a dollar and ill let u call me whatever u want \xf0\x9f\x98\x8d,-0.032364327
b' ',2022-10-17 04:44:31,It looks like the 70s liveaction Spider-Man,0.07452671
b' ',2022-10-17 04:43:23,Read my bio,0.015404646
b' ',2022-10-17 04:38:38,Pay me and I\xe2\x80\x99ll tutor u\n\nI would be good persay but I\xe2\x80\x99ll try my best \xf0\x9f\x99\x8c,-0.02473197
b' ',2022-10-17 04:27:57,7 yr olds don\xe2\x80\x99t even know how to type u can\xe2\x80\x99t fool me,0.04614836
b' ',2022-10-17 04:25:08,I meannnn just dm me and tell me what u want \xf0\x9f\xa4\xad\xf0\x9f\xa4\xad,-0.00046142936
b' ',2022-10-17 04:20:05,Let me know if u know anyone \xf0\x9f\x98\x98,0.035484828
b' ',2022-10-17 04:19:18,Ok then I\xe2\x80\x99ll just stick to selling feet pics and a sexting partner then,-0.14554505
b' ',2022-10-17 04:17:55,Why did u blur his names like I want him to dm me \xf0\x9f\x99\x81,0.10183142
b' ',2022-10-17 04:16:57,I don\xe2\x80\x99t get how ppl like these exaggerated ass features,-0.019116243
b' ',2022-10-17 04:16:15,No I can\xe2\x80\x99t don\xe2\x80\x99t lie,-0.0022449698
b' ',2022-10-17 04:15:35,This post should go on the teenagers hall of fame,0.10087088
b' ',2022-10-17 04:14:57,"Don\xe2\x80\x99t care, too desperate",0.023196092
b' ',2022-10-17 04:12:27,Real,-0.07974253
b' ',2022-10-17 04:12:07,For the right price that can be us \xf0\x9f\x98\x8d,-0.026403256
b' ',2022-10-17 04:06:49,Sounds like a u problem,0.06025209
b' ',2022-10-17 04:05:23,Ouch,0.052743085
b' ',2022-10-17 02:45:41,Damnnnnnnn\n\nAnd I wasn\xe2\x80\x99t invited \xf0\x9f\xa5\xba,0.060387593
b' ',2022-10-17 02:44:29,Alr well I had to ask\n\nSpend in on someone u love then \xf0\x9f\x99\x8c,0.029108671
b' ',2022-10-17 02:43:07,Tell him that you\xe2\x80\x99re always gonna be by his side and that u wanna help him thru this\n\nDon\xe2\x80\x99t tell him that the world doesn\xe2\x80\x99t resolve around him tho Like his problems are valid,-0.11530227
b' ',2022-10-17 02:42:10,Doesn\xe2\x80\x99t every music show have that tho?,0.14275311
b' ',2022-10-17 02:41:06,Mine sparing a whore a dollar \xf0\x9f\xa5\xba,-0.03625381
b' ',2022-10-17 02:39:59,What is exactly illegal about the punk show?,0.090377
b' ',2022-10-17 02:13:56,\xf0\x9f\x98\xb9\xf0\x9f\x98\xb9\xf0\x9f\x98\xb9\xf0\x9f\x98\xb9\xf0\x9f\x98\xb9,0.03130419
b' ',2022-10-17 02:13:27,Eminem,-0.023565285
b' ',2022-10-17 02:13:05,Just don\xe2\x80\x99t hang out w her anymore dude,-0.00486112
b' ',2022-10-17 02:11:38,Hiiiiiii,0.05114634
b' ',2022-10-17 02:11:15,Brit \xf0\x9f\xa4\xa2,0.023723375
b' ',2022-10-17 02:10:44,Don\xe2\x80\x99t give in to his destructive mindset keep telling him how much u love and appreciate him,0.12049396
b' ',2022-10-17 02:10:11,Goals,-0.04756157
b' ',2022-10-17 02:07:34,It\xe2\x80\x99s cause you\xe2\x80\x99re not urself when you\xe2\x80\x99re depressed,0.032879326
b' ',2022-10-17 02:05:39,Ppl do that???,0.028804084
b' ',2022-10-17 02:03:23,Atleast it\xe2\x80\x99s a steady income,0.0349252
b' ',2022-10-17 01:58:11,Yesssssssss I absolutely adore that film and no one\xe2\x80\x99s really heard of it before so I always recommend it \n\nI think I told u about this one too but The Voices is another really good one \xf0\x9f\x99\x8c,0.005564876
b' ',2022-10-17 01:51:58,Yeah he is in that timeline and yeah I agree horror thrillers r the way to go \n\nThe Frailty and Triangle are too really good ones btw if u wanna check them out,0.06386097
b' ',2022-10-17 01:36:30,Well jerk one out to jesus for me \xf0\x9f\x99\x8c\xf0\x9f\x99\x8c\xf0\x9f\x99\x8c,-0.016346805
b' ',2022-10-17 01:34:07,Alright I\xe2\x80\x99ll keep that in mind thanks \xf0\x9f\x99\x8c\n\nYou should def watch the others at some point tho like they\xe2\x80\x99re all enjoyable in their own way\n\nMy least fav has to be Halloween 2 tho like I hated what they did w Laurie\xe2\x80\x99s character,0.08269704
b' ',2022-10-17 01:32:37,What\xe2\x80\x99s youth camp? Isn\xe2\x80\x99t that like a Christian thing,0.109191895
b' ',2022-10-17 01:29:33,Again that\xe2\x80\x99ll cost ya,-0.024470065
b' ',2022-10-17 01:27:54,We don\xe2\x80\x99t give out our services for free yknow,-0.07928969
b' ',2022-10-17 01:26:37,Ouuuuuu is it actually decent? someone else said they didn\xe2\x80\x99t care for it and said there wasn\xe2\x80\x99t enough bloods n guts n stuff,0.12838425
b' ',2022-10-17 01:24:46,Poor and desperate,0.06017682
b' ',2022-10-17 01:24:19,Real,-0.07974253
b' ',2022-10-17 01:23:39,Tell her this then smh,0.045857094
b' ',2022-10-17 01:17:53,D - Read my bio \n\nJust tell me what u want \xf0\x9f\x98\x8c,0.010461862
b' ',2022-10-17 01:16:39,damn boy you\xe2\x80\x99re lengthy as fuck like 16 miles jesus,-0.00039536133
b' ',2022-10-17 01:06:49,I read that wrong,0.12800294
b' ',2022-10-17 01:06:19,\xf0\x9f\x99\x84,-0.019204816
b' ',2022-10-17 00:52:37,Two atm \xf0\x9f\x99\x84,-0.009642426
b' ',2022-10-17 00:44:56,Nyes,0.05732136
b' ',2022-10-17 00:40:47,Hii,0.046104744
b' ',2022-10-17 00:40:24,Google disagrees,-0.0056599453
b' ',2022-10-17 00:38:01,Of what?,0.11893128
b' ',2022-10-17 00:10:30,That\xe2\x80\x99s okay it\xe2\x80\x99s understandable,-0.00994746
b' ',2022-10-17 00:09:35,What is your opinions on owning exotic pets. From stuff like foxes to the big ones like lions and tigers,0.11166546
b' ',2022-10-17 00:08:13,Nahhhh how tf can ppl have it that small that\xe2\x80\x99s just torture \xf0\x9f\x98\xad\xf0\x9f\x98\xad\xf0\x9f\x98\xad\n\nManifesting u find a great guy with a bigger one \xf0\x9f\x99\x8c\xf0\x9f\x99\x8c,-0.00871796
b' ',2022-10-17 00:02:21,Instead of a prayer can I get a couple $ like I\xe2\x80\x99m desperate I need it,0.0121034905
b' ',2022-10-17 00:01:14,Ok either he lied or you like the ones the size of horses cause that shit ain\xe2\x80\x99t small,0.14087173
b' ',2022-10-17 00:00:34,There\xe2\x80\x99s confirmed texts so idk what u mean it doesn\xe2\x80\x99t add up,0.024441063
b' ',2022-10-17 00:00:03,About to shower \xf0\x9f\x92\x83\xf0\x9f\x8f\xbc,-0.023487672
b' ',2022-10-16 23:59:24,\xf0\x9f\x98\xad how small was it,0.09788142
b' ',2022-10-16 23:59:06,Yes,0.0320203
b' ',2022-10-16 23:58:05,Give me a dollar? \xf0\x9f\x99\x84,0.06967552
b' ',2022-10-16 23:57:28,Well don\xe2\x80\x99t worry you\xe2\x80\x99ll find someone 10x better than that jerk who loves u for u \xf0\x9f\x99\x8c\xf0\x9f\x99\x8c\xf0\x9f\x99\x8c,0.040280364
b' ',2022-10-16 23:55:35,"Damn for free too, that\xe2\x80\x99s just criminal \xf0\x9f\x98\x94",-0.027830593
b' ',2022-10-16 23:53:05,Pay me and I\xe2\x80\x99ll tell u,-0.072595015
b' ',2022-10-16 23:52:16,Never heard of her,0.11231027
b' ',2022-10-16 23:52:04,"So u didn\xe2\x80\x99t even get a reason? Maybe he simply just fell out of love w u, and if that\xe2\x80\x99s the case then you just have to accept that he won\xe2\x80\x99t have those feelings for u again and that there\xe2\x80\x99s people out there who will",0.010724033
b' ',2022-10-16 23:50:10,Unless they pay me,0.05818426
b' ',2022-10-16 23:49:50,It\xe2\x80\x99s the middle of the day,-0.012895634
b' ',2022-10-16 23:48:20,Dammnn I\xe2\x80\x99m sorry how come?,0.011129521
b' ',2022-10-16 23:47:15,Was he the one who broke things or was it u?,0.109236255
b' ',2022-10-16 23:46:27,Don\xe2\x80\x99t drown \xf0\x9f\x99\x8c,0.06262545
b' ',2022-10-16 23:43:18,She\xe2\x80\x99s a 20 \xf0\x9f\x98\x8d\xf0\x9f\x98\x8d\xf0\x9f\x98\x8d,0.0546413
b' ',2022-10-16 23:42:19,He prob just needs mental help don\xe2\x80\x99t shittalk him for that,0.011780105
b' ',2022-10-16 23:40:38,DUDE IV BEEN WANTING TO GET THE BOOK NO WAY,0.052452795
b' ',2022-10-16 23:40:10,Then lay down and get off the phone and pretend to till u do,0.0014120899
b' ',2022-10-16 23:36:43,Cause they like it or it\xe2\x80\x99s a compulsion?\n\nLike it\xe2\x80\x99s kinda obvious,0.11700727
b' ',2022-10-16 23:26:10,Seriously tho if u can give me a tiny bit my cashapps below my bio is really appreciate it \xf0\x9f\x99\x8c\xf0\x9f\x99\x8c\xf0\x9f\x99\x8c,0.07705205
b' ',2022-10-16 23:25:03,Ok yeah that\xe2\x80\x99ll work \xf0\x9f\x92\x83\xf0\x9f\x8f\xbc,-0.02733377
b' ',2022-10-16 23:24:33,literally \xf0\x9f\x92\x83\xf0\x9f\x8f\xbc,0.020981468
b' ',2022-10-16 23:23:39,Why what happened?,0.11232452
b' ',2022-10-16 23:23:17,How much is that in USD,0.09395741
b' ',2022-10-16 23:22:49,U know me so well \xf0\x9f\x98\x8c,0.026182374
b' ',2022-10-16 23:20:59,Idk like talking for $5 I\xe2\x80\x99m cheap and disposable \xf0\x9f\x92\x83\xf0\x9f\x8f\xbc\xf0\x9f\x92\x83\xf0\x9f\x8f\xbc,-0.060031116
b' ',2022-10-16 23:19:49,Nah dude I just got that Habsburg jaw,0.02753641
b' ',2022-10-16 23:18:58,I charge for that,0.06510563
b' ',2022-10-16 23:18:11,Literally me,0.005414457
b' ',2022-10-16 23:17:37,Give me $ then \xf0\x9f\x99\x84,0.008541465
b' ',2022-10-16 23:12:34,\xf0\x9f\x98\xad\xf0\x9f\x98\xad\xf0\x9f\x98\xad\xf0\x9f\x98\xad some ppl,-0.035630938
b' ',2022-10-16 23:05:33,What did he say dm me ss \xf0\x9f\x99\x8c,0.09751147
b' ',2022-10-16 23:04:24,Ummmm no I\xe2\x80\x99d rather not,0.03968745
b' ',2022-10-16 23:02:57,I think cause of the TV show?,0.14577496
b' ',2022-10-16 23:02:34,Alr take care thennnn \xf0\x9f\x99\x8c\xf0\x9f\x99\x8c\xf0\x9f\x99\x8c,0.038798075
b' ',2022-10-16 23:00:08,Well I need money and my ADHD ass has been known to completely enrich anyone who I talk too \xf0\x9f\x98\x8c\xf0\x9f\x98\x8c\n\nYour choice,0.21535262
b' ',2022-10-16 22:58:32,Ok but I\xe2\x80\x99m not doing it for free $$$ \xf0\x9f\x98\x8c,-0.04052271
b' ',2022-10-16 22:57:56,No u didn\xe2\x80\x99t my cashapp balance is still the same,0.063772276
b' ',2022-10-16 22:57:17,Only if u pay \xf0\x9f\x92\xb0,0.027194353
b' ',2022-10-16 22:56:51,K?,0.04415856
b' ',2022-10-16 22:55:01,Says who,0.08394006
b' ',2022-10-16 22:49:27,Me,0.071762696
b' ',2022-10-16 22:49:06,Funny \xf0\x9f\x98\x90,0.022806283
b' ',2022-10-16 22:47:33,Who\xe2\x80\x99s the creep leak his u/,0.009983226
b' ',2022-10-16 22:46:33,Well welcome back to hell \xf0\x9f\x98\x8c\xf0\x9f\x99\x8c,0.006159734
b' ',2022-10-16 13:53:37,Damn \xf0\x9f\x98\xad,0.009784171
b' ',2022-10-16 13:51:44,Wait what how \xf0\x9f\x98\xad\xf0\x9f\x98\xad\xf0\x9f\x98\xad,0.07922418
b' ',2022-10-16 13:48:24,Calling women bitches \xf0\x9f\x98\x8d\xf0\x9f\x98\x8d\xf0\x9f\x98\x8d\xf0\x9f\x98\x8d,-0.02298369
b' ',2022-10-16 13:47:44,Knocked?,0.12420191
b' ',2022-10-16 13:47:18,Smart \xf0\x9f\x99\x8c,0.052892588
b' ',2022-10-16 13:42:56,Thanks I\xe2\x80\x99ll let my dad know \xf0\x9f\x98\x8c,0.010847565
b' ',2022-10-16 13:42:20,Me \xf0\x9f\x92\x83\xf0\x9f\x8f\xbc,0.13217586
b' ',2022-10-16 13:40:27,ALRIGHT GREAT IM GLAD I CAN HELP\n\nLettme know how it goes \xf0\x9f\x99\x8c,-0.048595704
b' ',2022-10-16 13:39:50,When I saw ur comment I didn\xe2\x80\x99t read ur name and I was literally thinking what I could of said for someone to comment that \xf0\x9f\x98\xad,0.010858738
b' ',2022-10-16 13:38:48,Just say something like \xe2\x80\x9chiii it\xe2\x80\x99s been awhile and Iv been remembering our time we had together and I wanted to know how uv been!\xe2\x80\x9d\n\nIdk something saying why u wanna start talking w them again,0.007888358
b' ',2022-10-16 13:35:58,Too tired too anyways,0.07056526
b' ',2022-10-16 13:35:35,Well if it\xe2\x80\x99s been a bit since talking then first u gotta catch up and see if she\xe2\x80\x99s currently dating or interested in someone,0.03644461
b' ',2022-10-16 13:33:57,\xe2\x80\x9cIt was my mother\xe2\x80\x9d,0.078064404
b' ',2022-10-16 13:33:31,Wait are u still in contact w the girl like at all?\n\nSorry I suck at reading,0.15147516
b' ',2022-10-16 13:31:27,\xf0\x9f\xa6\x97\xf0\x9f\xa6\x97\xf0\x9f\xa6\x97\xf0\x9f\xa6\x97\xf0\x9f\xa6\x97\xf0\x9f\xa6\x97\xf0\x9f\xa6\x97\xf0\x9f\xa6\x97\xf0\x9f\xa6\x97,0.032242946
b' ',2022-10-16 13:26:07,Ok yeah that dudes just whinny and annoying he\xe2\x80\x99s the worst,-0.042749934
b' ',2022-10-16 13:21:35,Don\xe2\x80\x99t we all,-0.023992745
b' ',2022-10-16 13:20:14,The 1974 one?,0.107632846
b' ',2022-10-16 13:16:41,"The only remakes which is consider good and possibly better than the original are The Thing, Friday the 13th, Texas Chainsaw Massacre (2003), Piranha 3D, and The Invasion was pretty decent even tho ppl seem to hate it",0.05771529
b' ',2022-10-16 13:12:38,Yesssssssss \n\nThe first one is really fun and the seconds decent enough\n\nJust don\xe2\x80\x99t watch the 3rd\n\nAlso the remake just came out and apparently it sucks ass which sucks,0.069531456
b' ',2022-10-16 13:11:36,"Damnnnn I\xe2\x80\x99m sorry i can\xe2\x80\x99t even imagine, I wish u the best in life tho like fr",0.00428365
b' ',2022-10-16 12:54:40,"Damnnnnn that\xe2\x80\x99s so interesting tho, like why did u do it in the first place?\n\nAnd what\xe2\x80\x99s your situation now",0.043433804
b' ',2022-10-16 12:52:32,"Yeah they used the 50s thing in Halloween cause John Carpenter really loved that film and it wasn\xe2\x80\x99t till 4 yrs later after Halloween that he released his version \xf0\x9f\x99\x8c\n\nThe 50s one is pretty good ngl I hope u enjoy it\xf0\x9f\x99\x8c\xf0\x9f\x99\x8c\n\nAlso the 2011 prequel also called The Thing is decent enough too, watch it if you wanna \n\nI can literally talk all day about different horror movies I love it and omg I just remembered Pumpkinhead like u gotta watch Pumpkinhead",0.08581978
b' ',2022-10-16 12:49:50,Ok yeah I get that,0.07344885
b' ',2022-10-16 12:45:36,What how you\xe2\x80\x99re 19???,0.08371712
b' ',2022-10-16 12:43:49,\xe2\x98\xa0\xef\xb8\x8f,-0.053883847
b' ',2022-10-16 12:43:25,Harmful how,0.07145138
b' ',2022-10-16 12:42:44,Yeah Ofc \xf0\x9f\x99\x8c,0.044072904
b' ',2022-10-16 12:42:29,"Ok well the Thing from another world is the 50s version, u gotta watch the 80s one just called The Thing it\xe2\x80\x99s literally flawless\n\nThe Frailty is one of my all time fav hidden gems\n\nDawn of the Dead (78) is flawless\n\nThe Voices is a really good dark comedy w Ryan Renolds\n\nTucker  Dale vs Evil is another good horror comedy\n\nReturn of the Living Dead is another perfect horror comedy\n\nWatch Hereditary if u actually wanna fuck up ur day\n\nDead  Buried is a really good film I watched a couple days ago\n\nTriangle is just, u gotta go in blind like don\xe2\x80\x99t even watch the trailer I highly recommend \n\nThe Cube films are fun\n\nTown that dreaded sundown (either) fun good slasher \n\nI can name more but I\xe2\x80\x99ll stop",0.040026993
b' ',2022-10-16 12:37:30,Yeahh prob like some kind of burst of energy u got from it and that was the only way to let it out \n\nIt\xe2\x80\x99s really nothing to worry about unless it becomes a problem and happens in different situations,0.0151002025
b' ',2022-10-16 12:35:29,Yeah everyone\xe2\x80\x99s bi,-0.10013714
b' ',2022-10-16 12:34:36,So I can exploit them,0.00843511
b' ',2022-10-16 12:33:51,Ok then later \xf0\x9f\x99\x8c\n\nIt\xe2\x80\x99s not anywhere nearly as good as the first and it\xe2\x80\x99s not really scary or unsettling but it\xe2\x80\x99s got the kid from terminator 2 so that\xe2\x80\x99s a win in my book\n\nWatch it if u want it\xe2\x80\x99s not a must,0.03749752
b' ',2022-10-16 12:32:51,Idk the only other thing I could think of is u hit ur funny bone on ur leg or something and just forgot about it cause u said this was before u were even did anything right?,0.03570856
b' ',2022-10-16 12:31:01,U cant,0.060155913
b' ',2022-10-16 12:30:51,Now u gotta watch the sequel \xf0\x9f\x99\x8c,0.044116728
b' ',2022-10-16 12:30:23,And I\xe2\x80\x99m already selling myself,-0.05020272
b' ',2022-10-16 12:29:53,I really think it was just nerves like has it happened the other times?,0.15898928
b' ',2022-10-16 12:27:46,Ok then that\xe2\x80\x99s def just nerves,-0.02161719
b' ',2022-10-16 12:27:23,Yes and no,0.07132842
b' ',2022-10-16 12:26:59,Exotic soda?,0.20582145
b' ',2022-10-16 12:26:20,Omg u had the leg shaking orgasm yesssssssssss,0.03686869
b' ',2022-10-16 12:25:41,No,0.010109326
b' ',2022-10-16 12:25:25,The $ kind I\xe2\x80\x99ll literally do it for 2$,-0.085488394
b' ',2022-10-16 12:24:29,This isn\xe2\x80\x99t gonna work buddy bud,-0.08241616
b' ',2022-10-16 12:23:54,Yes,0.0320203
b' ',2022-10-16 12:21:59,Sure but it\xe2\x80\x99ll cost u \xf0\x9f\x92\x83\xf0\x9f\x8f\xbc,-0.008314041
b' ',2022-10-16 12:21:36,Me \xf0\x9f\xa4\xad,0.086272046
b' ',2022-10-16 12:21:22,I\xe2\x80\x99m finer,-0.035441797
b' ',2022-10-16 12:21:06,Don\xe2\x80\x99t worry I was in the exact same boat u aren\xe2\x80\x99t alone \xf0\x9f\x98\xad,0.059565697
b' ',2022-10-16 12:19:53,Ffs Ofc u fucking r,0.04664522
b' ',2022-10-16 12:18:37,I read that as races and sexes \xe2\x98\xa0\xef\xb8\x8f,0.05420294
b' ',2022-10-16 12:16:53,I was supposed to be looking????,0.15829843
b' ',2022-10-16 12:16:35,The good times,0.048055526
b' ',2022-10-16 12:16:14,U won\xe2\x80\x99t \xf0\x9f\x99\x8c,0.030712973
b' ',2022-10-16 12:14:21,Ok I won\xe2\x80\x99t \xf0\x9f\x98\x81,0.054936305
b' ',2022-10-16 12:09:45,\xf0\x9f\x98\xad\xf0\x9f\x98\xad\xf0\x9f\x98\xad\xf0\x9f\x98\xad\xf0\x9f\x98\xad\xf0\x9f\x98\xad,-0.0068960935
b' ',2022-10-16 12:08:11,STOPPPPPP,0.022559451
b' ',2022-10-16 12:04:53,\xf0\x9f\x98\xad,-0.043395273
b' ',2022-10-16 12:03:12,Real,-0.07974253
b' ',2022-10-16 12:00:45,My bio \xf0\x9f\x99\x84,0.028649466
b' ',2022-10-16 12:00:28,Honestly those two don\xe2\x80\x99t come close to the first 2 for me and I haven\xe2\x80\x99t seen the newest one too I should prob watch that sometime,0.05615551
b' ',2022-10-16 11:55:38,"I still gotta see those ones, there\xe2\x80\x99s a bunch both the jap and USA ones got a couple sequels",-0.06951358
b' ',2022-10-16 11:51:34,What\xe2\x80\x99s the honey lady stuff again? It\xe2\x80\x99s been a bit since Iv watched it\n\nAlso another unsettling one is The Pulse (the Japanese one made in the 90s or whatever),0.07876846
b' ',2022-10-16 11:50:39,Make sure u add the spices \xf0\x9f\x99\x8c\xf0\x9f\x99\x8c\xf0\x9f\x99\x8c,0.14040759
b' ',2022-10-16 11:50:20,New high yes \xf0\x9f\x98\x8d\xf0\x9f\x98\x8d\xf0\x9f\x98\x8d\xf0\x9f\x98\x8d,0.01165767
b' ',2022-10-16 11:50:06,I thought that was a Reddit notif at first \xf0\x9f\x98\xb9\xf0\x9f\x98\xb9\xf0\x9f\x98\xb9,0.120181486
b' ',2022-10-16 11:49:41,I\xe2\x80\x99m pregnant\xe2\x80\xa6\n\nAnd the baby is yours \xf0\x9f\xa5\xba\xf0\x9f\xa5\xba\xf0\x9f\xa5\xba\xf0\x9f\xa5\xba,0.07902101
b' ',2022-10-16 11:48:43,"IKRRRRRRRR, also don\xe2\x80\x99t worry I\xe2\x80\x99m not like that \xf0\x9f\x99\x8c\n\nEnjoy the film \xf0\x9f\x99\x8c",0.046695493
b' ',2022-10-16 11:48:08,"You\xe2\x80\x99re right, I love u \xf0\x9f\x98\x8d \n\nI\xe2\x80\x99m declaring it, u heard it first\n\nI love u Sourdough221 \xf0\x9f\x98\x8d\xf0\x9f\x98\x8d\xf0\x9f\x98\x8d",0.014346966
b' ',2022-10-16 11:47:22,No but if u just search \xe2\x80\x98free iq test\xe2\x80\x99 and scroll back the ones that say AD next to the url they should be free,0.043434277
b' ',2022-10-16 11:46:30,Real,-0.07974253
b' ',2022-10-16 11:46:18,Give it backkkkkkkkk,0.04471904
b' ',2022-10-16 11:45:56,There\xe2\x80\x99s some decent ones online for free but if u want to do an actual one u have to pay,-0.027906273
b' ',2022-10-16 11:45:25,OMG YEAH THAT MOVIES ACTUALLT CREEPT AS FUCK LIKE W THE BONEY WOMEN SCENE THAR WAS JUST MESSED UP SO UNSETTLING,0.061608147
b' ',2022-10-16 11:44:27,But I like u \xf0\x9f\x98\x95,0.035337742
b' ',2022-10-16 11:44:02,What movie?,0.09553317
b' ',2022-10-16 11:43:52,Who?\n\nBtw I\xe2\x80\x99m getting my iq test results soon I can\xe2\x80\x99t wait \xf0\x9f\x92\x83\xf0\x9f\x8f\xbc\xf0\x9f\x92\x83\xf0\x9f\x8f\xbc\xf0\x9f\x92\x83\xf0\x9f\x8f\xbc,0.057066716
b' ',2022-10-16 11:43:03,Blocking,0.058383536
b' ',2022-10-16 11:42:11,Omg I hate that emoji so much it\xe2\x80\x99s like pointing straight at me it\xe2\x80\x99s terrifying,0.006966278
b' ',2022-10-16 11:39:54,Thanks babes I knew you loved it \xf0\x9f\x98\x98,0.09102428
b' ',2022-10-16 11:38:43,Me climbing up and sliding down a mountian w my parents watching,0.10590871
b' ',2022-10-16 11:37:11,\xf0\x9f\x98\xad k,-0.058690973
b' ',2022-10-16 11:35:48,My bio \xf0\x9f\x99\x84,0.028649466
b' ',2022-10-16 11:34:14,Maybe\n\nIdk go pray about it,0.046181418
b' ',2022-10-16 11:31:13,Fuck u took the wrong elevator \n\nShit shit shit I don\xe2\x80\x99t have the authority to go down their I\xe2\x80\x99m gonna have to talk w my higher ups\n\nIt\xe2\x80\x99s gonna take between 1-2 business years so hang on,-0.016013956
b' ',2022-10-16 11:29:32,Too real,0.007693898
b' ',2022-10-16 11:29:22,No I am \xf0\x9f\x98\xa4,0.019064628
b' ',2022-10-16 11:27:26,They\xe2\x80\x99re all gonna say me so like why bother asking them \xf0\x9f\x98\x8c,-0.02412868
b' ',2022-10-16 11:25:13,Ok yeah that\xe2\x80\x99s normal like aslong as u know it\xe2\x80\x99s still u at the end of the day it\xe2\x80\x99s fine,-0.014831366
b' ',2022-10-16 11:24:05,It\xe2\x80\x99s cause men suck ass,-0.017039837
b' ',2022-10-16 11:23:32,Should check out my bio yes,0.06738112
b' ',2022-10-16 11:22:43,Don\xe2\x80\x99t worry it was quick and painless for u \n\nAnyways it looks like you\xe2\x80\x99re good to go to the clouds above congrats \xf0\x9f\xa5\xb3\xf0\x9f\xa5\xb3\xf0\x9f\xa5\xb3\xf0\x9f\xa5\xb3\xf0\x9f\xa5\xb3,0.018086672
b' ',2022-10-16 11:21:45,Death day*,0.02950868
b' ',2022-10-16 11:21:26,Brah how,0.020878982
b' ',2022-10-16 11:21:05,$ me and I\xe2\x80\x99ll talk w u I\xe2\x80\x99m actually really good \xf0\x9f\x98\x8c\n\nOmg I just realized I could get paid online for my therapy skills,-0.06671132
b' ',2022-10-16 11:20:17,I\xe2\x80\x99m sorry to let u know\xe2\x80\xa6 but u died your dead\n\nI\xe2\x80\x99m going over ya file and seeing where u should end up,-0.050810732
b' ',2022-10-16 11:19:23,How is it not to yourself?,0.14322294
b' ',2022-10-16 11:18:12,Do u tho?,0.106810376
b' ',2022-10-16 11:15:23,Check my bio \xf0\x9f\xa4\xad,0.059503227
b' ',2022-10-16 11:15:08,My bio \xf0\x9f\xa4\xad,0.04113577
b' ',2022-10-16 11:13:07,My bio \xf0\x9f\xa4\xad\xf0\x9f\xa4\xad\xf0\x9f\xa4\xad,0.06976907
b' ',2022-10-16 11:09:45,Yes u r \n\ndon\xe2\x80\x99t lie,0.042577643
b' ',2022-10-16 11:09:29,Same too u \xf0\x9f\xa4\xad,0.020803528
b' ',2022-10-16 11:07:47,I should start charging u for being my #1 fan fr,0.09281218
b' ',2022-10-16 11:07:28,Love u too babes \xe2\x9d\xa4\xef\xb8\x8f,0.011660063
b' ',2022-10-16 11:06:50,Check my bio \xf0\x9f\xa4\xad,0.059503227
b' ',2022-10-16 11:05:55,Those ppl jsut don\xe2\x80\x99t know their own worth,0.031296767
b' ',2022-10-16 11:05:27,"Since any creeps dmed me about my bio, yeah \xf0\x9f\x98\x94",0.05862026
b' ',2022-10-16 11:05:02,I mean I\xe2\x80\x99m bisexual\n\nBut I can be homophobic if ya want \xf0\x9f\x98\x81\n\nIt\xe2\x80\x99s gonna cost u some $ tho,0.054511726
b' ',2022-10-16 11:04:11,Read my bio \xf0\x9f\x99\x84\xf0\x9f\x99\x84\xf0\x9f\x99\x84\xf0\x9f\x99\x84\n\nCreeps accepted \xe2\x9c\x85,0.050919138
b' ',2022-10-16 11:03:18,DAMNIT ITS 2 AM I TOLD MYSELF I WAS GONNA SLEEP AT 2 BUT I DONT WANNA \n\nfirst world problems,0.0525392
b' ',2022-10-16 10:58:49,No clue what 10 cm looks like,0.12625709
b' ',2022-10-16 10:55:25,Reminding me of my dad rn,0.042047556
b' ',2022-10-16 10:53:55,Don\xe2\x80\x99t act like that hasn\xe2\x80\x99t happened to u before,0.008495811
b' ',2022-10-16 10:30:14,So that\xe2\x80\x99s why I have a giant hole in my head ok,0.053121053
b' ',2022-10-16 10:29:08,Hi \xf0\x9f\x98\x81,0.0603229
b' ',2022-10-16 10:28:11,Mel????????\n\nSince when r u alive,0.07218779
b' ',2022-10-16 10:26:19,Fr \xf0\x9f\x98\x8d,0.022357866
b' ',2022-10-16 10:24:34,Ouuuuuu I only know of Ringu I\xe2\x80\x99ll add the rest on my watchlist \xf0\x9f\x99\x8c,0.053676464
b' ',2022-10-16 10:23:43,Sold all my walls for catnip money,0.038490158
b' ',2022-10-16 10:23:06,Omg it\xe2\x80\x99s u again how r u keeping finding me\n\nKinda suspicious ngl \xf0\x9f\xa4\xa8,0.013794962
b' ',2022-10-16 10:21:37,I only surround myself w women \xf0\x9f\x98\x8c\n\nMy mom and my dog fluffers,0.10656771
b' ',2022-10-16 10:20:06,My brain keeps me constantly awake\n\nIt\xe2\x80\x99s a curse help,0.17477843
b' ',2022-10-16 10:19:23,Mix in the depressing stuff w some other stuff or more positives then,0.10794522
b' ',2022-10-16 10:18:23,Made me think it was Thursday,0.14342761
b' ',2022-10-16 10:17:59,Yeahh if u want more unsettling and less jump scares then u should check out some of the well known Japan horror movies \n\nwhat foreign films did u watch?,0.14580482
b' ',2022-10-16 10:16:58,Music is a great way to vent ur shit \xf0\x9f\x99\x8c,0.07005985
b' ',2022-10-16 10:15:53,U don\xe2\x80\x99t deserve me \xf0\x9f\x98\x8c,0.0114054885
b' ',2022-10-16 10:15:09,Wish I had a better life,0.110972464
b' ',2022-10-16 10:14:39,Real,-0.07974253
b' ',2022-10-16 10:13:08,I honestly can\xe2\x80\x99t help u I went to sleep at 9 am yesterday \xf0\x9f\x98\xad,0.024802659
b' ',2022-10-16 10:12:36,Yessssss John Carpenter is such an amazing director one of my tops of all time fr\n\nCheck out They Live sometime in your life like it\xe2\x80\x99s not necessary horror but it is hella good,0.074683145
b' ',2022-10-16 10:11:38,Yeah I get what you\xe2\x80\x99re saying w Blair Witch and The Others like Blair Witch can be kind hollow and plain and The Others is made more for the general audience goer and less so the avid horror fans.\n\nAlso u want some dumb fun The Blair With 2 is a blast \xf0\x9f\x99\x8c,0.11311381
b' ',2022-10-16 10:05:05,For me huh \xf0\x9f\xa4\xad\n\nBut yeah for me october is the month to watch as many horror films as possible I love it \xf0\x9f\x92\x83\xf0\x9f\x8f\xbc\xf0\x9f\x99\x8c\xf0\x9f\x99\x8c,0.13624819
b' ',2022-10-16 10:03:08,Yeah the original Friday the 13th is pretty bland compared to a lot of other films \n\nthe remake is def better,0.07601849
b' ',2022-10-16 10:02:32,So wait how did u like all of the stuff u watched so far \n\nRate them for me,0.20342907
b' ',2022-10-16 10:00:43,Ummm ur not banned just give it 10 minutes,0.069726214
b' ',2022-10-16 09:59:35,Just think about all the amazing dreams u won\xe2\x80\x99t remember if u do sleep \xf0\x9f\x99\x8c,0.09493515
b' ',2022-10-16 09:58:58,Umm how,0.13332653
b' ',2022-10-16 09:57:10,Literally \n\nAlso I watched this really interesting movie called Dead  Buried it\xe2\x80\x99s like if John Carpenter directed Jaws but instead of it being about sharks it about something odd going on in this town\n\nWatch it \xf0\x9f\x99\x8c,0.032977186
b' ',2022-10-16 09:54:16,So some of the ones I suggestioned u actually watched huh \xf0\x9f\x98\x8c\n\nalso Friday the 13th Part 2 is a lot better and part 4 is like actually a good film\n\nWatch The Frailty at some point it\xe2\x80\x99s really underrated but it\xe2\x80\x99s fucking phenomenal,0.046553187
b' ',2022-10-16 09:52:30,"Ok yeah w a slasher film that wouldn\xe2\x80\x99t really work, \n\nHey atleast we still got the original",-0.039426092
b' ',2022-10-16 09:50:08,U weren\xe2\x80\x99t straight last night at Deriks house \xf0\x9f\x98\x8f\xf0\x9f\x98\x8f\xf0\x9f\x98\x8f\xf0\x9f\x98\x8f,0.0131751895
b' ',2022-10-16 09:49:19,Gimme some things about urself n I\xe2\x80\x99ll think about it,0.043187134
b' ',2022-10-16 09:48:37,Um dude no not at all,0.019974492
b' ',2022-10-16 09:48:15,What movies?????,0.15171799
b' ',2022-10-16 09:47:50,Without spoiling what was the problem w this one?,0.06538454
b' ',2022-10-16 09:47:32,Damn was it really \xf0\x9f\x98\x95\n\nWell I\xe2\x80\x99m glad Smile was good \xf0\x9f\x99\x8c\xf0\x9f\x99\x8c,0.083687164
b' ',2022-10-16 09:45:17,What\xe2\x80\x99s the feminist ones?,0.041225217
b' ',2022-10-16 09:44:31,Tell him that u need to define the relationship,0.119161606
b' ',2022-10-16 09:41:44,Cause,0.07231262
b' ',2022-10-16 09:38:47,\xe2\x80\x9cD-do you maybe\xe2\x80\xa6 wanna touch tips \xf0\x9f\xa5\xba\xf0\x9f\xa5\xba\xf0\x9f\xa5\xba\xf0\x9f\xa5\xba\xe2\x80\x9d,0.0042395666
b' ',2022-10-16 09:37:53,Cause you\xe2\x80\x99ve barely seen what life has to offer,0.08889253
b' ',2022-10-16 09:33:59,Nah,0.060355812
b' ',2022-10-16 09:31:58,House Shark was pretty irredeemable,0.09041202
b' ',2022-10-16 09:30:58,Ummmm bro don\xe2\x80\x99t lead her on like what,0.0661368
b' ',2022-10-16 09:27:39,Just say your plane over Hadda carcrash so u can\xe2\x80\x99t make it\n\nworks every time,0.0044024214
b' ',2022-10-16 00:19:07,"The Voices, Return of the Living Dead, Re-Animator, The Texas Chainsaw Massacre (74  03), Tucker  Dale vs Evil, Dawn of the Dead (78), Dead  Buried, Pumpkinhead, Candyman (94), Saw 1-3 (if u really like then watch the rest), Triangle, Cloverfield, The Blair Witch Project, The Evil Dead, Silence of the Lambs, Scream, The Thing 1-2, Misery, The Birds, Creepshow, The Shining, Children of the Corn, Salems Lot, The Car,  Interview with the Vampire, Invasion of the Body Snatchers\n\nI mean I can go on",0.13656548
b' ',2022-10-15 10:00:05,Comfort them duh,0.021720963
b' ',2022-10-15 09:59:40,Byjjyy,0.030548923
b' ',2022-10-15 09:56:53,Okay lhterh dsnvtighy,0.016854804
b' ',2022-10-15 09:53:30,Just don\xe2\x80\x99t show your face \xf0\x9f\x99\x8c\xf0\x9f\x99\x8c,0.019192949
b' ',2022-10-15 09:52:05,0 per millennium,1.9458123e-05
b' ',2022-10-15 07:52:13,Yes,0.0320203
b' ',2022-10-15 07:51:58,Diseaew andbpoverty,0.11658931
b' ',2022-10-15 07:50:57,Wdym,0.031561196
b' ',2022-10-15 07:49:48,Bored n drunk Dm me,0.09920769
b' ',2022-10-15 07:49:33,Alll my lover s sixiuselepd me baaement,-0.049352217
b' ',2022-10-15 07:49:09,My ass hair is very very nice yes,0.08445516
b' ',2022-10-15 07:48:36,Famous last words,-0.022209136
b' ',2022-10-15 07:48:13,Cause r why\xe2\x80\x99re retar def symblr as that,-0.06075516
b' ',2022-10-15 07:47:47, Bsheyeyeeeeee,0.068623476
b' ',2022-10-15 07:47:34,Nooooo cocked back I love uuuuuuu,0.1071736
b' ',2022-10-15 07:47:27,Nooooo come evaxk jig or u babyyyyyy,0.023235997
b' ',2022-10-15 04:11:46,WHO,0.045884766
b' ',2022-10-15 04:10:57,Nah I\xe2\x80\x99m literally the God in that department pal,-0.0128952535
b' ',2022-10-14 13:34:05,Relatable,0.0147955865
b' ',2022-10-14 13:31:46,\xf0\x9f\x98\xad what was the joke,0.0756873
b' ',2022-10-14 13:28:39,Umm why?,0.10143863
b' ',2022-10-14 13:25:58,I don\xe2\x80\x99t wanna hear none of ya bullshit Tony Lettme live my life,0.038985472
b' ',2022-10-14 13:21:35,Destroy me \xf0\x9f\x98\xa9,0.018824589
b' ',2022-10-14 13:20:18,THATS WHERE THEY R TOO OMG OMG,0.06864385
b' ',2022-10-14 13:17:47,Ouuuuuuuu yknow I have a bestie living in canada. Which state \xf0\x9f\x99\x8c\xf0\x9f\x99\x8c,0.07113605
b' ',2022-10-14 13:16:40,274,-0.04281821
b' ',2022-10-14 13:16:09,When he takes off his shirt after getting jacked \xf0\x9f\x99\x84\xf0\x9f\x99\x84\xf0\x9f\x99\x84,-0.031705897
b' ',2022-10-14 13:15:06,Where  and also why do u move so much \xf0\x9f\x98\xad,0.06032129
b' ',2022-10-14 13:14:43,Continue to sleep,0.13790227
b' ',2022-10-14 13:13:48,Sure if u can find it,0.10665098
b' ',2022-10-14 13:13:22,They\xe2\x80\x99re out there don\xe2\x80\x99t worry and idk where u live but later in life move to a country that accepts everyone as human \xf0\x9f\x99\x8c,-0.06988777
b' ',2022-10-14 13:10:56,Um no,0.05702343
b' ',2022-10-14 13:09:45,So far none \xf0\x9f\x92\x83\xf0\x9f\x8f\xbc,-0.0066012153
b' ',2022-10-14 13:08:14,Life sucks \xf0\x9f\x99\x81\n\nJust find the right kind of ppl who treat u like a human being \xf0\x9f\x99\x8c\xf0\x9f\x99\x8c\xf0\x9f\x99\x8c,0.053586934
b' ',2022-10-14 13:04:35,They weren\xe2\x80\x99t real friends if they can\xe2\x80\x99t except that you broke up healthy and are still friends w them.\n\nBut if it was an unhealthy breakup and you\xe2\x80\x99re just with them cause it gives u a sense or normalcy and ur friends tried to warn u and stop u from continuing in this distructive behavior to the point where they couldn\xe2\x80\x99t deal w u and cut ties then\xe2\x80\xa6 maybe u gotta reevenuate some things,0.054552432
b' ',2022-10-14 13:01:47,Not in our lifetime maybe but it will eventually,0.09910045
b' ',2022-10-14 13:01:23,Ok then yeah go right ahead bully the shit outta him for me babes \xf0\x9f\x99\x8c\xf0\x9f\x99\x8c\xf0\x9f\x99\x8c\xf0\x9f\x99\x8c,0.040361345
b' ',2022-10-14 13:00:46,Thank u \xf0\x9f\x98\x8c,0.036954105
b' ',2022-10-14 13:00:26,"And teachers??? Damn I\xe2\x80\x99m sorry u have to deal w that stuff still. Like things r changing but it\xe2\x80\x99s still gonna take a while to fully get equal. The guys who say this are just repeating what they\xe2\x80\x99ve been taught and told their entire lives to the point where they believe it, just feel sorry for them",-0.043768916
b' ',2022-10-14 12:57:58,"Just play the Snyder cut in ur head for the rest of the school day, easy",0.18734676
b' ',2022-10-14 12:57:29,Nyes,0.05732136
b' ',2022-10-14 12:57:03,Well Chris Pratt is anti lgbtq and is a conservative but I get u,0.05735827
b' ',2022-10-14 12:56:23,I mean everyone\xe2\x80\x99s different\n\nJust bring it up w her,-0.059218436
b' ',2022-10-14 12:55:38,If it\xe2\x80\x99s girls saying it to u just tell him that you\xe2\x80\x99re human too and that they don\xe2\x80\x99t really want equality if they can\xe2\x80\x99t accept that,-0.0042485557
b' ',2022-10-14 12:53:13,So true bestie,-0.051710542
b' ',2022-10-14 12:52:35,Once ppl are more equal socially this will stop,0.075130016
b' ',2022-10-14 12:50:47,Moral of the Story - Ashe,-0.12637573
b' ',2022-10-14 12:48:46,Damn friendly fire,0.006135842
b' ',2022-10-14 12:47:19,Post it here,-0.027501121
b' ',2022-10-14 12:47:03,It gets easier don\xe2\x80\x99t worry,0.032761347
b' ',2022-10-14 12:46:27,Imma pretend I didn\xe2\x80\x99t see this,0.019839626
b' ',2022-10-14 12:45:55,What genre?,0.12763572
b' ',2022-10-14 12:43:26,"Dying from stomache pains rn, don\xe2\x80\x99t care",-0.031188652
b' ',2022-10-14 12:42:39,Ouuuuu I hope it\xe2\x80\x99s better than the last one \xf0\x9f\x99\x8c\xf0\x9f\x99\x8c\xf0\x9f\x99\x8c,0.061345126
b' ',2022-10-14 12:40:34,Someone needs their diaper changed,0.06624456
b' ',2022-10-14 12:40:04,The 4th was decent and #6 and Resurrection were dumb fun,0.061137944
b' ',2022-10-14 12:38:53,\xf0\x9f\x91\xb6\xf0\x9f\x8f\xbc - u,0.036455687
b' ',2022-10-14 12:34:47,We boutta talk all fuckin day about the dumbest shit,0.04214315
b' ',2022-10-14 12:32:52,I like u u seem cool \xf0\x9f\x92\x83\xf0\x9f\x8f\xbc,0.14229318
b' ',2022-10-14 12:32:39,Omg u use LetterBoxd too \xf0\x9f\x98\xb1\xf0\x9f\x98\xb1\xf0\x9f\x98\xb1\xf0\x9f\x98\xb1\xf0\x9f\x98\xb1,0.05491475
b' ',2022-10-14 12:30:46,Why u quoting Em?,0.02980332
b' ',2022-10-14 12:28:49,Idk man I\xe2\x80\x99m lost too,-0.005949691
b' ',2022-10-14 12:28:03,Happiness,0.019654386
b' ',2022-10-14 12:23:40,M*n \xf0\x9f\xa4\xa2,0.0075739394
b' ',2022-10-14 12:22:10,Who \xf0\x9f\x99\x84\xf0\x9f\x99\x84\xf0\x9f\x99\x84,0.022019593
b' ',2022-10-14 12:21:44,Cause it makes them seem more adult in they eyes,0.1587818
b' ',2022-10-14 11:29:24,Like he treats women like objects?,0.087141454
b' ',2022-10-14 11:11:01,Why?,0.05466281
b' ',2022-10-14 11:06:06,Real,-0.07974253
b' ',2022-10-14 10:46:58,I\xe2\x80\x99m telling the dean,-0.09770689
b' ',2022-10-14 10:43:43,What did I do to get on ur bad size tho \xf0\x9f\xa5\xba\xf0\x9f\xa5\xba\xf0\x9f\xa5\xba,0.10963883
b' ',2022-10-14 10:43:02,Nahhh ppl w respect u for standing up do it,0.020885153
b' ',2022-10-14 10:41:56,Every other white person,-0.007646433
b' ',2022-10-14 10:40:21,What about me tho \xf0\x9f\xa5\xba,0.037483938
b' ',2022-10-14 10:38:52,The cameras,0.05066544
b' ',2022-10-14 10:37:39,Alr just like me know then \xf0\x9f\x99\x8c\xf0\x9f\x99\x8c,-0.05833778
b' ',2022-10-14 10:37:19,Live close enough where stuff is walking distance or take a bus. If u can move out then I really suggest that u do to get that freedom ppl r always talkin about,0.06437071
b' ',2022-10-14 10:35:36,True \xf0\x9f\x99\x8c,-0.049627986
b' ',2022-10-14 10:34:38,Honestly good for u doing someone ur nervous about is a great way to getting ur confidence up \xf0\x9f\x98\x8a\xf0\x9f\x99\x8c,-5.673617e-06
b' ',2022-10-14 10:30:59,"Come onnnnn, this is basically nothing and you\xe2\x80\x99re gonna get more confidence cause of it too. I\xe2\x80\x99ll be right in the comment section arguing w the incels w u \xf0\x9f\x99\x8c",-0.03202064
b' ',2022-10-14 10:29:39,Make them mad by moving out,-0.0017580781
b' ',2022-10-14 10:28:57,I would but my accounts not old enough yet \xf0\x9f\x98\x94,0.053154733
b' ',2022-10-14 10:28:38,Ur 19 and they said it was too mature \xe2\x98\xa0\xef\xb8\x8f\xe2\x98\xa0\xef\xb8\x8f\xe2\x98\xa0\xef\xb8\x8f\xe2\x98\xa0\xef\xb8\x8f,0.08762325
b' ',2022-10-14 10:26:59,Do itttttttttttt,0.09053352
b' ',2022-10-14 10:25:32,Don\xe2\x80\x99t worry if u wanna find another one of him just make a post about how shit women are still treated \xf0\x9f\x99\x8c,-0.025902562
b' ',2022-10-14 10:24:34,Real \xf0\x9f\x98\x94,-0.09837264
b' ',2022-10-14 10:21:24,Did u study?,0.29568934
b' ',2022-10-14 10:21:03,Yeah same but it\xe2\x80\x99s been a bit since Iv seen one this sexist,0.047222972
b' ',2022-10-14 10:20:16,Some ppl smh,-0.026156465
b' ',2022-10-14 10:19:03,Damnit I missed the circus \xf0\x9f\x98\x94,0.09395315
b' ',2022-10-14 10:16:41,Omg u Hadda convo w him too \xf0\x9f\x98\xad\xf0\x9f\x98\xad\xf0\x9f\x98\xad\n\nwhat did he say to u,0.035956293
b' ',2022-10-14 10:13:28,Why a podcast tho,0.05766392
b' ',2022-10-14 09:54:29,it helps w the voices,0.10223292
b' ',2022-10-14 09:53:54,Addicted,0.12733628
b' ',2022-10-14 09:52:30,U too \xf0\x9f\xa4\xad\xf0\x9f\xa4\xad,0.04559903
b' ',2022-10-14 09:50:09,Iv been skipping everyday since august get on my lvl,0.023736577
b' ',2022-10-14 09:47:49,How u in uni and still acting like a child \xf0\x9f\x98\xad,0.09474383
b' ',2022-10-14 09:46:51,They\xe2\x80\x99re too busy dming me babes \xf0\x9f\x98\x8c,0.04532279
b' ',2022-10-14 09:34:44,Ha,0.05052788
b' ',2022-10-14 09:33:47,Go play red dead then,0.007520901
b' ',2022-10-14 09:33:08,Hating on an entire group of ppl is fun \xf0\x9f\x92\x83\xf0\x9f\x8f\xbc\xf0\x9f\x92\x83\xf0\x9f\x8f\xbc,0.083607465
b' ',2022-10-14 09:32:32,Shut up,0.078287534
b' ',2022-10-14 09:29:01,She\xe2\x80\x99s young she prob just thinks it\xe2\x80\x99s a good idea to wait a bit so she doesn\xe2\x80\x99t seem desperate,-0.023605367
b' ',2022-10-14 09:19:19,I\xe2\x80\x99m talking about only the ones who berate and hunt down women like prey,0.03994234
b' ',2022-10-14 09:17:41,"Dude if u get called a creep from every women you\xe2\x80\x99ve ever known it ain\xe2\x80\x99t your looks, it\xe2\x80\x99s ur demeanor and egocentric attitude that u got going on. Even if u were the hottest dude around u wouldn\xe2\x80\x99t be able to hold on to a women w the toxicity u radiate and spew, and the lvl of sexism u holler. That\xe2\x80\x99s why women think you\xe2\x80\x99re a creep and don\xe2\x80\x99t interact w u, cause they\xe2\x80\x99ve had to learn how to sniff out you shitlords a mile away.",0.04467906
b' ',2022-10-14 09:12:23,Finally something I agree with,0.034600347
b' ',2022-10-14 09:10:43,U don\xe2\x80\x99t get out much huh \xf0\x9f\x98\x81,0.0016618185
b' ',2022-10-14 09:07:48,\xf0\x9f\x91\xb4\xf0\x9f\x8f\xbb,0.038023636
b' ',2022-10-14 09:07:25,How much $ tho,0.08300541
b' ',2022-10-14 09:05:40,"Ok so I watched a video on it and yeah the age gap itself isn\xe2\x80\x99t too bad (tho it is pushing it), it\xe2\x80\x99s more of the whole power dynamic thing. This is literally what Carson did",0.09411228
b' ',2022-10-14 09:04:13,What\xe2\x80\x99s the facts then,-0.0016979193
b' ',2022-10-14 08:55:27,Dude that\xe2\x80\x99s an hour and 30 minutes long I just wanna know the basics of what happened \xe2\x98\xa0\xef\xb8\x8f,-0.02039462
b' ',2022-10-14 08:54:17,Praying to Satan rn \xf0\x9f\x99\x8f\xf0\x9f\x8f\xbb,0.0671078
b' ',2022-10-14 08:53:32,"Everything, let us learn what we wanna learn past middleschool",-0.07555292
b' ',2022-10-14 08:52:49,Omg please don\xe2\x80\x99t tell me all the posts tonight r gonna be bout him \xf0\x9f\x98\xad,0.020545358
b' ',2022-10-14 08:52:02,Can u dm me what\xe2\x80\x99s happening cause I have no clue,0.07456774
b' ',2022-10-14 08:51:10,Oh Alr thanks \xf0\x9f\x99\x8c,0.0076393764
b' ',2022-10-14 08:48:29,Yeah ik but wdym by dream grooming someone is possiblr??,0.0034699757
b' ',2022-10-14 08:47:34,Added logical. Didn\xe2\x80\x99t know this post was a fiction piece \xf0\x9f\x98\x8d,0.029378891
b' ',2022-10-14 08:45:59,Huh???,0.111582845
b' ',2022-10-14 08:44:40,Just post the controversial options that u actually believe,0.07738885
b' ',2022-10-14 08:42:24,"Omg jesus that\xe2\x80\x99s just fucked, women fear for their lives everyday just cause of all the predators that are out there like we need to stop this.",0.044555277
b' ',2022-10-14 08:39:03,This like men are the fucking worse most of them deserve to be inna cage,0.04639046
b' ',2022-10-14 08:37:15,\xf0\x9f\x98\x81,0.004937594
b' ',2022-10-14 04:08:43,Yeah I would just quit at that point,0.03390172
b' ',2022-10-14 04:05:14,"Imagine going onna social media and seeing your private messages posted for the world to see, sure the names blurred but u can recognize what u said earlier today and u know that ppl are talking about it",0.11269561
b' ',2022-10-14 04:03:35,This has to be satire right?,0.1273464
b' ',2022-10-14 03:58:17,Free golden shower \xf0\x9f\xa4\xa9,-0.01640717
b' ',2022-10-14 03:36:52,Eachother,-0.0150714945
b' ',2022-10-14 03:36:19,Worship it,0.10212521
b' ',2022-10-14 03:33:43,Some desk organizer thing then,0.008041812
b' ',2022-10-14 03:33:24,\xe2\x98\xa0\xef\xb8\x8f\xe2\x98\xa0\xef\xb8\x8f\xe2\x98\xa0\xef\xb8\x8f\xe2\x98\xa0\xef\xb8\x8f,-0.02810811
b' ',2022-10-14 03:32:09,Well I wouldn\xe2\x80\x99t say that,0.0484769
b' ',2022-10-14 03:28:18,\xf0\x9f\xa6\x97,-0.022757664
b' ',2022-10-14 03:27:54,Step one of how not to get a gf\n\n1. Make a post bout needing one,0.01771583
b' ',2022-10-14 03:25:45,Hm hm,0.05739402
b' ',2022-10-14 03:22:59,And what exactly did she do,0.11513063
b' ',2022-10-14 03:16:31,And u said in ur last post that she might like u right? Just give hints and see if she gives off any and if you\xe2\x80\x99re not sure just say that you kinda formed a thing for her but u wanna get rid of it and see how she responds.,0.11861892
b' ',2022-10-14 03:14:18,Bitch u can still be friends w her if u don\xe2\x80\x99t like her romantically what \xf0\x9f\x98\xad\xf0\x9f\x98\xad\xf0\x9f\x98\xad,0.03877248
b' ',2022-10-14 03:12:33,Why is my luck so bad?,0.19974598
b' ',2022-10-14 03:10:41,Should of kept this one in the vault fr,0.07127336
b' ',2022-10-14 03:09:55,It\xe2\x80\x99s u\n\nit always is,0.006057552
b' ',2022-10-14 03:08:41,Dude this really isn\xe2\x80\x99t non of our business and posting this for ppl to laugh at ya ex is just fucked up,-0.035116337
b' ',2022-10-14 03:07:38,Me except I do it on purpose,0.082495354
b' ',2022-10-14 03:02:53,Dating apps? Pride events?,0.105805025
b' ',2022-10-14 03:00:27,It\xe2\x80\x99s not even dark out smh,-0.0006491374
b' ',2022-10-14 02:54:28,If she likes someone else then no\n\nAlso did u really say le \xf0\x9f\x98\xad\xf0\x9f\x98\xad\xf0\x9f\x98\xad\xe2\x98\xa0\xef\xb8\x8f\xe2\x98\xa0\xef\xb8\x8f\xe2\x98\xa0\xef\xb8\x8f,0.07855408
b' ',2022-10-14 02:51:56,No this is def not apart of growing up this is straight up both mental and physical abuse \xf0\x9f\x98\xad,0.043769736
b' ',2022-10-14 02:49:14,You\xe2\x80\x99re paralyzed on one side of ya face,0.06546749
b' ',2022-10-14 02:47:43,U could of donated that to me and I would of done a hell of a lot more \xf0\x9f\xa5\xba,0.113226525
b' ',2022-10-14 00:30:02,Not me covering my phone camera while watching this,0.029516287
b' ',2022-10-13 22:29:05,Dude TW next time PLEASE,0.13937017
b' ',2022-10-13 22:27:04,That\xe2\x80\x99s his problem then u already told him there\xe2\x80\x99s nothing much else u can do,-0.102234624
b' ',2022-10-13 22:26:25,Omg ur bleeding r u ok?!????,0.0888778
b' ',2022-10-13 22:24:14,Just tell him the truth that u weren\xe2\x80\x99t ready for it the next time u 2 talk\n\nSo make sure u don\xe2\x80\x99t let ur bffs telling this dude where u live slide \xf0\x9f\x99\x8c\xf0\x9f\x99\x8c\xf0\x9f\x99\x8c,-0.037797745
b' ',2022-10-13 11:52:00,Equal,0.0026249588
b' ',2022-10-13 11:49:41,Bully the teachers,0.011154754
b' ',2022-10-13 11:44:37,"Yeah just ignore the smell, I have some rotten meat Iv been meaning to get rid of \xf0\x9f\x98\x81",0.16117525
b' ',2022-10-13 11:34:41,My place,0.043509416
b' ',2022-10-13 11:33:59,Pathetic,-0.086136445
b' ',2022-10-13 11:17:43,Too real \xf0\x9f\x98\xad,-0.0015111305
b' ',2022-10-13 11:14:48,We all do,0.022160243
b' ',2022-10-13 10:29:13,Yes,0.0320203
b' ',2022-10-13 10:28:11,See I knew u wouldn\xe2\x80\x99t lie to me \xf0\x9f\xa5\xb0,0.049526207
b' ',2022-10-13 10:27:48,"Damn, well I guess there\xe2\x80\x99s something I should tell u Zuko. Iv been bleaching my skin ever since Iv first met u, Iv just been so ashamed of who I really am I just didn\xe2\x80\x99t know what else to do. Can u ever forgive me",0.0050417576
b' ',2022-10-13 10:24:58,Yeah i think u should stop. This pill addiction of urs is Obv very upsetting to her to the point where she can\xe2\x80\x99t even be in the same room as u. Get better man,0.15143014
b' ',2022-10-13 10:23:57,Send all the creeps that dm u my way I\xe2\x80\x99m trying to make a living over hear \xf0\x9f\x99\x8c\xf0\x9f\x99\x8c,0.0046962034
b' ',2022-10-13 10:22:38,But I want ur $ \xf0\x9f\xa5\xba,0.0064930115
b' ',2022-10-13 10:22:08,"You\xe2\x80\x99ll find a way, just don\xe2\x80\x99t do the video cause what if she sends it to her friends who sends it to their friends and it might become the laughing stock of the school for a week or so",0.011654407
b' ',2022-10-13 10:20:59,"Yeah we\xe2\x80\x99ve known eachother since we\xe2\x80\x99ve both came out the womb at the exact same time but Tyler, you\xe2\x80\x99ve been changing. Like I don\xe2\x80\x99t even really know who u are anymore, and I\xe2\x80\x99m just really worried",0.005371255
b' ',2022-10-13 10:19:48,Then write a letter and put it in her locker or her bag when she\xe2\x80\x99s not looking,-0.010948325
b' ',2022-10-13 10:18:42,B-but why would he do something like that \xf0\x9f\xa5\xba\xf0\x9f\xa5\xba\xf0\x9f\xa5\xba,0.036851343
b' ',2022-10-13 10:18:10,I really don\xe2\x80\x99t Tristan and that\xe2\x80\x99s the problem,-0.047559965
b' ',2022-10-13 10:17:36,But\xe2\x80\xa6 he said u can \xf0\x9f\xa5\xba,0.021831147
b' ',2022-10-13 10:17:12,Why cant u just show her how much u care in person?,0.14003858
b' ',2022-10-13 10:16:24,Classic Trevor,0.0055122552
b' ',2022-10-13 10:15:42,Now I want one \xf0\x9f\x99\x81,0.048321426
b' ',2022-10-13 10:14:01,"My name is literally on my pfp, you\xe2\x80\x99re so shallow u don\xe2\x80\x99t even know the ppl who u attack and assault\n\nWhat the hell is wrong w u derik",-0.015813544
b' ',2022-10-13 10:12:18,Totally,0.024074513
b' ',2022-10-13 10:11:10,U can do that?,0.07835081
b' ',2022-10-13 10:10:10,Urs,0.020873241
b' ',2022-10-13 10:07:45,Hiphop,-0.059472173
b' ',2022-10-13 10:07:20,Omg u used the thx thanks I haven\xe2\x80\x99t seen that shit since the Skype days \xf0\x9f\x98\xad\xf0\x9f\x99\x8c,0.015638504
b' ',2022-10-13 10:04:44,For?,0.054783978
b' ',2022-10-13 10:03:48,The hair \xf0\x9f\x98\xa9\xf0\x9f\x99\x8c\xf0\x9f\x99\x8c\xf0\x9f\x99\x8c\xf0\x9f\x99\x8c\xf0\x9f\x99\x8c,0.036963616
b' ',2022-10-13 10:03:17,Nah my shit ain\xe2\x80\x99t free,-0.011620464
b' ',2022-10-13 10:02:51,Boy what did u take just say it I ain\xe2\x80\x99t gonna tell ya momma,0.017595675
b' ',2022-10-13 10:00:48,Mines better,0.050221298
b' ',2022-10-13 10:00:11,What can\xe2\x80\x99t?,0.00014702929
b' ',2022-10-13 09:58:44,"I get that but also ppl feel the same way about trans ppl, but some changed their mind when they talked to a trans person to person and realized that they\xe2\x80\x99re just human beings just like the rest of us",-0.024996208
b' ',2022-10-13 09:56:41,"Alright good, let me know if there\xe2\x80\x99s any updates \xf0\x9f\x99\x8c",0.04165286
b' ',2022-10-13 09:55:58,"Yeah I would speak w someone so the trauma doesn\xe2\x80\x99t effect u down the road\n\nAnd for the reason why someone could ever commit suicide it\xe2\x80\x99s more like the feeling that you can never get better and that no one could ever help you and you\xe2\x80\x99re gonna be stuck being depressed forever, but that\xe2\x80\x99s never really the case in actuality",0.022160735
b' ',2022-10-13 09:53:15,I would check w your counselor and see if that\xe2\x80\x99s the same option w u before u do anything,0.12776107
b' ',2022-10-13 09:52:33,"Ok so trans ppl basically wanna change their sex to male or female to fit w what their brain feels is right right? Well that\xe2\x80\x99s basically what neopronouns are doing but instead of changing sex and maybe altering how they look, they just change how they are referred to as and dress and act however their brain believes that their pronoun should dress and act. Now do u get it?\n\nMaybe look up a video about ppl using pronouns idk how I can explain it more. It\xe2\x80\x99s a feeling that this is right in the persons head, that this is who I truly am.",0.0093827015
b' ',2022-10-13 09:48:51,Yeah do whatever u can don\xe2\x80\x99t waste the years uv already had going to this place just to drop out and have to do it all over again later \xf0\x9f\x99\x8c\xf0\x9f\x99\x8c,0.019246193
b' ',2022-10-13 09:47:12,I really think it\xe2\x80\x99s just the trolls and shitbags who are ruining your view on this. Like I don\xe2\x80\x99t identify w neopronouns myself but I understand how it\xe2\x80\x99s just another way to identify yourself and how to be more true to u.,-0.01295208
b' ',2022-10-13 09:44:46,U can be allergic to paint what \xf0\x9f\x98\xad,0.06720824
b' ',2022-10-13 09:44:15,Twins,0.06983504
b' ',2022-10-13 09:43:46,\xf0\x9f\x98\xa2,-0.048661523
b' ',2022-10-13 09:43:19,"Damnn I\xe2\x80\x99m sorry, is there any ways to drop, get in a different class? Maybe talk to your counselor about this and see what they can do.",0.05646841
b' ',2022-10-13 09:41:57,THATS IN EUROPE I WAS CLOSE,0.060672637
b' ',2022-10-13 09:41:32,"Okay maybe u don\xe2\x80\x99t get it but w pronouns someone might change it cause they don\xe2\x80\x99t identify the ones that match their body. They don\xe2\x80\x99t feel that that label is them and these ppl feel the same way and they think that z/zed etc fits them the best. They don\xe2\x80\x99t think that they r really cats or beavers or whatever, like not at all it\xe2\x80\x99s just a pronoun that they resonate with. U get me?",-0.038124017
b' ',2022-10-13 09:39:18,I saw a scarf and I assumed,0.12231913
b' ',2022-10-13 09:39:04,Damn Alr\n\nAlso do u even like what you\xe2\x80\x99re learning to be in the future like that should bring u some lvl of happiness,0.08165019
b' ',2022-10-13 09:36:59,Brits \xf0\x9f\xa4\xa2,0.010648222
b' ',2022-10-13 09:36:42,Yeah but uni isn\xe2\x80\x99t necessarily tho right? It\xe2\x80\x99s just for certain jobs who needs those extra years to learn,0.04177108
b' ',2022-10-13 09:35:31,"If ure trans then u should understand how shitty it feels when someone mislabels and uses the wrong pronouns, and how it just sort of feels right when u go by he, her, they, etc. Yeah I understand how it seems a little far fetched and that\xe2\x80\x99s imo mostly cause of the ppl making fun of pronouns, like those r the ppl using the animals. But it\xe2\x80\x99s just a feeling, and if u look past the oddness u would see that.",-0.0020079203
b' ',2022-10-13 09:31:19,Wait r u doing uni after college too like is that necessary for what u wanna do assa career?\n\nAlso you\xe2\x80\x99re kinda already in deep my advice to u is find a hobby or something that isn\xe2\x80\x99t school related so u can more deal w the rest of it. Ik how u feel and it\xe2\x80\x99s tough but find outlets that\xe2\x80\x99ll make u happy and just push thru \xf0\x9f\x99\x8c\xf0\x9f\x99\x8c,0.045226067
b' ',2022-10-13 09:28:49,It\xe2\x80\x99s 12:28 for me tho,-0.04265394
b' ',2022-10-13 09:26:43,Well it\xe2\x80\x99s 12:26 for me,-0.0075992094
b' ',2022-10-13 09:24:17,First off how many years have u already been there for,0.19748321
b' ',2022-10-13 09:22:51,Why\xe2\x80\x99d they put a the infront of the word \xf0\x9f\x98\xad\xf0\x9f\x98\xad\xf0\x9f\x98\xad\xf0\x9f\x98\xad\xf0\x9f\x98\xad,0.0025301296
b' ',2022-10-13 09:21:52,It\xe2\x80\x99s 12:21 am,-0.032664657
b' ',2022-10-13 09:17:43,Are u sure it\xe2\x80\x99s a yeast infection tho? Like do u have any of the other symptoms,0.16763818
b' ',2022-10-13 09:08:15,"He\xe2\x80\x99s also a sexist like did u see the misogynistic shit he put in fairly odd parents, a kids show that is very impressionable to the ppl watching",0.046194922
b' ',2022-10-13 09:07:21,Well that\xe2\x80\x99s not that bad mr,0.0024642302
b' ',2022-10-13 09:06:51,If I could remember properly I bet I had abunch too \xf0\x9f\x98\xad\xf0\x9f\x99\x8c\xf0\x9f\x99\x8c,0.09967542
b' ',2022-10-13 09:06:16,Dm me a pic \xf0\x9f\x99\x8c,0.012251433
b' ',2022-10-13 09:05:52,Maybe they\xe2\x80\x99re just trying to be cute idk\n\nOr they just really hate ya first name\n\nWhat\xe2\x80\x99s ya first name bud \xf0\x9f\x99\x84,0.0077308826
b' ',2022-10-13 09:05:02,That was my shit whenever that game was popular \xf0\x9f\x99\x8c\xf0\x9f\x99\x8c,0.10525912
b' ',2022-10-13 09:01:15,18,0.013024725
b' ',2022-10-13 09:00:27,Unturned tho \xf0\x9f\x98\xa9\xf0\x9f\x99\x8c,-0.07505067
b' ',2022-10-13 08:57:20,Me,0.071762696
b' ',2022-10-13 08:55:02,Done \xf0\x9f\x98\x8c,0.009614278
b' ',2022-10-13 08:54:13,It\xe2\x80\x99s getting better,-0.05565759
b' ',2022-10-13 08:42:26,The Idiocracy movie was literally based off of u,0.10541549
b' ',2022-10-13 08:41:49,"Oh #27 alright tell me, how many sexual positions have u been in in the past month \xf0\x9f\xa4\x93\xf0\x9f\xa4\x93\xf0\x9f\xa4\x93\xf0\x9f\xa4\x93",0.18285084
b' ',2022-10-13 08:40:42,"Who sent u it tho? \n\nCause if it was ya father or something then no, don\xe2\x80\x99t do it",0.061181664
b' ',2022-10-13 08:39:41,Go off?,0.038773745
b' ',2022-10-13 08:39:15,\xf0\x9f\x98\xad,-0.043395273
b' ',2022-10-13 08:38:31,It\xe2\x80\x99s prob cause u know my bestie u/pissinmyleftshoe,-0.028349431
b' ',2022-10-13 08:37:11,I prefer the term bitch thank u very much,0.07440947
b' ',2022-10-13 08:31:37,Criminal,-0.009786522
b' ',2022-10-13 08:29:17,The fuzz is a little too realistic ngl,0.074886814
b' ',2022-10-13 07:50:09,At the end of the day???\n\nBro I always wake up feeling disgusting then a morning shower freshens me up I don\xe2\x80\x99t get u night shower ppl,0.040599532
b' ',2022-10-13 07:49:10,I stubbed mine twice\n\nGet on my lvl,0.04371715
b' ',2022-10-13 05:03:42,\xf0\x9f\xa6\xa4,0.0027065044
b' ',2022-10-13 04:56:06,Sure Idc,0.07288924
b' ',2022-10-13 04:55:26,ASAP Rocky tho \xf0\x9f\x98\xa9\xf0\x9f\x98\xa9\xf0\x9f\x98\xa9\xf0\x9f\x98\xa9\xf0\x9f\x98\xa9,-0.06083649
b' ',2022-10-13 04:55:09,Yes,0.0320203
b' ',2022-10-13 04:52:42,Real,-0.07974253
b' ',2022-10-13 04:52:01,\xf0\x9f\x98\xb9,-0.01642376
b' ',2022-10-13 04:51:39,The drip tho \xf0\x9f\x98\x8d\xf0\x9f\x98\x8d\xf0\x9f\x98\x8d\xf0\x9f\x99\x8c\xf0\x9f\x99\x8c\xf0\x9f\x99\x8c\xf0\x9f\x99\x8c,0.06211931
b' ',2022-10-13 04:50:51,Just dress like dahmer but without the glasses and that\xe2\x80\x99s basically me,0.03545402
b' ',2022-10-13 04:49:34,Me,0.071762696
b' ',2022-10-13 04:49:13,U didn\xe2\x80\x99t have to put the pride flags like we can literally tell w that perfectly shaved beard,0.029918477
b' ',2022-10-13 04:48:01,"Literally me, just get off the phone and pretend to sleep till u actually do",0.037765358
b' ',2022-10-13 04:46:44,Then just sleep smh some ppl,0.057851955
b' ',2022-10-13 04:46:01,Another useless ass fact that\xe2\x80\x99s now I\xe2\x80\x99m my brain taking up space,0.027546939
b' ',2022-10-13 04:45:10,\xf0\x9f\x99\x84,-0.019204816
b' ',2022-10-13 04:42:59,Go finish ya laundry,0.059038427
b' ',2022-10-13 04:42:50,\xe2\x98\xa0\xef\xb8\x8f\xe2\x98\xa0\xef\xb8\x8f\xe2\x98\xa0\xef\xb8\x8f\xe2\x98\xa0\xef\xb8\x8f,-0.02810811
b' ',2022-10-13 04:42:31,She\xe2\x80\x99s just jealous how u can get more men than her don\xe2\x80\x99t listen to her babes \xf0\x9f\x98\x8c\xf0\x9f\x99\x8c,-0.012295272
b' ',2022-10-13 04:41:32,Some ppl \xf0\x9f\x98\xad,-0.043534137
b' ',2022-10-13 04:35:30,Hey honestly I wish u the best go at it girl \xf0\x9f\x99\x8c,0.06113932
b' ',2022-10-13 04:34:22,And u know this how \xf0\x9f\x99\x84,0.02064282
b' ',2022-10-13 04:32:34,Bitch what,0.081446394
b' ',2022-10-13 04:29:14,Ice Cube ain\xe2\x80\x99t gonna be too happy yeah,0.048174575
b' ',2022-10-13 04:28:06,Horrible,0.027551133
b' ',2022-10-13 04:27:07,They should really be following me instead,0.105019525
b' ',2022-10-13 04:21:13,If he already treats u like a side who doesn\xe2\x80\x99t really matter and doesn\xe2\x80\x99t wanna take up his time then he\xe2\x80\x99s not worth\n\nAlso if ya wanna talk dm I got a shit ton of drama I can spill bout me \xf0\x9f\x99\x8c,-0.009508922
b' ',2022-10-13 04:18:18,Powered,0.072508544
b' ',2022-10-13 04:17:48,How oddly specific,0.061866958
b' ',2022-10-13 04:16:37,I don\xe2\x80\x99t think he\xe2\x80\x99s worth it he\xe2\x80\x99s constantly taking hours to get back to u,-0.044611357
b' ',2022-10-13 04:14:29,Nah,0.060355812
b' ',2022-10-13 04:14:16,?,0.07159174
b' ',2022-10-13 04:13:52,But why tho?,0.050165042
b' ',2022-10-13 04:08:08,This is why I don\xe2\x80\x99t even try to explain shit,-0.010143494
b' ',2022-10-13 04:07:20,This is considered style?\n\nEdit: sorry that was a bit mean my bad \xf0\x9f\x98\xad,0.0860647
b' ',2022-10-13 04:06:13,She deserved it,0.07167136
b' ',2022-10-13 04:02:26,They all look good ngl,0.05952227
b' ',2022-10-12 13:43:43,I\xe2\x80\x99ll literally do badddddd things to u and ur family if u don\xe2\x80\x99t,0.022953823
b' ',2022-10-12 13:42:59,The fit tho \xf0\x9f\x98\xa9\xf0\x9f\x99\x8c\xf0\x9f\x99\x8c\xf0\x9f\x99\x8c\xf0\x9f\x99\x8c,0.067129135
b' ',2022-10-12 13:42:39,Nah,0.060355812
b' ',2022-10-12 13:42:00,Still I wish I didn\xe2\x80\x99t know that,0.059979945
b' ',2022-10-12 13:36:12,Kill ya parents yes just dump the bodies in a part of the sea where the current pushes the body to a different part of the world,0.03621701
b' ',2022-10-12 13:34:55,No ya not that my uncle Greg\xe2\x80\x99s place,0.03366769
b' ',2022-10-12 13:29:40,Didn\xe2\x80\x99t have to fucking spoil a bit of it jeez,0.06548306
b' ',2022-10-12 13:16:35,Atleast u got us \xf0\x9f\x98\x8d,-0.06966967
b' ',2022-10-12 13:16:00,"I was boutta say if u manufacturer them or something. Omg if u could work in any manufacturing job where u make one thing, what do u think would be the best thing to make",0.08774734
b' ',2022-10-12 13:15:03,Why do ppl use the weather app like girl just look out the window,0.053536788
b' ',2022-10-12 13:14:04,Yes and u weren\xe2\x80\x99t in it,0.021101337
b' ',2022-10-12 13:13:39,Hey don\xe2\x80\x99t attack my lawyer let him be,-0.057398885
b' ',2022-10-12 13:13:16,Damnnn it must be early for u what is it like 7-8,0.14145175
b' ',2022-10-12 13:12:58,Sorry boo I won\xe2\x80\x99t next time \xf0\x9f\xa5\xba,0.04002735
b' ',2022-10-12 13:12:29,\xf0\x9f\x98\xb9\xf0\x9f\x98\xb9\xf0\x9f\x98\xb9\xf0\x9f\x98\xb9\xf0\x9f\x98\xb9\xf0\x9f\x98\xb9 not u making me laughing at 4 am,-0.0002724547
b' ',2022-10-12 13:11:58,Awwwwww babe I love u toooooo \xf0\x9f\xa5\xb0\xf0\x9f\xa5\xb0\xf0\x9f\xa5\xb0\xf0\x9f\x99\x8c\xf0\x9f\xab\xb6,0.057093747
b' ',2022-10-12 13:11:36,No wonder you\xe2\x80\x99re still hear,0.059362665
b' ',2022-10-12 13:11:20,Me telling my demon pal to look for u,0.034171075
b' ',2022-10-12 13:10:45,Ya not gonna have that attitude when you\xe2\x80\x99re inna carcrash and I\xe2\x80\x99m the only one around to save u,-0.06366353
b' ',2022-10-12 13:10:08,Thanks my bestie gave it to me \xf0\x9f\x98\x8c,0.03968157
b' ',2022-10-12 13:09:52,\xf0\x9f\x98\xad\xf0\x9f\x98\xad\xf0\x9f\x98\xad\xf0\x9f\x98\xad\xf0\x9f\x98\xad\n\nngl Iv always wanted to get tazed like I should start  doing some crimes to get the cops after me,-0.050706
b' ',2022-10-12 13:08:38,Currently not giving a fuck,-0.008254206
b' ',2022-10-12 13:08:22,I hate this,0.04922023
b' ',2022-10-12 13:07:37,"Alr Alr good, was boutta unplug for a second",0.053137723
b' ',2022-10-12 13:07:18,\xf0\x9f\x98\xad\xf0\x9f\x98\xad\xf0\x9f\x98\xad\xf0\x9f\x98\xad\n\nUs skinny bitches gotta stick together \xf0\x9f\x92\x83\xf0\x9f\x8f\xbc\xf0\x9f\x92\x83\xf0\x9f\x8f\xbc\xf0\x9f\x92\x83\xf0\x9f\x8f\xbc,0.02659094
b' ',2022-10-12 13:06:16,What u stutter and u cant hear for shit? Didn\xe2\x80\x99t know I was talking to the new helen Keller,0.08762858
b' ',2022-10-12 13:05:14,I can\xe2\x80\x99t say it I\xe2\x80\x99ll get banned\n\nAlso I got the pass for it I\xe2\x80\x99m a f\xe2\x80\x94 myself,-0.0058119684
b' ',2022-10-12 13:04:40,Ik like ur a little too similar \xf0\x9f\x98\xad\xf0\x9f\x98\xad\xf0\x9f\x98\xad,0.008058507
b' ',2022-10-12 13:04:07,Bitch that\xe2\x80\x99s what Iv been saying dawg,0.02344
b' ',2022-10-12 13:03:44,Making me believe I\xe2\x80\x99m inna simulation and you\xe2\x80\x99re my accidental clone rn\n\nIf ur name starts w a D or S and live in cali I swear,-0.02306272
b' ',2022-10-12 13:02:39,Av is like 250 but some brands go up to 400 for a single slice like bitch how \xf0\x9f\x98\xad\xf0\x9f\x98\xad\xf0\x9f\x98\xad\n\nAlso I got ocd so I don\xe2\x80\x99t really eat that greasy ass shit but upside down does seem hella sick \xf0\x9f\x99\x8c,0.15051277
b' ',2022-10-12 13:01:25,Shut uppppp you\xe2\x80\x99re literally me \xf0\x9f\x98\xad\xf0\x9f\x98\xad\xf0\x9f\x98\xad\xf0\x9f\x98\xad\xf0\x9f\x98\xad\xf0\x9f\x98\xad\xf0\x9f\x98\xad,-0.019891521
b' ',2022-10-12 13:00:40,Shut up this is literally me bitch what the fuck is me name and where do I live,0.06012796
b' ',2022-10-12 12:59:39,I am the American Psycho \xf0\x9f\xa4\x93,0.08851153
b' ',2022-10-12 12:58:58,Cute glasses \xf0\x9f\x99\x8c\xf0\x9f\x99\x8c,0.026698614
b' ',2022-10-12 12:58:28,U sound 5,0.06510451
b' ',2022-10-12 12:58:00,Thanks babes \xf0\x9f\x98\x98,-0.015894413
b' ',2022-10-12 12:57:48,Get new lips those ones expired or some shit\n\nAlso pizza has soo much fucking calories like ahve u looked that shit up its isnane,0.34996587
b' ',2022-10-12 12:56:50,Gimme the site u used this looks too good,0.09028035
b' ',2022-10-12 12:55:56,This is why I literally can\xe2\x80\x99t read\n\nLike I never understand what I do be reading either it sucks,0.07575504
b' ',2022-10-12 12:55:48,YESSSSSSSSSS OMG AND WHEN ITS LIKE IN ENGLISH CLASS AND U GET CALLED TO RESD INFRONT OF EVERYONE CAUSE YA TEACHERS A CUNT BUT U CANT REFUSE SO U DO IT AND YOURE FOCUSING SO FUCKIN HARD ON THAT SENTENCE CAUSE U DONT WANNA LOOSE IT BUT U ALWAYS DO ATLEAST ONCE,-0.0009603668
b' ',2022-10-12 12:54:35,"Sure, don\xe2\x80\x99t beleive ya, Lie much?",0.06996107
b' ',2022-10-12 12:54:12,Literally sounds like something I would do,0.10391854
b' ',2022-10-12 12:53:29,It took u an hr to respond bitch u slower than a tortoise,0.056433707
b' ',2022-10-12 12:53:02,Idk ask a doctor,-0.02550052
b' ',2022-10-12 12:52:43,What like physically? Cause I can\xe2\x80\x99t see for shit Iv been meaning to get an eye appointment lkke iv told my mom so many times but her brain doesn\xe2\x80\x99t think it\xe2\x80\x99s important enough to remember and like at this point I\xe2\x80\x99m just tired of telling her,0.10188323
b' ',2022-10-12 12:51:31,He\xe2\x80\x99s pretty he deserves to be loved (no he doesn\xe2\x80\x99t),-0.013826302
b' ',2022-10-12 12:50:36,"Sucks, can\xe2\x80\x99t help u",0.057266705
b' ',2022-10-12 12:50:04,My bestie u/pissinmyleftshoe gave me it ask her,0.027423397
b' ',2022-10-12 12:49:28,"I\xe2\x80\x99m literally like that too at times and u just gotta role w it and make it apart of ya personality, and for the more serious moments u can just go over what u said and correct it before u send it out. Like I literally have formed a way to mostly type really fast and correct my mistakes cause yeah I have. Abunch but I mostly fix them and where am I going with thsi just be more like me ig \xf0\x9f\x98\x8c",-0.020104375
b' ',2022-10-12 12:46:26,Um \n\nHow about no \xf0\x9f\x98\x87,0.03708817
b' ',2022-10-12 12:46:00,Awwwwwwwwwwwwwww\n\nI\xe2\x80\x99m literally gonna hunt down and burn ya boyfriend to the ground if he hurts u in any way \xf0\x9f\x98\xa4 \n\nUr lighting the stake Ofc,-0.03037401
b' ',2022-10-12 12:44:43,Real,-0.07974253
b' ',2022-10-12 12:44:19,Cause you seem older? Seems obv to me,0.26815242
b' ',2022-10-12 12:43:37,"Ya overthinking it, just go talk",0.11334984
b' ',2022-10-12 12:43:02,Wait what who actually asks this and who responds w yes let\xe2\x80\x99s go watch some together this is literally a simulation,0.013352243
b' ',2022-10-12 12:41:01,\xf0\x9f\x98\xad\xf0\x9f\x98\xad\xf0\x9f\x98\xad\xf0\x9f\x98\xad my parents be thinking I\xe2\x80\x99m on drugs at times even tho it\xe2\x80\x99s just my brain,0.15878601
b' ',2022-10-12 12:40:10,Have immaculate fuckingn taste,0.20331223
b' ',2022-10-12 12:39:47,I literally have social anxiety too but talking online has helped soo much like yeah if they don\xe2\x80\x99t reach out it sucks like I would literally just say nothing and ignore when they ask u for favors and see how long it goes. Don\xe2\x80\x99t overthink it just comment on some dudes fit and start from there \xf0\x9f\x99\x8c,0.07682112
b' ',2022-10-12 12:38:13,I love u,0.115358084
b' ',2022-10-12 12:37:54,Spread that puss,0.04956589
b' ',2022-10-12 12:37:38,\xf0\x9f\xab\xb6,0.014354749
b' ',2022-10-12 12:36:57,UES OMG ONCE THIS DUDE ASKED ME IF HE SMELLED LIKE WEED WHEN WE WERE LATE TO CLASS AND I JUST SAID HE WAS GOOD RVEN THO MY CLOSE LITERALLY WAS OUTTA ORDER \xf0\x9f\x98\xad\xf0\x9f\x98\xad\xf0\x9f\x98\xad\xf0\x9f\x98\xad\xf0\x9f\x98\xad,0.06643429
b' ',2022-10-12 12:36:00,"Nahhhh give these ones a chance ur overthinking\n\nTrust me, don\xe2\x80\x99t be mean but don\xe2\x80\x99t let it slide",0.12690222
b' ',2022-10-12 12:35:19,Noooooooooooo honestly they\xe2\x80\x99re not real friends if they don\xe2\x80\x99t hear u go onna tyrant on how what the best sea animal on land would be or whatever,-0.044563577
b' ',2022-10-12 12:34:04,Nah she\xe2\x80\x99s just by bestie,-0.07945208
b' ',2022-10-12 12:33:46,Damn I haven\xe2\x80\x99t even realized \xf0\x9f\x98\xad\n\nIv been commenting on every post too like my thumbs are working overtime no pay rn,0.053499147
b' ',2022-10-12 12:33:05,"U shouldn\xe2\x80\x99t brush aside those things cause then she\xe2\x80\x99s gonna maybe do it again like I really think u should tell her that u didn\xe2\x80\x99t appreciate it, don\xe2\x80\x99t brush aside things and say it was nothing when it def wasn\xe2\x80\x99t nothing",0.011857823
b' ',2022-10-12 12:32:01,ARE U LITERALLY ME OR SOMETHING I HAVE THE SAME ISSUE PLUSSSSSS I HAD ASHMA FOR A BIT SO MY THOAT WOULD GET ALL SOAR AND STIFF AND MY GYM TEACHERS WERE LITERALLY TORTURING ME BT MAKING ME RUN,0.10437841
b' ',2022-10-12 12:31:00,No way u did not just give someone a concussion \xf0\x9f\x98\xad\xf0\x9f\x98\xad\xf0\x9f\x98\xad\xf0\x9f\x98\xad\xf0\x9f\x98\xad\xf0\x9f\x98\xad the worst thing Iv prob giving to someone was a migraine listening to my bullshit and general insanity,0.1292547
b' ',2022-10-12 12:29:50,That\xe2\x80\x99s so me \xf0\x9f\x98\x8c,-0.027612261
b' ',2022-10-12 12:29:34,My piss is basically water babe \xf0\x9f\x98\xa9,-0.039709777
b' ',2022-10-12 12:29:08,"Maybe text her that she shouldn\xe2\x80\x99t have said it infront of everyone, let her know what she did was wrong but I also think she kind of wants to help u so if she apologizes then u should accept it and tell u that u understand that you\xe2\x80\x99re a little anxious socially and see if she can help or something",0.058896534
b' ',2022-10-12 12:27:08,Boutta juice myself just for u bro \xf0\x9f\x98\x8d\xf0\x9f\x99\x8c,0.08279894
b' ',2022-10-12 12:26:47,Literally me but I can\xe2\x80\x99t breathe for shit when I run,0.047313176
b' ',2022-10-12 12:25:41,"\xf0\x9f\x98\xad\xf0\x9f\x98\xad\xf0\x9f\x98\xad\xf0\x9f\x98\xad\xf0\x9f\x98\xad I bet he says that to everyone liek ppl must seem so small to him. Omg I wonder what a kindergartener looks like to him or an elementary kid, I bet it\xe2\x80\x99s like when you\xe2\x80\x99re on a plane that\xe2\x80\x99s taking off and all the cars and ppl look like cute lil ants",0.068798035
b' ',2022-10-12 12:24:32,Awwwwww omg this is just horrible I\xe2\x80\x99m sorry\n\nWas it like said in a negative way or were they actually saying it as a way for u to reconize and fix the issue?,0.06599187
b' ',2022-10-12 12:22:58,\xf0\x9f\x98\xad\xf0\x9f\x98\xad\xf0\x9f\x98\xad gym is so dumb bro like can\xe2\x80\x99t we just play dodgeball like why do we gotta do all this boring just plain running shit like come on,-0.031285945
b' ',2022-10-12 12:21:52,Exactly which means someone always has it and deleted it,0.0637252
b' ',2022-10-12 12:21:33,It\xe2\x80\x99s really easy to influence the simple minded ppl huh,0.087414846
b' ',2022-10-12 12:20:46,Real,-0.07974253
b' ',2022-10-12 12:20:03,Say u like Fight Club,0.14106305
b' ',2022-10-12 12:18:44,u/pissinmyrightshoe,0.039670087
b' ',2022-10-12 12:18:32,Oh I remember doing that in gym but it was never for some test OH WAIT NVM MAYBE IT WAS \nOr was it,0.093351774
b' ',2022-10-12 12:17:52,Good to know?,0.121951826
b' ',2022-10-12 12:17:17,She\xe2\x80\x99s just flirting w u \xf0\x9f\x98\x8d,-0.04885634
b' ',2022-10-12 12:16:44,"6\xe2\x80\x995 Jesus \xf0\x9f\x98\xad\xf0\x9f\x98\xad\xf0\x9f\x98\xad\xf0\x9f\x98\xad\xf0\x9f\x98\xad\xf0\x9f\x98\xad, atleast he scares away the other big dudes \n\nIt\xe2\x80\x99s good to have a mutant on ya side the more I think about it, like imagine all the things he can reach",0.046602298
b' ',2022-10-12 12:15:21,Literally me like 2-3 days ago,0.04776254
b' ',2022-10-12 12:14:50,YES,0.05196286
b' ',2022-10-12 12:14:24,Beeps????,0.095076196
b' ',2022-10-12 12:13:56,thanks my bestie u/pissinmyleftshoe gave it to me \xf0\x9f\x98\x8c,0.028304234
b' ',2022-10-12 12:13:12,Nahhh it\xe2\x80\x99s def my memeory like I can barely think or memorize like wtf did I even do today,-0.0038756086
b' ',2022-10-12 12:12:32,that ain\xe2\x80\x99t ur friend that bitch is a giant,-0.037260056
b' ',2022-10-12 12:10:36,Dahmer is the only right answer here,0.047935415
b' ',2022-10-12 12:09:55,We\xe2\x80\x99re literally unbeatable in thumb wars\n\nUnless we get distracted by a butterfly or some shit,0.01654576
b' ',2022-10-12 12:09:27,\xf0\x9f\xab\xb6,0.014354749
b' ',2022-10-12 12:09:15,Oh wait the pacer test had running to yeah nvm I did that in middle school that shit was the worst. I think I got like a 18 second on either the 100 or 200 meter like idk,0.022516796
b' ',2022-10-12 12:08:09,YESSSSSSSSSSSSSSSSS\xf0\x9f\xa5\xb3\xf0\x9f\xa5\xb3\xf0\x9f\xa5\xb3\xf0\x9f\xa5\xb3\xf0\x9f\xa5\xb3\xf0\x9f\xa5\xb3\xf0\x9f\xa5\xb3\xf0\x9f\xa5\xb3\xf0\x9f\x91\x8f\xf0\x9f\x91\x8f\xf0\x9f\x91\x8f\xf0\x9f\x91\x8f\xf0\x9f\x91\x8f\xf0\x9f\x99\x8c\xf0\x9f\x99\x8c\xf0\x9f\x99\x8c\xf0\x9f\x99\x8c\xf0\x9f\x99\x8c\xf0\x9f\x99\x8c\xf0\x9f\x99\x8c\n\nI am soo proud of u \xf0\x9f\xa5\xb9,0.106898725
b' ',2022-10-12 12:07:36,Nightttttttttt,0.026450329
b' ',2022-10-12 12:07:03,Um wait what happened Ik u I think,0.10087462
b' ',2022-10-12 12:06:27,Literally \xf0\x9f\x98\xb9\xf0\x9f\x98\xb9\xf0\x9f\x98\xb9\xf0\x9f\x98\xb9,-0.025686288
b' ',2022-10-12 12:06:14,It\xe2\x80\x99s only 5 make a post about ya sleep when it\xe2\x80\x99s late,-0.002236789
b' ',2022-10-12 12:05:41,Night?,0.13571003
b' ',2022-10-12 12:05:23,OMGOMGOMG the pacer test I forgot about that bro like that shit ended in elementary for me,0.09261884
b' ',2022-10-12 12:04:13,I Literally had no clue and omg I love it when my thumbs just go ham on the fucking keyboard like I\xe2\x80\x99m boutta be slashed and dashed in a second and. I gotta type out my entire will,0.02911427
b' ',2022-10-12 12:02:45,Literally \xf0\x9f\x98\xad\xf0\x9f\x98\xad\xf0\x9f\x98\xad\xf0\x9f\x98\xad the commoners just don\xe2\x80\x99t get our amazing energy fr,-0.09074983
b' ',2022-10-12 12:00:34,Just cause she has an onlyfans??? Like it\xe2\x80\x99s literally just a career let her be,0.0040394547
b' ',2022-10-12 11:59:40,Yeah ig not,0.087351575
b' ',2022-10-12 11:58:59,Shiiiiiiiiii man I thought that was just my reflection\n\nMy bad b,0.035339076
b' ',2022-10-12 11:58:33,Ok nvm u gotta onlyfans \n\nGoodluck getting that $$$ girl \xf0\x9f\x99\x8c,0.026216976
b' ',2022-10-12 11:57:14,IK ITS LITERALLY THE BEST IDK WHAT CAUSES IT OR WHAR WE GOT IS UNIQUE BUT I LOVE IT,0.010031333
b' ',2022-10-12 11:55:55,Hii\n\nWho I\xe2\x80\x99m actually talking to - \xf0\x9f\x91\xb4\xf0\x9f\x8f\xbb,-0.0010592956
b' ',2022-10-12 11:55:29,What r we conjointed twins or something,0.14825031
b' ',2022-10-12 11:53:14,The rest of u,0.061847128
b' ',2022-10-12 11:52:54,I literally just allow it like I kinda like it but I also don\xe2\x80\x99t yknow,0.0052137636
b' ',2022-10-12 11:51:27,OMGOMGOMGOMG THATS LITERALLY ME I LIKE GO FULL MANIC ITS FUCKING AMAZING LIKE ITS A BOOST OF ENERGY\n\nlike one time I was at the universal horror nights thing which goes on till midnight which Ik isn\xe2\x80\x99t late but we\xe2\x80\x99ve been walking around (friend and I) and it was just really tiring but at the very end I got such a boost of energy and when I went in my friends parents car I was all manic and they looked at me like I was insane \xf0\x9f\x98\xad,0.06403679
b' ',2022-10-12 11:49:58,It\xe2\x80\x99s such a pain to be us \xf0\x9f\x98\x94,-0.06351691
b' ',2022-10-12 11:48:09,Dashing,0.04763248
b' ',2022-10-12 11:46:51,Like literally,0.040111654
b' ',2022-10-12 11:45:32,Wait when does school start like so u even get in any hrs \xf0\x9f\x98\xad\xf0\x9f\x98\xad\n\nI literally was on like 2-4 hrs of sleep on the daily last school year it was the fucking worst,0.12960927
b' ',2022-10-12 11:44:08,If it feels off to u more times then not there\xe2\x80\x99s a reason \n\nSo just go w ya gut and stop talking w them,0.09165898
b' ',2022-10-12 11:40:54,"Omg that was literally me till my trip to Spain fucking fixed it for a bit, and now I\xe2\x80\x99m back to sleeping at 4 am",-0.015095441
b' ',2022-10-12 11:40:12,I\xe2\x80\x99m listening to Spread That Puss rn idk what ur saying,0.051752806
b' ',2022-10-12 11:39:26,I won\xe2\x80\x99t tell \xf0\x9f\xa4\xad\xf0\x9f\xa4\xad\xf0\x9f\xa4\xad,0.04255402
b' ',2022-10-12 11:38:46,My ADHD ass always has so much fucking energy at 3 am,0.09115946
b' ',2022-10-12 11:38:17,Did u draw this? It\xe2\x80\x99s really impressive if ya did \xf0\x9f\x99\x8c\xf0\x9f\x99\x8c,0.06276676
b' ',2022-10-12 11:37:21,I love breaking the rules but I also hate being predictable like I\xe2\x80\x99m so conflicted rn,0.1154197
b' ',2022-10-12 11:34:22,\xf0\x9f\xab\xb6,0.014354749
b' ',2022-10-12 11:33:28,Real,-0.07974253
b' ',2022-10-12 11:32:31,Can\xe2\x80\x99t believe U want me to read\n\nsmh don\xe2\x80\x99t u know me,0.06678431
b' ',2022-10-12 11:31:15,Just don\xe2\x80\x99t let her do all the work,-0.016994014
b' ',2022-10-12 11:29:56,"So what ma, so fucking what\n\nI control my fucking life cunt not u not dad nor the holy being above\n\n ME fucking ME \n\nSo shut up and go take ya pills u piece of druggie shit\n\nEdit: idk why I said all that I just wanted to \xf0\x9f\x98\xad",0.15193681
b' ',2022-10-12 11:28:56,Who?,0.059957094
b' ',2022-10-12 11:28:40,why he bored tho like can\xe2\x80\x99t he turn water to wine or some shit,0.08516754
b' ',2022-10-12 11:28:15,He seems fun what\xe2\x80\x99s up w him,0.0022821827
b' ',2022-10-12 11:27:10,Sick,0.06576978
b' ',2022-10-12 11:26:27,Nope \xf0\x9f\xa4\xaa,-0.03937903
b' ',2022-10-12 11:25:07,"Is there any safe places that u know of where u can express yourself? Yeah this situation really fucking sucks but it won\xe2\x80\x99t be like this forever, you only have a couple more years till u can legally move out and get a place of ya own. Find a safe place for now, have friends u can trust, I wish u the best \xf0\x9f\x99\x8c",0.025413882
b' ',2022-10-12 11:23:07,Ok good ya I assumed but I wanted to make sure some kids day didn\xe2\x80\x99t get fucked yknow,0.116424724
b' ',2022-10-12 11:21:44,Ummmmm if this is real then u shouldn\xe2\x80\x99t have posted this cause ppl are literally gonna do it now \xf0\x9f\x98\xad,-0.092866
b' ',2022-10-12 11:21:04,"Get to ya 20s to date older man, ya too young",0.089338385
b' ',2022-10-12 11:19:49,Wdym??? Cause what\xe2\x80\x99s coming up in my head is that ur queer and u like in a very anti lgbtq place\n\nIs that right or wrong?,0.08936846
b' ',2022-10-12 11:18:41,It is?? \n\nNgl it seemed like of those posts where some creepy dude finds some hot girls on insta and asks ppl to rate them or whatever \n\nAlso what was the question,0.096277356
b' ',2022-10-12 11:16:28,Why u showing me pics of some random ass ppl I don\xe2\x80\x99t know,0.05196942
b' ',2022-10-12 11:15:48,Sucks to be u guys \xf0\x9f\x98\x8c,0.03311097
b' ',2022-10-12 11:15:18,Rn just figure out who u really are as a person and where u fit in this world. You\xe2\x80\x99ll feel a million times better once u do,-0.0033187792
b' ',2022-10-12 11:14:32,Omg I forgot some of ya fuckers do school,0.08060748
b' ',2022-10-12 11:13:45,No\n\nThat\xe2\x80\x99s me for spilling my food tho,0.24107146
b' ',2022-10-12 11:13:10,YES THEM,0.03859142
b' ',2022-10-12 11:12:36,BBQ ribs tho \xf0\x9f\x98\xa9\xf0\x9f\x98\xa9\xf0\x9f\x98\xa9\xf0\x9f\x98\xa9,0.10100684
b' ',2022-10-12 11:11:30,DUDE\n\nYOUR AVATAR\n\nI LITERALLY HAVE A SONG IN MY SPOTIFY PLAYLIST BY THEM,0.06767984
b' ',2022-10-12 11:08:53,Nah,0.060355812
b' ',2022-10-12 11:08:42,I have insomnia toooooooo\n\nomg did we just become besties \xf0\x9f\x98\x8d,0.08954425
b' ',2022-10-12 11:07:55,Nahhhh you\xe2\x80\x99re literally growing life literally gets real at around 17-19,0.018492829
b' ',2022-10-12 11:06:38,OMG I FORGOT ABOUT THIS COMMENT THEN I SAW YA REPSONSE AND U REMINDED ME AGAIN WHYYYYYYYYY,-0.0077725127
b' ',2022-10-12 11:06:08,You\xe2\x80\x99re brains being fried tho,0.21646842
b' ',2022-10-12 11:05:32,He projecting hard right there,0.030494547
b' ',2022-10-12 11:03:20,Literally me,0.005414457
b' ',2022-10-12 11:02:42,WHY DID U TURN OFF MY AUTO BREATHING,0.14862275
b' ',2022-10-12 11:02:19,Ur life has barely started like u don\xe2\x80\x99t know someone amazing could happen\n\nAnd you\xe2\x80\x99re gonna miss the sequels to all ya fav films and shows,-0.024140736
b' ',2022-10-12 10:57:14,I dont,0.060151547
b' ',2022-10-12 10:56:37,Bitch what,0.081446394
b' ',2022-10-12 10:54:47,I\xe2\x80\x99m so excited for u \xf0\x9f\x98\x90,-0.021023534
