Title,Date,Text,Similarity
b' ',2022-09-29 07:51:53,Jesse/Festus,0.06958854
b' ',2022-09-09 23:31:53,Love it. My new absolute favourite fragrance. It\xe2\x80\x99s floral but rich and deep and the dry down is so elegant. It turns into a warm and sweet but not overly cloying gorgeous scent. Love love love.,0.0036125295
b'Perfume Roadblock',2022-09-01 19:41:59,"Hi all! Love this community. I feel like I\xe2\x80\x99ve hit a block in discovering new fragrances that I really like. I just bought a bunch of travel bottles from Sephora to try (blind buys are sometimes foolish, I know, but I also know what notes and combinations I tend to like). I\xe2\x80\x99m hoping I can glean some insight from you all. I love white floral, woodsy/spicy, rich vanilla, and pear. I also like unique/unisex fragrances. Also interested to know if My Way is worth the hype? \n\nPerfumes I love:\nDior Hypnotic Poison, \nChloe Nomade, \nMugler Angel/Aura, \nYSL Libre Intense, \nGivenchy Hot Couture, \nNest Sunkissed Hibiscus, \nReplica Whispers in the Library. \n\nI was very disappointed in:\nV Flowerbomb Ruby Orchid, \nValentino Born in Roma, \nMiss Dior EDP.",0.06933607
b' ',2022-08-15 00:43:46,"Crown apple, sour apple schnapps, ginger beer",0.25095457
b' ',2022-07-25 16:30:39,"Hans looks happy to be with you. Happy birthday OP. A dog is as good company as any, in my experience!",0.13897927
b' ',2022-07-20 04:36:32,Yes!!! Finally!! So cute!!!,0.07378413
b' ',2022-07-18 06:57:09,"Fell down the stairs really hard and slammed my tailbone, messing up my nervous system.",0.17489107
b' ',2022-05-21 02:31:13,"I really love Pear Inc. Its a sweet, true pear. Bright and warm fruity goodness. I bought Sunkissed Hibiscus and while I also find it really lovely, it does not last long at all. It\xe2\x80\x99s very intimate. It\xe2\x80\x99s a very summery fragrance, very \xe2\x80\x9csunny\xe2\x80\x9d kind of reminiscent of a tropical beach around 3 o\xe2\x80\x99clock. Spraying it on my clothes helped a little. Not big on Beach Walk and don\xe2\x80\x99t like Light Blue at all.",0.078597836
b' ',2022-03-22 08:21:33,Habakkuk! It\xe2\x80\x99s very relevant to today\xe2\x80\x99s world. God is so merciful.,0.053633127
b' ',2022-03-12 07:17:39,"Romans 8:18 and Isaiah 53:12. \n\n\xe2\x80\x9cFor I consider that the sufferings of this present time are not worth comparing with the glory that is to be revealed to us.\xe2\x80\x9d\n\xe2\x80\xad\xe2\x80\xadRomans\xe2\x80\xac \xe2\x80\xad8:18 \n\n\xe2\x80\x9cTherefore I will divide him a portion with the many, and he shall divide the spoil with the strong, because he poured out his soul to death and was numbered with the transgressors; yet he bore the sin of many, and makes intercession for the transgressors.\xe2\x80\x9d\n\xe2\x80\xad\xe2\x80\xadIsaiah\xe2\x80\xac \xe2\x80\xad53:12\xe2\x80\xac",-0.026634395
b' ',2022-02-26 00:38:41,Love it! Snaggletoof!,0.09783329
b' ',2022-02-23 17:11:02,Marriage!,0.016639555
b' ',2022-02-16 19:45:29,"""I have both Libre and Good Girl. Incredible perfumes! I personally think Flowerbomb is quite different from the two of them. If you're blind buying, I would tend toward Good Girl. Libre has some intense-r notes so it might be a good idea to test it first.""",0.12686327
b' ',2022-02-03 01:33:04,Super cute couple! Congratulations!!,0.052080974
b' ',2022-01-26 15:52:53,"""Can't really comment on the gimp suit/latex thing, but it's definitely sensory when it comes to leather. The scent, taste, texture, sensation on the skin, the aesthetic, the warming of it as it clings to your body. Very hot.""",0.117513806
b' ',2022-01-04 23:19:32,A little too relevant for me today. These two seem to bleed seamlessly into each other. Thanks for sharing.,0.10363392
b' ',2021-12-08 05:14:10,Me too! Very white passing quarter black mixed girl!!!,0.10297217
b' ',2021-08-14 07:43:42,"""Very strange; I'm having the same issue as OP. I've had problems with my Pixel 3a for about a month and a half. Vibrating randomly, no SIM card read and now not charging despite all outlets, bricks and cords working correctly.""",0.01701052
b' ',2021-07-04 23:18:20,Michael Kors Glam Jasmine!!,-0.038347207
b' ',2021-06-29 05:50:50,"""I've always found Angel EDP by Mugler to be a bad B scent. It's quite strong though and definitely makes a statement; can be overwhelming if applied carelessly. I've smelled it on myself and noticed it on others. It uplifts my mood and makes me feel like a total and utter vixen. I've never smelled Crystal Noir so I can't quite compare it.""",0.1692225
b' ',2021-06-01 17:17:48,"""Quite expensive but if you love it you must get it: Van Cleef  Arpels Orchide\xc3\xa9 Vanille. Super sweet and smoky vanilla. It works in the fall and even in the spring. I can't get enough! \n\nNEST Fragrances at Sephora has NEST New York Madagascar Vanilla Perfume Oil. Another delightful vanilla scent!""",0.06139203
b' ',2021-05-30 16:38:32,"""I love both original Opium and Black Opium! All of the Black Opium varieties are quite different than the original but are still lovely. They're not quite as spicy, probably more gourmand or floral.""",0.097813696
b' ',2021-05-21 08:14:36,"""I've been watching CourtTv with Vinnie Politan. His cold case segment featured Abby and Libby's murders, and I'm a true crime buff. I was horrified by the details of the crime and want justice for these two little girls. \n\nI think I heard about this crime when it was committed but I never followed very closely. It seems I have a lot of research to do!""",0.120141715
b' ',2021-05-15 16:04:08,"""I got in with a 3.2 coming out of the top university in Canada. Given, it was for a professional degree program. I think my personal statement, along with my extracurriculars and references sealed the deal! \n\nI've heard of people with high GPAs getting rejected because they lack in some area apart from their GPA. Grad schools like well-rounded and resilient people that show great potential for success. I'm sure you'll be fine!""",0.02309962
b' ',2021-05-02 16:24:18,"""Hey! Not sure about how large the cohort size is but I gather it's around ~100. Don't quote me on that! \n\nDepending on the public health situation, I may or may not be headed to Kingston in September! If I am, I'll definitely be looking for housemates!""",0.15496281
b'PHL245 Final',2021-03-18 15:22:38,"""Is the PHL245 final the same as the other tests in terms of structure and format? I've never taken an exam online so I just want to be prepared.""",0.14246446
b' ',2021-02-13 23:14:59,"""I'm signing up for the platonic thing for that exact reason \xf0\x9f\x98\x8e""",-0.06841466
b' ',2021-01-14 17:48:00,"""I'm in a similar position as you, just a different program. Take a bet on yourself! If you don't get into the master's programs, the  GDip will always be available. It's always worth a shot!""",0.074335225
b' ',2020-12-15 04:34:49,"""It's driving me crazy. I can't even begin to start... I'm nervous, all the way through! I haven't even begged my professors for references yet. Sigh.""",0.049097635
b' ',2020-11-25 01:22:30,"""Depends on the subject for sure. Always a good idea to talk to the TA, though sometimes there really isn't much you can do. \n\nOffice hours and RGASC can be helpful. The Philosophy department has an essay clinic which is busy but if you get in early you'll get some good help.""",0.032693952
b' ',2020-11-18 18:37:02,"UofT has an ""academic standard"" to uphold because of its national and international acclaim. They have to keep their programs fast-paced and rigorous in order to effectively brutalize students. Hang in there! I\'ve also heard that things are tougher because of online classes and the fear of cheating.",0.11118574
b' ',2020-11-18 18:31:10,"It\'s a hard narrative to write, I think. The lived experiences of mixed-race people are often subjugated, separated, outcasted and unrelatable.\n\nTry not to focus SO much on their race; it\'s often not the colour of the skin overtly that causes mixed-race people to be rejected. Negative connotations of mixed-ness, being a ""mutt"" and dirty are usually why people reject mixed people.\n\nYour character may find solace in family and the not-closed-minded community.\n\nThe idea of ""otherness"" is definitely going to be a big feature of your narrative, I anticipate. An easy way to think of it is as being bullied for having bad teeth or bad skin. These are things that you can\'t control, through no fault of your own. What makes being mixed-race more distinctly painful from these other kinds of discrimination is that it is so fundamental to your identity.\n\nI am white-passing but I identify as both black and white. People have said things like ""you don\'t look black"", ""you don\'t act black"", ""you\'re white and you know it"". I have never felt ""accepted"" by either group and actually hung out with other mixed-raced kids mostly.\n\nFor resources, check out things like ""Mixed Remixed"", search ""multiracial resources"" and ""biracial resources"". Also, do some research about mixed-race celebrities; there\'s more than you might think! I\'d be happy to offer any anecdotal insight, too.",0.08608639
b' ',2020-11-08 01:37:00,"The shitty food, getting off the bus a minute before the top of the hour and hustling to MN or IB, getting a Starbucks and hiding in the library for hours. The agony is nice.",0.1467005
b' ',2020-10-20 17:26:24,"""I'm a student in university and I can't be high during class, whether it's cannabis or opiates. \n\nCertain cannabis strains are particularly not-high-making, even with amounts of THC. I've found that CBD doesn't work for my pain but definitely improves my mood. I would maybe try a balanced cannabis or cannabis oil with equal parts CBD to THC and see how that works for you.""",0.18525496
"b""How to exercise when you're always exhausted?""",2020-10-20 17:12:50,"""Howdy,\n\nI love this group. Each time I post I always feel heard and related to. \n\nI've been diagnosed with fibromyalgia. My joints ache and I'm always fatigued and tired and I have a constant headache. \n\nI used to exercise regularly, using barbells and free weights mostly. I can barely stand to stand up for very long some days. \n\nParticularly, I don't want to gain weight. I've made dietary changes that I'm sure will contribute to maintaining a healthy weight but exercise really does well for my mental and physical health. \n\nHow can I start slowly to try to get back into an exercise routine? I'm sore but I really need to exercise.""",0.21992975
b' ',2020-10-19 17:47:17,"""I love this poem. I read it at my Aunt's funeral when I was 8 or so.""",0.13362584
b'Fresh Fibromyalgia Diagnosis: Treatment Options?',2020-10-16 05:06:23,"""Hey y'all,\n\nI just recieved a diagnosis from my rheumatologist today: fibromyalgia. \n\nHe recommended to me CBD and I've got a prescription. He also recommended switching off from naproxen (which helps tales off about 50% the pain) to Cymbalta. I understand that it's main use is for fibromyalgia, but I'm pretty averse to going on antidepressants just because my family hasn't had positive experiences with them and I don't feel depressed or anxious at all. I'm just exhausted and have a hard time sleeping because of the pain. \n\nI'm in Canada, 21F and normally healthy. All my tests and labs came back normal. I'm seeing a neurologist at the end of the month. \n\nI'm considering acupuncture as a possible avenue of treatment as well. I understand this disease is ridiculously a mystery, so I'm curious if anyone has any recommendations or even just experiences for treatment option.""",0.056980707
b' ',2020-09-21 08:43:18,Half black dad and white mum!,0.029332776
b'Chronic joint pain and headaches',2020-09-09 19:23:41,"""I am a normally healthy 21-year-old female, fit and no pre-existing conditions. Two months ago, I woke up with an achy body and headache. The joints in my knees, wrists, elbows and ankles feel tingly and burny deep in the joint, though there is no visible swelling, redness or heat. They are tender to the touch, though I'm not fatigued. I've had knee surgery, sports injuries, and a sore body from the gym, but I've never felt anything quite like this. \n\nMy headache starts as a dull ache and escalates to intense stabbing pains. I have been tested for lupus, RA, cancer, infection COVID19 (all negative,) had a non-contrast CT scan of my head (negative), and have been taking naproxen as a result, though I still am getting breakthrough pain. It has never helped the headache but the joint pain has been reduced. Both ice and heat help the pain. I have trouble sleeping and activity seems to make it worse. I've been referred to both a rheumatologist and neurologist by my family doctor, and she is really quite stumped. \n\nHas anyone else ever experienced any similar symptoms? How do you advocate for yourself and your health (particularly as a young person) with seemingly no data that shows your pain?""",0.041779824
b' ',2020-08-06 18:15:48,"""I got in and as far as I'm aware I was never on INT. Are you sure you have the appropriate prerequisites?""",0.15004896
b' ',2020-08-06 17:46:21,"We share the same genetic split. I\'ve had my identity vilified and validated by both black and white people. You\'re definitely mixed-race; though if you choose to identify as either race, that\'s completely up to you. I\'m a very white-passing person though I would consider myself to be ""mixed"".",0.06295922
"b'Severe joint pain and headache for two weeks, non-stop (20F)'",2020-07-22 23:10:58," \n\nFor two weeks I (20F), (5\'4, 140LBS, white/black, fit athlete) have been suffering from severe joint pain and a persistent headache. I wake up in the morning very stiff, and the joint pain worsens over the course of the day. The pain is in my wrists, ankles, elbows and knees and sometimes in my fingers. The aching and stiffness will increase, and then the pain will flare-up. The pain in the joint feels tingly and burning, and it doesn\'t feel superficial. It radiates through the joint. It feels like I\'ve sat too close to a fire inside my joints. Moving does not help the pain. I can still do daily tasks but slower and I am usually exhausted by the end of it.\n\nAfter an allergic reaction to azithromycin, I got serum sickness when I was 14. The dull ache and persistent pain is the best way to compare the pain. It does not feel like an injury, exercise soreness or flu-like.\n\nIn addition to the joint pain, I\'ve had a headache, It appears to act similarly to the joint pain. I wake up with it, and at first, it feels like a caffeine withdrawal headache. However, caffeine doesn\'t change it. The headache is persistent and achy and it escalates to a stabbing sensation, in bouts of usually 3-5 ""stabs"". I have had this headache for 12 days now.\n\nThere is no visible swelling or redness in or around the joints.\n\nI\'ve considered a food sensitivity and kept a log of my pain, what I\'ve eaten and the drugs I took. I can\'t seem to find any patterns.\n\nI\'ve been taking 2 Aleve in the morning and 1 at night, Tylenol intermittently and topical treatments such as Voltaren and Tiger Balm. Both ice and heat help the pain. I\'ve also been taking turmeric pills for potential inflammation. My mind feels clear, and I feel completely healthy otherwise. I am usually healthy. The pain has ranged from a 3/10 to a 7/10. I have woken up in the night in pain from my joints aching. Nothing has sufficiently helped the pain.\n\nMy doctor ordered blood tests and they were negative for infection, cancer markers, RA and lupus markers. My MCH is low (but close to normal range) and my RDW is high (and also close to normal range). However, my ferritin, B12 and hemoglobin levels are all within the normal range.\n\nI drink occasionally, I don\'t smoke and I use cannabis occasionally.\n\nI really appreciate your help, I\'m perplexed.",0.020924082
"b'Severe joint pain and headache for two weeks, non-stop (F20)'",2020-07-22 23:08:28,[eliminado],0.0033504413
b' ',2020-07-20 15:29:23,\xf0\x9f\x98\xa4 me too,-0.0024623536
b' ',2020-07-20 03:22:56,F,0.025033258
b' ',2020-07-14 00:08:25,"""I'm currently a polisci and philosophy double major. There's quite a lot of crossover between them actually. My studies in philosophy have definitely aided in my studies of polisci and vice versa. \n\nI would stick with what you're good at for sure!""",0.11326218
b' ',2020-07-09 22:44:15,"To be honest, I\'m a female virgin and all my friends roast the shit out of me for not having sex. I feel a sense of honor about it, but I get that men share different expectations and perceptions of sex than women. Even still, my friends, both male and female, think I\'m silly and foolish for not wanting to ""test drive"" every man I\'ve ever had the chance to.",0.09319277
b' ',2020-07-08 18:56:41,"If I recall, not too bad. The tests were marked a little tougher but the papers I did very well on.",0.1943877
b' ',2020-07-08 18:49:17,"""I haven't taken either class, but I've heard from a friend that 310 is boring and kind of drawn out. I had Bumgardner in first year and I didn't like his teaching style. I'm not sure if his teaching style is different in upper years but he would just read off the slides and the readings sometimes didn't tie together well. I haven't had Kotsovilis either. I would take a look at RateMyProfessors, in my experience they've been pretty accurate. Chances are 340 and 310 will have some overlap in material.""",0.037387
b' ',2020-07-07 20:33:03,"""Many schools have data organizing LSAT takers by major, and amongst them criminology/criminal justice students (on average) tend to rank quite low on the ballot. Engineering, mathematics, philosophy, political science, economics and other STEM majors tend to excel on the LSAT, likely because of the logical reasoning and analytical reasoning sections. It's not to say that being a crim major puts you at a disadvantage on the LSAT, but for some reason, they statically don't do as well as other majors. It seems to be the case that certain majors are better prepared by their degrees to do well on the LSAT compared to others. Not trying to discourage at all!! The LSAT is a learnable and teachable test that anyone can excel in if they practice enough.""",0.07151493
b'Course overload petition ETA?',2020-07-07 18:12:20,"""I need an additional 1.5 credits to fulfill my major and degree requirements to graduate in June, but ACORN won't allow me to add them. I submitted a petition for course overload, any idea how long it'll take for a decision to be made? There are very limited courses offered and I would really prefer to not be waitlisted.""",0.04257985
b' ',2020-07-07 18:08:10,"""If you're considering law school, high recommend NO. Political science is a decent major, crim students tend to struggle on the LSAT. Do what you enjoy and what you're good at.""",0.071060255
b' ',2020-05-12 06:08:05,20 female,0.056890152
b' ',2020-04-29 03:29:33,"Both philosophy and political science are pretty lax in terms of stringency when it comes to citation style. ""You may cite in any style as long as you\'re consistent"". Love it. I stick to Chicago and tear it UP. Never docked; I am the citation queen.",0.08378739
b' ',2020-04-27 21:59:31,"""Not yet. Depends on the course so far, I think. I have a friend in psych whose CR/NCR showed up, I'm waiting for mine still.""",0.032986667
b' ',2020-04-02 23:52:08,This sounds almost like a humble brag.,0.07637188
b' ',2020-03-03 03:34:12,"""Don't worry about it. I tremble from making out and moan and orgasm from choking. It's ok to be nervous.""",0.13616854
b' ',2020-02-27 20:40:34,"Rocks glass, a squirt of simple syrup. An orange wedge, a cherry. Muddle until the syrup has turned a pinky-orange. Two or three ice cubes, 2 oz Makers Mark, stir, 2 or 3 dashes of Ango.",0.24408902
b' ',2019-12-17 06:03:53,"""AYYYYYY quadroon gang. 25% black :'-)""",0.058833767
b' ',2019-12-09 18:39:18,"""Political science as a major I think is very underrated in terms of difficulty. While it's not hard to do well if you're politically minded, if you're only taking it to get into law school or something, you'll probably struggle. It's very writing and reading intensive, with a mix of theory and normative premises. For political science, it's not enough to just read but you have to make connections and explain connections. A lot of explanation. I'm third-year and most of my polisci courses were easy, but there are a few that I found to be more difficult than others.  \n\nI figure history is probably the same. Consider your aptitude! If you're interested in history and can understand and make connections about what you're reading, you should be fine.""",0.12006126
b' ',2019-12-09 18:33:53,"""245 if you're a math-oriented person. It's all problems and tests.""",0.10436645
b' ',2019-12-09 03:54:48,"""I've tried Modern Muse Le Rouge GLOSS. I find it to be quite cherry, although I don't know how to distinguish the different cherries. I definitely find it to be quite gourmand.""",0.1016398
b' ',2019-12-08 18:57:11,"""I'm sorry this happened to you. While UTM campus is private property, it'd be a very hard case to prove negligence on. It's good that you told campus police. I'd recommend keeping a notebook or some way to keep track of the events surrounding your slip. This includes the slip itself, the location, temperature and time of the slip, the police report, and the dentist visits. If there are follow up visits or if you need more medical attention that arose because of your slip, I'd include that too. Did you get pictures of the location of your slip? If not, I'd do that ASAP. \n\nPostal workers slip on the job and they sue. With a private institution like UTM, with a high volume of people, there is a high expectation that ice and snow will be cleared within a reasonable amount of time. To do otherwise I'd consider negligence. \n\nIf you want to try to sue, other people mentioned some free consultation personal injury lawyers. It's worth a shot. Good luck!""",0.15717408
b' ',2019-12-07 23:13:51,"""This! Your GPA is solid and probably a little above average for a psych program. \n\nLike someone else said in another comment, some universities allow you to explain the reason for discrepancies on your transcript or your GPA. \n\nIf you make sure the rest of your application is solid, I figure you should be ok! \n\nIf you really want in depth exam of your chances at X, Y, Z university, join a Grad school chances subreddit like r/ChanceMe and r/gradadmissions.  Be sure to be specific when you post there, they're pretty big subs and a lot of people will be able to give you a decent assessment of your chance there. Good luck!""",0.09713049
b' ',2019-12-04 22:42:04,"""NAH as long as it isn't for your program. That's what CR/NCR is for! Get that distribution and save your GPA (if need be). You're alright.""",0.16435072
b' ',2019-11-07 20:42:43,"If it were me, it\'s less of you being more dominant and her being more submissive. She may be what is called a ""brat"", but brats still submit at one point or another. Tell her to make up her mind or you\'ll make it up for her. BDSM is all about communication. Safe, sane and consensual. \n\nWhat is strange to me is that she asked to be dominated and then refuses domination. I\'m a sub and being on top is very submissive if your goal is to do what your Master says.",0.14654262
b' ',2019-11-01 17:15:10,"""The fact that you devoted so much attention and time, (when you SHOULD be getting work done) to staring at a stranger watching their every move is bizarre. You're pretty disgusting. I'm sure other people have watched you wipe your snotty nose on your sweater and no one made a Reddit post about the racist with the snotty sleeve. Or sat beside you in the library and smelled your foul body odour and bad breath. \n\nThat kind of language isn't okay, and you disgust me more than any girl eating her lunch with loud music ever could. I hope you realize that you probably should get a diary or something, because no one wants to hear your stupid, racist bullshit.""",0.31669652
b' ',2019-11-01 17:02:43,"""You can message me. Depending on the content I might be able to give you some reading, writing, notetaking and study tips. Otherwise, some courses offer FSG (facilitated study groups) which may be useful. Like other other people said, you should check out the RGASC in MN. Also, I might suggest talking to an academic advisor. They're really nice at the registrar and will help you. Reaching out to your profs and TAs IS scary but I think it'll give you some real insight. \n\nI'm assuming you're in first year. Remember that it's ok to change paths. If the courses you're taking are not something that you care about, you're definitely going to find it more difficult to engage with the material.""",0.08125693
b' ',2019-10-11 05:55:42,"""Lippincott for any political science, if you're good at listening and taking notes. Really cool guy. \nClark in philosophy. Sepielli in philosophy. \n\nSome professors I just can't... A lot of recommendations for Pond. 214 was an easy-A but his sense of humour is kinda wild.""",0.102870554
b' ',2019-10-11 05:51:13,"""10/10 would not recommend copy and pasting anything, any time. It's a lazy thing and paraphrasing will help you understand more in the long-run and you'll sound like you know what you're talking about. I'm in the humanities/social sciences and I've never submitted a paper over 10% similarity. Talk to your TA and prof ASAP. If you're struggling with writing or paraphrasing or citing your sources, go to the RGASC. It's in MN. The librarians are also really helpful with citations.""",0.06319134
b' ',2019-10-11 05:46:39,"""As far as I'm aware, getting that GPA up is your only way of making it in. If you're sure that you can get your GPA up by April, I wouldn't worry! Are you enrolled in a type 1 program? I'm not sure if ANT (Arts) is type 1 but if it is I'd hold on to that for now. Good luck!""",0.121123835
b'Powerlifting at the gym',2019-09-01 18:34:07,"""So despite being at UTM for 2 years, I've never gone to the RAWC. Where would I go to find a bench and barbell with a rack? Are there platforms for deadlifting? Is there a community of powerlifters at UTM?? How good is the gym in general?\n\nAlso, are there any other people interested in powerlifting together?? Grunting alone at the gym is a little lonely.""",0.099422626
b' ',2019-06-14 22:13:09,"""I claim my blackness whenever I get the chance to, so I've never hid in my whiteness. A lot of black people don't get that I'm black at all until I say something or they see my dad and put two and two together. I've been accused of racial profiling and cultural appropriation though by no fault of my own.""",0.047713485
b' ',2019-06-14 22:01:10,"I called myself a quadroon to my dad earlier today and he said a lot of black folk would kick my ass for saying that. I understand the historical disenfranchisement of black people and the continued cycle of poverty but I don\'t think all the cards are stacked against them as some make it seem. I can\'t really comment on experience since I am 100% white passing but I have my ""black card"" and can relate indirectly from my dad\'s experience.",-0.00055129454
b' ',2019-06-14 21:49:37,"""From what I've experienced, I tend to be far less PC than him. I don't think he's disgusted by it. He grew up with essentially only white people in his community so his parents taught him to be more cautious or aware of race. To answer your question, I look more like Taylor Swift, but Halsey is the closest example I could come up with. Halsey with blonde hair lol""",0.100649685
b' ',2019-06-14 21:26:26,"""He's from the States and I'm from Canada. He's had interactions with people at university that have explicitly expressed that being called mixed or lightskin is dehumanizing, degrading and offensive. I think he was trying to explain the differences in culture? I've never encountered any person that saw this as a problem.""",0.10144535
b' ',2019-06-14 20:40:32,"""I'm not certain about how he feels about it in terms of culturally homogenous folk. When I mentioned other races apart from the black/white issue, it was definitely pushed aside or not taken as part of the main discussion.""",0.047448773
b' ',2019-06-14 20:10:29,"In our discussion about terminology it didn\'t appear that he was referring to colourism. It was mostly self-identification and being offensive. When I mentioned ""lightskin"" he said that the term ""makes them seem/feel less black and is isolating"".",0.082634285
b' ',2019-06-14 19:47:12,My boyfriend is Polish and Irish and from rural middle-America.,0.02471049
b' ',2019-06-14 19:45:33,"I\'m glad to hear that. My father has told me that people who are very particular about their identifiers have suggested that ""mixed"" falls into the same realm of incorrectness as ""coloured"" and the n-word. My boyfriend telling me about the mixed thing was the first time I\'d ever heard of it being offensive.",0.07134229
b' ',2019-06-14 19:41:16,"He says that other POC with diverse ethnic origins have said that it\'s offensive. ""Things are mixed, not humans,"" is the saying. He would call me biracial or just break down my genes instead of using a catch-all. I\'m not sure if it\'s because I\'m part black as opposed to another race. My dad (who is quite the character,) has referred to himself as mixed, mulatto, lightskin, and high y*llow.",0.046504404
b' ',2019-06-14 19:23:32,Wow!! The shape and the length are amazing!!! I pay for my nails to look like this!!!,0.09892246
b' ',2019-06-10 09:48:07,"""Both are degree requirements. 214 is easy, but a lot of people struggled with 200. It's essentially a political philosophy course with a lot of reading.""",0.10942805
b' ',2019-06-06 00:26:14,"""Well I found that Y classes are much more rewarding than H classes because the time you devote to the class is longer. However, because of that, they seem a little tougher to me than H classes (but I doubt that this is a common phenomena\xe2\x80\x94 I get bored easily). I don't think it really matters much. 1 credit for the whole year vs 0.5 credit for half the year.""",0.13192073
b' ',2019-06-05 20:30:40,"""I had the same problem in second year. Just take 275 in third year.  I was freaking out about taking all the second year requirements in second year and I had multiple conflicts. I went to an academic advisor and they set me up all swell for second year. I think what is most important is to take the courses that are pre-requisites for upper year courses first instead of classes that you're particularly interested in. Get the boring stuff out of the way and then enjoy the rest of your years on the foundation that boring first and second year pre-reqs gave you.""",0.0916519
b' ',2019-06-05 20:20:41,"""Depends on your enrolment time and the course you're enrolling in. Courses that are degree requirements will fill up quicker than others.""",0.06634618
b' ',2019-06-05 20:10:43,"""I am both a polisci and philo major @ UTM. In my experience, philosophy has been the harder major just on the basis of the writing that is required. Both majors/minors will entail a lot of reading but the writing in philosophy is quite different compared to any other kind of academic writing. I quite enjoyed POL113 which is essentially an introduction to political philosophy. PHL101/102/103 (whichever) are good baseline philosophy courses. They don't go too in depth but the grading on writing can be quite harsh. A lot of POL classes are Y classes in upper years whereas in my experience PHL are mostly H. Good luck! If I were you, I would probably do POL113 and PHL103. Good luck! If you have questions I'd be happy to answer. :-)""",-0.0018835245
b' ',2019-03-27 18:39:41,"""I'm curious about any possible contraindications with the products I'm currently using. I regularly introduce new products into my regimen (maybe once every three or four months, which I know has the potential to be problematic). I'm 19 and I really want to take care of my skin in the present and for the future. I struggle with occasional pimples (not acne per se,) large pores and scarring.\n\nUsually I'm combination, but I have occasional bouts of dryness or excess oiliness. My skin is occasionally sensitive as well but not often. My regimen is the same for both day and night, apart from exfoliation as that is only done once or twice a week. I've been doing this for about a year. I don't wear makeup often, but when I do I prep and prime and always remove and cleanse. I live in Canada. I'm very open to changes or recommendations so please let me know! I'll do my best to answer questions too.\n\n***Cleansers***\n\nNoxema Classic Clean or\n\nPixi Rose Cream cleanser or\n\nSpectro Gel for Sensitive skin or\n\nHolika Holika Aloe Facial Cleansing Foam *(particularly for makeup removal)*\n\nPixi Nourishing Cleansing Balm *(rarely used)*\n\n***Exfoliant***\n\nSt. Ives Radiant Skin Pink Lemon and  Mandarin Orange scrub *(used 1-2x weekly)*\n\nLavender Konjac sponge *(rotated in use with above)*\n\n***Toners***\n\nPixi Rose Tonic or\n\nBurt's Bees Rosewater Toner or\n\nLife brand Tea Tree oil toner or\n\n***Serums***\n\nMD Selections Vitamin C Brightening Serum\n\nRosehip Oil by the Inkey List\n\nNIP+FAB Dragons Blood Fix Serum\n\n***Moisturizers/Lotions***\n\nLoreal Paris Nutri Gold day cream\n\nLoreal Paris Hydra Genius Liquid Moisturizer For Normal  Dry Skin\n\nPixi Vitamin C Lotion\n\nNeutrogena Oil-Free Moisture Broad Spectrum SPF 35\n\n***Spot Treatment***\n\nBurt's Bees Herbal Complexion Stick *(used on problem spots)*\n\n***Facial Spray***\n\nPearlessence Rose and Coconut""",0.16765703
