Title,Date,Text,Similarity
b' ',2022-10-18 10:12:02,"I think a few things would be fitting:\n\nA prequel, Gertrude and Gerry, OG Elias and the rest, all from the mind of the Archivist when he Saw everything. Unreliable narrator moment.\n\nA new world where people are realizing the people are manifest, ending where Jon and Martin briefly debut as mentors near the end, doomed to live out their days trying to prevent them from manifesting (but also needing them to continue on so they both continue to live. Like a \xe2\x80\x9cgood and evil in an internal fight that no one can win\xe2\x80\x9d type beat.)",0.018503172
b' ',2022-10-17 10:24:33,"This was genuinely such a nice comment to read. Rereading 17776 for the essay was super fun, I hope you like looking into it again too!\n\nI really appreciate the warm comment. It made my evening :)",0.10780449
b' ',2022-10-17 08:06:08,Oh oof that\xe2\x80\x99s awful.,0.0509376
b'I wrote an essay about 17776\xe2\x80\x99s love of people and I\xe2\x80\x99d love it if you gave it a gander.',2022-10-17 05:25:12,"Not wholly necessary, just want to share my love of the comic with other lovers of the comic. \n\nI\xe2\x80\x99d also love to include the sequel, but I realized this was already a long read so I decided to divy it up. Hope you enjoy!\n\n[Art That Loves People: 17776](https://medium.com/@dogffish/art-that-loves-people-17776-b2e95fd149f8)",0.050449643
b' ',2022-10-17 05:22:24,"That resonates and I can only imagine how frustrating that is. I\xe2\x80\x99ve dealt with similar situations, but my parents actually came around when I put my foot down and medically transitioned. Seeing those changes I think aided them in understanding how Important this was to me. I can\xe2\x80\x99t say what\xe2\x80\x99ll be your journey, but hopefully something will wake her up.",0.081535414
b' ',2022-10-17 05:20:25,"I\xe2\x80\x99m better than I was back then, for sure. I think sometimes it\xe2\x80\x99s important to muse on these things though. Some catharsis can be made of it. Even so! Educating him isn\xe2\x80\x99t your job, but I hope things have gotten better from when your friend said that.",0.053112797
b'Taking up space?',2022-10-17 03:47:14,[eliminado],0.0033504413
b' ',2022-10-17 03:38:05,OOF. Good golly that\xe2\x80\x99s hellish.,0.056832813
b' ',2022-10-17 03:37:29,"I have a hard time with religion myself. There\xe2\x80\x99s a lot of context with her that I can\xe2\x80\x99t be bothered to explain fully, but she really did mean well by it. I appreciate the comment, it definitely wasn\xe2\x80\x99t cool and hurt a lot, but I\xe2\x80\x99m not gonna attack her religious beliefs. Her transphobic beliefs though? Absolutely.",0.15851213
b' ',2022-10-17 03:34:06,Goood. It hurts so much coming from parents. I\xe2\x80\x99m so sorry you had to go through that.,0.08100681
b' ',2022-10-17 03:33:41,That sucks :/ I\xe2\x80\x99m sorry friend,-0.02083214
b'What\xe2\x80\x99s the most well meaning hurtful thing you\xe2\x80\x99ve been told regarding your transness?',2022-10-17 01:01:30,"Possible trigger for misguided transphobia? But it\xe2\x80\x99s also a discussion- lemme know if I should change the flair. \n\nJust musing on these things lately looking for camaraderie. It\xe2\x80\x99s that special spot between someone\xe2\x80\x99s most genuine and most misguided, where it hurts not because it\xe2\x80\x99s hateful, but because they mean so well.\n\nThe one that sticks with me the most was a coworker/friend who came to me crying after nearly two years of support to tell me that \xe2\x80\x9cGod still saw me as his little girl\xe2\x80\x9d and \xe2\x80\x9c God told me that he can\xe2\x80\x99t stand you desecrating your body, he still loves you, you don\xe2\x80\x99t have to do this to yourself.\xe2\x80\x9d\n\nAgain, she was in tears. She felt this with her whole chest. And she meant so well? Can I be angry about it, yeah. Mostly I was just hurt. Just wanted to know if anyone\xe2\x80\x99s had similar experiences.",0.045108553
b' ',2022-10-16 23:34:19,"The consensus is what I\xe2\x80\x99d agree with: Yes, if \xe2\x80\x9cI don\xe2\x80\x99t want to date a trans person\xe2\x80\x9d is in the vocabulary, that\xe2\x80\x99s transphobic. There are tons of ideas for what being trans looks like, plenty of assumptions and stereotypes, but I know for a fact trans (much like any other defining trait in a person) is a spectrum of identity, presentation, and\xe2\x80\x94  I dunno in my opinion, not the most interesting trait about me? I\xe2\x80\x99ve got so much other shit going on. We\xe2\x80\x99re all so cool, are you kidding me that this is your hang up. \n\nGenital preference imo is a slippery slope. In good faith arguments I can understand it, but if often comes up solely in regards to dating trans people, and once more- there\xe2\x80\x99s a lot us. You\xe2\x80\x99re really assuming that all of our bits are the same?\n\nPersonally I\xe2\x80\x99d rather be just. Glad that I like someone enough to date them, whoever they are, but that\xe2\x80\x99s just me. Love is rare, but sure. Narrow the search engine, we don\xe2\x80\x99t wanna date someone with these hang ups anyway. \n\nTLDR: Yes and no. It\xe2\x80\x99s important to case-by-case when the opinion of \xe2\x80\x9cgenital preference\xe2\x80\x9d comes up, but most people just have a misconception of trans people in general. And if you do- don\xe2\x80\x99t worry, we don\xe2\x80\x99t wanna date you anyway.",-0.008935753
b' ',2022-10-16 23:26:40,"It\xe2\x80\x99s okay to have grief for this self. I certainly do. I dream so often about going back to treatment, to suddenly having that security of \xe2\x80\x9cthe thing that consumes my entire life is the thing I now only have to focus on.\xe2\x80\x9d\n\nIt\xe2\x80\x99s not that simple anymore. And I can\xe2\x80\x99t stand the way my body has changed. \n\nBut I also know the journey from body hatred is body neutrality. To ask a challenging thought: what can your body do now that it couldn\xe2\x80\x99t before? What are you able to do being a step removed from your eating disorder?\n\nYou clearly know what your worst felt like, knowing what it looked like can be really hard. As a last mumble Op, I hear you, I hope you\xe2\x80\x99re doing okay. (If not mostly then in this moment, I hope things are easier.)",0.05286102
b' ',2022-10-16 23:20:39,"Instead of harping on someone clearly in pain and asking her to check herself- let\xe2\x80\x99s remember that in almost of our lives our trans experience was defined by the things that hurt us, rather than the innate joy that being trans is. \nLike of course there is something to be said about the wording, but you can\xe2\x80\x99t tell me that a woman in pain doesn\xe2\x80\x99t take precedence over vocabulary. \n\nIt took me a very long time to find joy in being trans. It was a journey for years defined mostly by pain and struggle, but I was able to find ways to get comfortable in my body pre-and-post transition. I\xe2\x80\x99m lucky, I redefined my experience with gender euphoria rather than the dysphoria that nearly ended my life. \n\nOP, for a reframe: What if in this life, there is more than this pain? What if through all of this, you are seen as you are, you are able to (if you so choose) to medically transition, what if after all of this you wake up with a comfort and love for who you are?\n\nWe can\xe2\x80\x99t be sure what\xe2\x80\x99s at the end of this life or the next, that much is true. You are a woman. You deserve to be seen as who you are. I see you, I\xe2\x80\x99m sorry things are this bad right now, that matters as much as the possibility that this pain ends. Death isn\xe2\x80\x99t a guarantee, it\xe2\x80\x99s a full stop. If you want some resources of trans-friendly crisis lines, please feel free to DM.",0.049400523
b' ',2022-10-16 11:17:38,"Hey, that\xe2\x80\x99s so exciting! I\xe2\x80\x99m so proud of you for taking this step! I know it can seem scary and overwhelming- and it is- but you are giving yourself the best thing. Years later I will still be chasing the relief that I found in going to treatment for the first time. You deserve this help, and I\xe2\x80\x99m so so proud of you.",0.11061975
b' ',2022-10-16 10:00:57,"Anyone know what that loud noise was? Near Cuba St., kinda sounded like thunder or dumpsters being moved.",0.21264012
b' ',2022-10-16 07:07:12,Sounds like the force of purging caused your head to hurt. It\xe2\x80\x99s scary and a hard reminder that the effects of purging on your body are very real. Please be careful.,0.25439876
b' ',2022-10-15 11:33:16,"Honestly? No. Bodies don\xe2\x80\x99t work like that as far as I know. I\xe2\x80\x99ve never heard of anything like that. \n\nThe discomfort you have with your body at a certain weight I hope ends up something you can discuss in therapy. I get it though, I do. \nTry not to focus on the distant ahead. Those fears matter, but are for a future you. Ideally, there will be healing both physically and mentally before your body settles into an equilibrium. But take pride in the strengths you\xe2\x80\x99re making now. It means you\xe2\x80\x99re preparing yourself for future mountains, and you\xe2\x80\x99ll be better for it.",0.15560946
b' ',2022-10-15 08:17:00,omg. thank you so much!! made my evenin\xe2\x80\x99.,0.05120833
b' ',2022-10-15 04:57:05,"I\xe2\x80\x99m so glad, bud. That\xe2\x80\x99s huge. I\xe2\x80\x99m glad it helped!!",0.033157393
b'I wrote an essay about Disco and the Pale\xe2\x80\xa6',2022-10-15 04:56:31,"Give it a read if you please. Thanks \xe2\x9d\xa4\xef\xb8\x8f\n\n[Hope, Holes in the World, and Disco Elysium](https://medium.com/@dogffish/hope-holes-in-the-world-disco-elysium-180c8c5a032b)",0.08527994
b' ',2022-10-14 23:26:07,"I\xe2\x80\x99m so sorry that your mother said that to you. That\xe2\x80\x99s so hard to hear. \n\nMaybe talk with your dietician about this. I know mine previously opened up a line of communication between my parents and her, which took some of the load off of me. Your professional teams should advocate and speak for you. I strongly recommend talking to your team about it and a.) how to process the remarks and b.) how you felt about it, how to explain your efforts without stepping out of your comfort zone. \n\nI know in my own experience, I never fully went into depth with my parents. They didn\xe2\x80\x99t know, no one knew, but I disclosed sometimes the Current aspects of my treatment. (\xe2\x80\x9cI\xe2\x80\x99m working on x meal\xe2\x80\x9d \xe2\x80\x9cMy dietician and I are working on x component\xe2\x80\x9d \xe2\x80\x9cRight now I\xe2\x80\x99m utilizing y coping strategy to get through x.\xe2\x80\x9d) She\xe2\x80\x99s likely looking for physical progress rather than the mental, and I found enlightening my parents to what that looks like helped eased tensions. \n\nThis by no means is required, I don\xe2\x80\x99t know the relationship you have with your mom, but I hope again you\xe2\x80\x99ll talk to your team about the duress this put on you. \n\nYou\xe2\x80\x99re so strong. I see your effort. It\xe2\x80\x99s real. I\xe2\x80\x99m so proud of you. \xe2\x9d\xa4\xef\xb8\x8f",0.24839696
b' ',2022-10-14 23:19:36,"I was told when my urges come back strong, to \xe2\x80\x9cincrease my support again.\xe2\x80\x9d Be that professional or platonic, online support groups during the day, or what have you. \n\nYou aren\xe2\x80\x99t getting bad again. This is your ED trying to manifest in intense and uncomfortable ways. You\xe2\x80\x99ve fought it before and you will again. The fact you didn\xe2\x80\x99t use any \xe2\x80\x9ccompensating behaviors\xe2\x80\x9d is huge. \n\nI usually shrink my goalposts when I feel things getting rough.  Celebrate the victories. Take the small things. You also don\xe2\x80\x99t know this girl\xe2\x80\x99s journey either, maybe she\xe2\x80\x99s gone through something similar. Maybe she\xe2\x80\x99s been where you\xe2\x80\x99ve been. It\xe2\x80\x99s in moments like these I try to be the kindest I possibly can with myself, because you are worthy of that kindness and love, especially during this time.",0.11223043
b' ',2022-10-14 23:14:50,"Hard agree with the ginger and peppermint. If you\xe2\x80\x99re cleared for mild exercise, I find a leisurely walk (10-15 mins max) after a meal helps. Hot water bottles help a lot too, just something warm against the part of you that aches. Slow breathing, distracting activities to keep you busy through the worst of it, it\xe2\x80\x99s hard but I promise it\xe2\x80\x99s worth it. \n\nWear clothes with stretchy waistlines, loose fitting fabrics, to welcome your shape. Sweatpants were a godsend to me at this time. \n\nThis was the hardest part of treatment for me, believe me I sympathize. You\xe2\x80\x99re going through it and you still *are* and that\xe2\x80\x99s so amazing in itself. \n\nIf it is a comfort, and I\xe2\x80\x99m not sure it is, my own experience with refeeding lead to a slow return to my healthiest weight. I was also still engaging in behaviors at the time. Sending virtual support and love.",0.21582815
b' ',2022-10-14 23:07:31,"To second what\xe2\x80\x99s already been said- yes! It does happen. My time in treatment utterly exhausted me. My ED fought for every scrap it could. That alone left me harrowed. \n\nIt takes effort, but recovery leads to the place where there is not exhaustion, but relief. I know that I was on high alert mid-recovery waiting for the other shoe to drop, and trying to understand myself came with an intense exhaustion in itself. \n\nYour body is adjusting, and so is your brain and your you. You\xe2\x80\x99re doing the right thing. An electrolyte check can never hurt, but at the very least you\xe2\x80\x99re Heard. I\xe2\x80\x99m super super proud of you.",0.1449272
b' ',2022-10-14 23:02:47,"It\xe2\x80\x99s not small and stupid, it\xe2\x80\x99s amazing. Each step is a great stride. I\xe2\x80\x99m so so proud of you, friend. \xf0\x9f\x92\x95",0.020671476
b' ',2022-10-14 23:02:01,"Sometimes sitting in that discomfort is the most powerful thing out there. Think about all the other things you could do if you didn\xe2\x80\x99t purge, remember that these little steps, these discomforts, make it easier in the future to detatch/detangle from your ED. Your ED does not have to control you. It can just be this- just sitting with your parent having a nice conversation. \n\nTo ease symptoms that make me feel the urge to purge, I usually do a leisurely walk after meals, rely on ginger or peppermint tea, sometimes I really just keep myself rooted to the spot with a wheat bag or hot water bottle. \nI actually found a particular video game (Pok\xc3\xa9mon, its Pok\xc3\xa9mon.) keeps me rooted so I can\xe2\x80\x99t \xe2\x80\x9cpurge until I finish this level/battle\xe2\x80\x9d and end up staying longer anyways. These are just things that work for me, though. \n\nI do hear you though. That feeling is just awful. But you aren\xe2\x80\x99t disgusting. You\xe2\x80\x99re human, and that\xe2\x80\x99a wonderful thing to be.",0.24239002
b' ',2022-10-14 13:23:57,"You\xe2\x80\x99ve recognized where the issue is. You\xe2\x80\x99re heard and seen here, but when you can point out these issues I think these are the most important steps. You know this is a step, leaning toward recovery starts by knowing you would feel stronger/better/happier if you were separate from your ED. \n\nThese thoughts can be tamped down with time and redirection. I see you, I hear you, I love you.",0.14009774
b' ',2022-10-14 12:53:17,"Hey, so glad you\xe2\x80\x99re reaching out. Tread lightly on forums like these, but I\xe2\x80\x99m so glad you are in her life trying to assist her best. \n\nHere are some basic ED-focused to-avoids. It\xe2\x80\x99s not at all extensive and all-encompassing. Everyone has different triggers, but let\xe2\x80\x99s do some simple ones: \n\n- be mindful of mentioning \xe2\x80\x9cbad\xe2\x80\x9d or \xe2\x80\x9cunhealthy\xe2\x80\x9d foods. for one, there\xe2\x80\x99s no such thing, for two, it puts an unnecessary stigma on certain types of food choices that someone recovering doesn\xe2\x80\x99t really need. \n- do not comment on your friend\xe2\x80\x99s body. it might be changing, that\xe2\x80\x99s okay! that\xe2\x80\x99s also good.\n- try to avoid \xe2\x80\x9cweight talk\xe2\x80\x9d, be it someone\xe2\x80\x99s body changing (a friend, a parent trying weight loss, etc) or the time your doctor weighed you. weight is stressful (and does not correlate with your health, BMI is a lie!) and it doesn\xe2\x80\x99t need to be blabbed about. it\xe2\x80\x99s literally like. the least interesting thing to talk about. \n- do not ask direct questions regarding treatment (!!unless your friend brings it up first!!) keep things light unless she invites the conversation. treatment is uncomfortable, it\xe2\x80\x99s raw and tiring. if she brings up passing stories, that\xe2\x80\x99s cool! things like \xe2\x80\x9cso you\xe2\x80\x99re better now?\xe2\x80\x9c or \xe2\x80\x9chow is recovery going?\xe2\x80\x9c can be overwhelming. \n\nand- if you\xe2\x80\x99re close enough- ask your friend how you can support her. i think it\xe2\x80\x99s particularly hard being asked what you need, but treatment centers do prepare you on average for Knowing things. she might want distracting conversations during meal times. she might want space. she might want someone to talk to, who doesn\xe2\x80\x99t hold her with kid gloves. there are easily things that are harder for her to deal with i didn\xe2\x80\x99t mention- she might ask to not bring up certain foods or health talk, or even just things that seem weird. she wouldn\xe2\x80\x99t ask if it didn\xe2\x80\x99t matter. \n\nas a final note, you\xe2\x80\x99re a friend, not a counselor. know your boundaries and emotional bandwidth. your friend likely (hopefully) has a team of professionals wiling to talk out the tough stuff. she cares about you too. treat her as you always do, tell her you love her and you support her- give a hug, if she\xe2\x80\x99d like one. take care of yourself first, and the rest can come with it. \n\nbest of luck.",0.022688728
b' ',2022-10-14 12:41:38,"I had issues long before I developed an eating disorder. Things started simple with like, guilt around food. I saw my sibling go through some cycle of disordered eating, and my parents commented on their own bodies a lot. While my sister seemed to gotten better since then, I didn\xe2\x80\x99t forget it. I have memories around 17-19 binging and purging, yet I still had very\xe2\x80\xa6 I dunno, times when I wasn\xe2\x80\x99t focused on my body at all. When I was fine. \n\nWhen I hit university I went to the gym more often than I ever had. Then I had a professor talk about committing to my values, and I changed my food lifestyle for good. Which exacerbated my long dormant cycle of guilt surrounding food. I kept at it for about 3 years before I sought ED treatment on my own volition.\n\nI only label this all out to say, I was lucky. I didn\xe2\x80\x99t have family members commenting on my body. I had peripherally disordered eating habits and mindsets, but I later came into my eating disorder on my own. I wasn\xe2\x80\x99t that picky as a kid. Prior to my dietary restrictions, I really had an expansive palate willing to try everything at least once. I\xe2\x80\x99m still gaining that back. I hope I will in time too.",0.3399702
b' ',2022-10-14 11:06:11,"A great reframe could be: People operating in the world as they are is a moot point that it is okay to exist as we are. \n\nA question to ask ourselves- Is skinny the goal or is it contentment? Is it comfort in our skin? \n\nI think seeing people moving in the world is beautiful, regardless the arbitrary numbers. I hope you are doing better than when you wrote this. I hope venting a little helped.",0.18096167
b' ',2022-10-14 10:59:48,Yes! You look lovely and I love your piercing!,0.14910075
b' ',2022-10-14 08:02:49,"This is likely due to the constant GI upset. Consider the effect that purging has on your stomach. Both ends are going to be affected by this. I\xe2\x80\x99ve read about people losing the \xe2\x80\x9cgood bacteria\xe2\x80\x9d in your digestive tract and mostly you gotta put something in, be it probiotics via nutrition (yogurt, kombucha, etc) or pills. \n\nI would recommend, tenderly, that if this is something out of your control to seek professional help. Via a doctor\xe2\x80\x99s appointment for this singular GI issue, or something more focused on the core problems at hand if you are able to seek any sort of treatment. These side effects really stack up to permanent damage: bone loss, people on here have talked about prolapse and needing surgery, organ failure, heart problems, esophagus deterioration. I\xe2\x80\x99m not saying this to scare you, but I also\xe2\x80\xa6 am? You saying it won\xe2\x80\x99t stop you should be frightening to think. I realize EDs really prevent you from thinking rationally, I\xe2\x80\x99m there plenty, but I always benefit from hearing someone else tell me that \xe2\x80\x9chey, that\xe2\x80\x99s not normal, that\xe2\x80\x99s scary, it should be a red flag.\xe2\x80\x9d\n\nBe very, very careful. These sort of \xe2\x80\x9cside effects\xe2\x80\x9d  is not just on top of your behaviors, it is your body raising alarm bells and crying out for help.",0.30075973
b' ',2022-10-13 22:17:08,A huuuge point. Thanks for putting this into words. My thoughts exactly. m,0.08133579
b' ',2022-10-13 12:58:30,"Had a mild bike accident. Got what my friend called \xe2\x80\x9ccredit-carded\xe2\x80\x9d by the seat, bruised pretty bad for a few days. \n\nIt\xe2\x80\x99s real. Blunt force can do a number but when it\xe2\x80\x99s directly aimed like that the bruising suuucks.",0.018240377
b' ',2022-10-13 11:46:41,Yea. Still very sensitive down there lol. Not the same but still hurts!,0.031930737
b' ',2022-10-13 04:29:28,"If you have anyone who you can stay close to, I think that for me helps a lot. They don\xe2\x80\x99t have to know the ins and outs. Having company for a meal, or someone to spend some time with helps in times of crisis. \n\nI\xe2\x80\x99m a big proponent of \xe2\x80\x9cI can\xe2\x80\x99t do x behavior until I do y task,\xe2\x80\x9d but the task is something that lasts a long time. Reorganizing your closet, finishing a 10 episode show. The longer I can stay out of the places where I engage in behaviors the better. Easier said than done, I know. \n\nFrom here, harm reduction imo helps for refocusing. Drink something with electrolytes. Eat soft foods, or nutritionally dense, easy to digest meals. (Soups are my friend when I\xe2\x80\x99m particularly spent, miso soup especially.) Drink water. Drink tea. Don\xe2\x80\x99t brush immediately after purging, but do brush your teeth. For some self-love, I recommend nice lotions or a warm shower if that isn\xe2\x80\x99t overwhelming. \n\nYou\xe2\x80\x99re here. You\xe2\x80\x99re going to make it. I\xe2\x80\x99m glad you reached out here.",0.100006916
b' ',2022-10-13 03:38:30,I see you. I\xe2\x80\x99m so glad you\xe2\x80\x99re here!,0.017340474
b' ',2022-10-13 00:06:32,"You\xe2\x80\x99re stronger than your urges. It\xe2\x80\x99s good to give yourself nutrients. This isn\xe2\x80\x99t about \xe2\x80\x9cbad\xe2\x80\x9d or \xe2\x80\x9cgood\xe2\x80\x9d food. This is about ensuring you can function through the say. You ate food that you wanted to eat and enjoy, that\xe2\x80\x99s not a bad thing!\n\nTry reframing a little. Distractions of company or a fun video might help get through the worst of it. You got this. I\xe2\x80\x99m glad you reached out. \xf0\x9f\x92\x95 Hang in there.",0.35600057
b' ',2022-10-12 22:51:07,"First off, two months is HUGE! I\xe2\x80\x99m so proud of you!\n\nI will say what my dietician told me in treatment: Things scream louder when they\xe2\x80\x99re dying. \n\nYour ED is seeing your drive and intentional recovery, and that can lead to thinks like symptom swapping (I didn\xe2\x80\x99t feel the urge to binge until I kept myself from other behaviors, for instance) or these hard spikes in urges. But behaviors don\xe2\x80\x99t mean you haven\xe2\x80\x99t been doing the right thing. \n\nRecovery is really really hard. I really feel you on that. But I also know that every time you complete a meal, or mindfully partake, or fend off the urge for five extra minutes or ten or a whole evening- you\xe2\x80\x99re beating your ED. It\xe2\x80\x99s hold does get less, and these spikes get less frequent.\n\nIt\xe2\x80\x99s also totally natural to feel these maladaptive coping skills come up with things going on in your life. They\xe2\x80\x99ve served you in the past, they just don\xe2\x80\x99t serve you now. Keep doing what you\xe2\x80\x99re doing. Find a new distraction or keep close to someone you trust to ride out the urge wave. You\xe2\x80\x99re going to be okay, success or challenge, you\xe2\x80\x99re going to make it.",0.2666247
b'Recovery Takes Everything Out Of Me',2022-10-12 22:45:30,"When I\xe2\x80\x99m committing to recovery like I have been, I find it takes all my energy and focus, just like my ED does. When I\xe2\x80\x99m deep in my Eating Disorder I can\xe2\x80\x99t focus on anything else, but now that I\xe2\x80\x99ve renewed that determination to get better, I feel like I did in treatment. I can\xe2\x80\x99t write or draw. I can\xe2\x80\x99t focus or read. I\xe2\x80\x99m too focused on the moment to moment to reach outside of my ED OR my recovery. \n\nI know this is necessary. I know this is the path to getting better (I\xe2\x80\x99ve done it before, I know it\xe2\x80\x99s possible) but that doesn\xe2\x80\x99t mean I\xe2\x80\x99m happy with it. When I was in limbo, fighting the ED but allowing it to take up space, I could do other things. Now all my energy is taken up again. \n\nIt\xe2\x80\x99s a weird double standard. If I want my life back (I do, I do) I have to give it just a little bit more. A bit longer. \n\nI just wanted to know if anyone\xe2\x80\x99s felt this too. \n\nFor those who need some hope: it gets easier. Step by step, over time. You can still slip up but be in recovery. You can still fall but be in the right path. Eventually these decisions to choose nourishment or joy become second nature, even when sometimes they\xe2\x80\x99re hard. It does, it Does get better. It\xe2\x80\x99s just hard sometiems too.",0.15802562
b' ',2022-10-12 22:38:09,"You need nutrition to keep going. I found the shift of \xe2\x80\x9cfood\xe2\x80\x9d to \xe2\x80\x9cnutrition\xe2\x80\x9d altered my thinking a little bit. I know it\xe2\x80\x99s hard. I definitely second something small (I usually suggest something softer on the stomach like soup) and finding someone/something to distract yourself. Watch a movie with someone. Even stay in the same space together, call a friend, watch a youtube video. I also find hot water bottles or heat pads to be really helpful in moments where I\xe2\x80\x99m uncomfortable with the feeling of \xe2\x80\x9cfullness.\xe2\x80\x9d\n\nYou got this. And if you slip up, that doesn\xe2\x80\x99t mean you\xe2\x80\x99re done. That means you can try for next time. \n\nDrink water at least, tea, something with electrolytes. If you can\xe2\x80\x99t keep something down you\xe2\x80\x99re putting yourself at higher and higher risk for more serious situations (heart failure to low electrolytes, stomach acid burning your throat.) bullimia is one of the highest risk eating disorders. Please drink something. This isn\xe2\x80\x99t meant to scare you, but you need to know the risks. \n\nWe\xe2\x80\x99re here. You got this.",0.28885582
b' ',2022-10-12 22:31:33,"It\xe2\x80\x99s been said already that this is a trait of addiction. It\xe2\x80\x99s all encompassing, it\xe2\x80\x99s brutal. I don\xe2\x80\x99t even talk about it much, if at all, except in specific circles familiar with the struggle, but it still feels like a static film clinging to the rest of me. \n\nTo answer the question: I found that separating my ED even by stating \xe2\x80\x9cmy ED does this\xe2\x80\x9d rather than \xe2\x80\x9cI do this\xe2\x80\x9d makes a difference. This is a hard step and something I struggled with, but in treatment it helped me find myself bit by bit again.  You\xe2\x80\x99re not your eating disorder, you\xe2\x80\x99re affected by it. You struggle with it, but it isn\xe2\x80\x99t you. It wants to be, but it can\xe2\x80\x99t be. You have interests and hobbies and loves. You have people in your life or music you like. Your ED can be all encompassing, it can take you over, but that\xe2\x80\x99s addiction, that\xe2\x80\x99s not you.",0.074862376
b' ',2022-10-12 12:01:04,I\xe2\x80\x99m glad you\xe2\x80\x99re safe. I can\xe2\x80\x99t imagine how scary that is. I don\xe2\x80\x99t know why news stations aren\xe2\x80\x99t Iran\xe2\x80\x99s current state at the top of their lungs.,0.07689032
b' ',2022-10-12 07:25:27,"Therapy is a great option here. I\xe2\x80\x99d definitely consider looking into it. The feelings that can come up are alarming and confusing, but however you explore your identity (and come back or go forward from that exploration) have meaning.",0.08505313
b' ',2022-10-12 05:45:59,"Proud of you for figuring out what works best for you! Everyone\xe2\x80\x99s journey is unique. Medical transition does not change the validity of who you are and how you see yourself. You do not need to conform to the specific societal implications of what it means present a certain way, and you don\xe2\x80\x99t need those conventions to fee comfortable in yourself. Wishing you the best!",0.1330119
b' ',2022-10-12 04:36:05,"Had a coworker just stop talking to me. Wouldn\xe2\x80\x99t acknowledge my presence for about 6-7 months. Got to a point where students disrespected me because they mimicked her behavior. \n\nNext year she came by and visited like nothing changed. Joked with me, then quit the next day. Insane.",0.02139461
b' ',2022-10-12 04:13:18,"Yeah no I\xe2\x80\x99m glad it was caught early!! And hopefully it goes well. Dentists freak me out but my fillings went pretty well/seamlessly. \n\nThat said, Yeah. I know for me it was this \xe2\x80\x9cI really am doing this to myself huh\xe2\x80\x9d sort of energy. I think it\xe2\x80\x99s a good reason to keep in mind or tack onto a list of like \xe2\x80\x9cwhy to commit to recovery\xe2\x80\x9d if that makes sense?\n\nEither way I feel for you. Sending good vibes at least.",0.055762857
b' ',2022-10-12 04:10:26,"Agreed with above, the face swelling if it\xe2\x80\x99s occurring at all, is beneficial and necessary. \n\n and uhh, tack on question\xe2\x80\x94\n\nAre there any alternatives to getting electrolytes/potassium/etc other than flavored water or gatorade? I def want it around in the idea of harm reduction (a \xe2\x80\x9cjust in case\xe2\x80\x9d measure) but I hate the taste of gatorade/Powerade.",0.22133616
b' ',2022-10-12 04:07:04,holy shit. I\xe2\x80\x99m so sorry that happened.,0.0023735939
b' ',2022-10-12 04:06:18,"It\xe2\x80\x99s scary, right? Had my first cavity every, all due to purging. Sometimes it\xe2\x80\x99s the wake-up we need, but it\xe2\x80\x99s okay to just be shocked. Hopefully the process of tending to them isn\xe2\x80\x99t too bad?",0.0965904
b' ',2022-10-12 04:04:38,I\xe2\x80\x99m so proud of you friend!! Each step matters. It\xe2\x80\x99s harder for the ED to hold onto you every time you act against it. Celebrate every victory.,0.12800695
b' ',2022-10-12 02:27:37,90% made up. Most kids seeking treatment do not get it until much later.,0.064159565
b' ',2022-10-12 02:26:46,"I have yet to hear a compelling argument as to why someone wouldn\xe2\x80\x99t date another closer in age. The question you need to ask to the older party (gender irrelevant!) is \xe2\x80\x9cWhy are you not interacting romantically with someone closer to your own age?\xe2\x80\x9d\n\nIt never bodes well. Coworkers also screams a power dynamic issue. \n\n25 is barely an adult. The age experience of someone 20 years your senior begs to be put into question. Why are you not attracted to someone older, with similar life experience? What are you looking for when you seek someone 10-15-20 years younger?",0.055251166
b' ',2022-10-11 22:31:48,"If you use your phone often, I recommend Recovery Record. Its free and holds a bunch of reminders for meals, lets you personalize with your goals, reasons for recovering, and while some aspects of it feel a bit cheesy (mainly their uplifting phrases you can \xe2\x80\x9ccollect\xe2\x80\x9d) you only have to utilize the parts that work for you. \n\nIf you haven\xe2\x80\x99t tried online support groups, I find the accountability of even just a time where topics and themes of recovery area being discussed realigns me with my values and Why I want to recovery. If you\xe2\x80\x99re in the US there are tons of free online groups. \n\nI definitely get you with this. Recovery is really complicated and I haven\xe2\x80\x99t fully committed to Recovery in a long time. But it starts here- with asking how to start. I\xe2\x80\x99m proud of you.",0.13255814
b' ',2022-10-11 22:23:52,Treasure. Planet.,0.105642155
b' ',2022-10-11 06:53:56,"Living on One Dollar. It was a student-made documentary that used to be on Netflix, where they went to a remote region and pulled numbers out of a hat to see how much money they made that sad. The doc focused on the community around them rather than the filmmaker\xe2\x80\x99s direct experiece. Moving and well done. I still think about it.",0.1227199
b' ',2022-10-11 06:44:36,hoping you get through this OP. there is more to life than this and i hope you get it.,0.053392056
b' ',2022-10-11 05:04:21,How they treat wait staff. Comments on other people\xe2\x80\x99s bodies- stay in your lane.\n\nBig one: Not communicating basic needs and wants- I had someone give a whole group the silent treatment because she wanted to go outside and said nothing. While we were all outside. Pass.,0.056485012
b' ',2022-10-11 05:02:29,"You can do without. You can achieve something special and plenty fun on your own sober. That\xe2\x80\x99s why I\xe2\x80\x99ve dropped alcohol. You\xe2\x80\x99re missing dropped inhibitions and potential dependancies, mostly.",0.13408573
b' ',2022-10-11 05:01:08,"It is natural for this, to a degree, to feel good. It\xe2\x80\x99s a coping mechanism that has been engineered to give us a specific Thing (feelings of control, relief, it varies person to person- and a helpful question to understanding your ED as to What it is giving you, or what it is trying to give you) \n\nI think for me the guilt and pain come after. We know, I feel as though if you\xe2\x80\x99re in this r/ you kind of, Know, that this is not good. It is not something to protect us in the long term, and has far more consequences than benefits. We know this, and we still do it, and for me that acknowledgement is where the \xe2\x80\x9cbad\xe2\x80\x9d comes. \n\nAlso, let\xe2\x80\x99s be honest- purging I would say does not \xe2\x80\x9cfeel\xe2\x80\x9d good. The act thereof kind of sucks, but the after effects come with a boost of brain chemicals. There\xe2\x80\x99s science in this, others have pointed it out, addictive properties to the act/ritual/routine that has served a purpose in the past.\n\nTLDR: It feels good not because it \xe2\x80\x9cis\xe2\x80\x9d good, but because this is a disorder that affects and changes your brain chemistry. It is easy to love what is given you, and by proxy what you have to do to get it. It\xe2\x80\x99s the definition of addiction.",0.1714189
b' ',2022-10-11 04:52:50,Kill myself lol.,0.053299665
b' ',2022-10-10 22:51:34,"When I present masculinely, I see people wary of me. I\xe2\x80\x99m pretty short and slight, but if I\xe2\x80\x99m in my own head just walking (lets be real- a walk home is perfect for brooding on occasion, some somber music, you know) I\xe2\x80\x99ll see women cross the street, walk a bit faster or look over their shoulder. I recognize the pattern. I used to do it and I still do. \n\nIt\xe2\x80\x99s a small thing, not the worst, but I always feel so bad for it. It\xe2\x80\x99s one of the first things I noticed as I transitioned. I just wish women felt safer.",0.07190859
b' ',2022-10-10 11:59:56,"I like the advice that everyone has given so far. I\xe2\x80\x99d also suggest reading books with trans characters in them (particularly by trans authors) as experiences vary and implementation varies too. If you\xe2\x80\x99re looking for an arc centered around coming out, you\xe2\x80\x99ve done the right thing by asking for trans narratives outside of what you personally know!\n\nI realize for a while it was dogged on, but the High Guardian Spice anime had one of the most well done trans character arcs I\xe2\x80\x99ve seen, with a very similar dynamic (trans man mentor, trans woman mentee) that you\xe2\x80\x99re talking about.",-0.01847013
b' ',2022-10-10 10:52:19,"Just be upfront. Be blunt, be forward- you can do this and be kind at the same time. Dodging and avoidance will always make something worse in the long run.",0.16373
b' ',2022-10-10 10:26:40,It\xe2\x80\x99s called Recovery Record- it\xe2\x80\x99s a way to instill goals and coping skills with yourself. Some therapists/dietitians use a version that they can see/linked their their practice but it\xe2\x80\x99s available for free for Android and iPhone. Not too hard to navigate but a little robust. I use it for the accountability.,-0.032995753
b' ',2022-10-10 06:45:01,Absolutely.,0.040149167
b' ',2022-10-10 06:43:56,"Big understand on this one. Sometimes I really do feel like I\xe2\x80\x99m not genderfluid and then something flips a switch and its like. Ah. Oh yes I am. \n\nYou are real and you are here. You are enough. Genderfluid adults exist (hi!) and you will make your way through this world regardless of how people think you should. I get it, I do. Good days are coming.",0.15049358
b' ',2022-10-10 05:36:02,"Because wealth is generational, my rich grandparents hate my family, because I do not have the aptitude nor the strength to handle a full time office job.",0.06633211
b' ',2022-10-10 03:48:45,The Walking Dead,-0.05709774
b'Little Victories',2022-10-10 03:21:39,"After a long relapse, I redownloaded RR and am monitoring my food as well as urges. I\xe2\x80\x99ve been clenching my jaw so much one side of my teeth literally hurts, and no doubt my recent uptick in behaviors have helped my teeth anyways? but I\xe2\x80\x99m back at ground zero. Some 20 hours without behaviors.\n\nI\xe2\x80\x99m posting this *mostly* for myself but also to point out- hey. You can do this. Anyone can do this, and it can start at any point. We\xe2\x80\x99re gonna be okay. We can be. I love you all.",0.29589185
b' ',2022-10-09 21:57:13,"Thank you for sharing your story. I really, really like the point here of her missing the relationship between man and woman. It\xe2\x80\x99s something I forgot- like people mourn not the change entirely in Our identities, but of their own. (parent\xe2\x80\x99s expecting daughters or sons, partners expecting boyfriends/girlfriends, etc) I think for a lot of people that the second \xe2\x80\x9cAlly\xe2\x80\x9d is more direct than \xe2\x80\x9cI know someone who knows someone\xe2\x80\x9d things get a lot more real.\n\nYou are right about the grief though. Makes me think. \n\nI know you know your strength, you wouldn\xe2\x80\x99t mention so much at the end if you didn\xe2\x80\x99t know you survived all of it- but you\xe2\x80\x99re a goddamn champion and I\xe2\x80\x99m so glad you\xe2\x80\x99re here sharing your story.",0.017672405
b' ',2022-10-09 21:45:58,This is common place as well for Deaf and HOH members to do. It\xe2\x80\x99s not rude at all! It\xe2\x80\x99s an alternate way to communicate!,0.0013120361
b' ',2022-10-09 13:40:23,"I mean, I don\xe2\x80\x99t know, but assuming their professional background they\xe2\x80\x99re aware of most tricks in the book. Even if you\xe2\x80\x99re doing it in a way where you\xe2\x80\x99re not engaging in behaviors on site, they\xe2\x80\x99re smart. And it\xe2\x80\x99s not like they\xe2\x80\x99re going to \xe2\x80\x9cpunish\xe2\x80\x9d you for it. If you tell them (or if you don\xe2\x80\x99t) they just want information that is going to help them plan the best treatment for you possible. Recovery looks different for everyone, it\xe2\x80\x99s all highly individualized. \nAnd to note, most professionals in this field I\xe2\x80\x99ve found have an experience with it directly. They\xe2\x80\x99ve been where you\xe2\x80\x99ve been, where you are, I mean. They kinda know how sneaking around works. \n\nLike, to emphasize, it\xe2\x80\x99s scary! And it\xe2\x80\x99s natural to want to cling to something familiar that has gotten you through so much. But you\xe2\x80\x99re gonna come out the other side of this with more tools to equip on times of crisis. Some of part of us, always, wants to live.\n\nTLDR: Come/go as you are. These are people determined to see you through, who want you to be okay. And hey, I\xe2\x80\x99m proud of you.",-0.064240456
b' ',2022-10-09 11:41:34,"Ugh, that\xe2\x80\x99s so dire. It all sucks. What I\xe2\x80\x99m trying to do right is recenter with not \xe2\x80\x9cchallenges\xe2\x80\x9d and make the point of like, complete meal, distract until next meal. Baby steps in the direction of recovery are the point of  recovery, yeah? Sometimes we gotta start from point one again. \n\nBut I sympathize. Currently it\xe2\x80\x99s not, and I\xe2\x80\x99m not sure when it will be, but I\xe2\x80\x99m logging back into online support groups, which will be nice. I def recommend those to anyone who has the availability for them.",0.13657936
b' ',2022-10-09 11:33:56,"No worries my guy! Take your time and however you go, I hope it\xe2\x80\x99s a positive experience nevertheless!",0.054388285
b' ',2022-10-09 11:31:17,"I went through PP. Very kind. Well meaning, genuinely such a great experience. Two trips and I had my vial. I will say that they are *extremely* hard to get a hold of in some areas, so while you can certainly get the prescription through them I would try to get involved with another practice once you get established. Been on T for 5 years and I still have to pull teeth to get that prescription renewed (often in person appointments that I called for 3 weeks to get an answer, any answer. Leaving a message leads me nowhere.) There are two PPs in my immediate area and both are like this. Just a lot of demand and not enough support. And doctors in my area were super transphobic and unwilling, they were my only lifeline which I am grateful for- but they do do this unfortunately.\n\nTLDR: More doctors will be more comfortable prescribing HRT after you get established to the best of my knowledge. PP has Informed Consent to make the route to medical transition possible, but they are hard to get a hold of in some areas. Best of luck!!",0.05850428
b' ',2022-10-09 10:06:52,"As someone who did this in treatment- it comes back to bite you. Professionals know when you\xe2\x80\x99re still engaging in behaviors, even if they don\xe2\x80\x99t say anything.  I\xe2\x80\x99m not going to say that Treatment Will Change You, treatment was one of the hardest things I\xe2\x80\x99ve ever done, but it does show you how to rewire that circuit in your brain that needs that control. It helps. The first day I didn\xe2\x80\x99t exhibit any symptoms, the first week? It\xe2\x80\x99s a freedom and a *control* I thought I\xe2\x80\x99d never see again. \n\nHoping the best for you. You got this.",0.14602384
b' ',2022-10-09 10:02:52,"I\xe2\x80\x99m feeling this pretty hard. I feel like I don\xe2\x80\x99t have any safe foods anymore. I\xe2\x80\x99m almost a year out of a day treatment and sometimes these last couple weeks I\xe2\x80\x99ve felt the walls closing in. No matter what I eat, new or old or familiar of desired, even if I want the food I feel the urges come back strong.",0.2931705
b' ',2022-10-09 09:49:13,Phone numbers! We don\xe2\x80\x99t know them anymore!!,-0.08521806
b' ',2022-10-09 09:48:25,"OP, I love your honesty here. I will offer an addendum: you didn\xe2\x80\x99t kill the man she loved. You\xe2\x80\x99re showing her  the real you. You\xe2\x80\x99ve always been here. Grief is real and you wrote this all so beautifully- but. You are not dead. You are right here. And I\xe2\x80\x99m so, so glad you are.",0.03942907
b' ',2022-10-09 09:46:13,I love that people come on his show and don\xe2\x80\x99t expect to get Reamed like this.,0.016438669
b' ',2022-10-09 09:37:41,"Julia/Julianna? Just the first one that came to mind.\n\nI looked in my family history for a name that fit, and I know that\xe2\x80\x99s not everyone\xe2\x80\x99s available journey. \n\nThe name you as a kid reached for when you were making up stories? The one you liked when playing games, or the one you can\xe2\x80\x99t explain *why* but you just like? Follow that threat.\n\nLooove your fashion sense by the way. I love the overalls!",0.1122504
b' ',2022-10-09 09:33:28,Human remains.,-0.06755107
b' ',2022-10-09 09:33:01,"For me, it\xe2\x80\x99s a sludge. It dulls the colors of the world. It leadens my muscles. It makes things hard to do- to move my head, to focus, to get out of bed. I\xe2\x80\x99m fairly high functioning with medication, can laugh and can\xe2\x80\x99t cry, but I still often feel just Heavy. Weighed down with it.\n\nOther times it\xe2\x80\x99s just. I dunno. A tremendous guilt, an insensitive, harsh critic drowning out all other noise. It\xe2\x80\x99s still heavy though, makes me feel hollow but absolutely made of stone. Foggy days are frequent too, but that\xe2\x80\x99s any number of factors.",0.10082251
b' ',2022-10-09 09:29:35,"You\xe2\x80\x99d love Middlegame by Seanan McGuire.\n\nAlso, quantum physics seems to indicate that the information is known only when it\xe2\x80\x99s perceived.",0.06882708
b' ',2022-10-09 09:28:22,"I dunno. People change but it would depend on the situation, the wrongs, and state of things. For instance I\xe2\x80\x99m in a relationship now and happily so. I\xe2\x80\x99d be hard presses to let someone back in my life anyways, but that\xe2\x80\x99s just me.",0.023428388
b' ',2022-10-09 09:26:14,"If therapy doesn\xe2\x80\x99t help, you\xe2\x80\x99re not into it or you\xe2\x80\x99re with the wrong therapist. Multiple types of therapy exist, and it doesn\xe2\x80\x99t have to be 1x1, there\xe2\x80\x99s group therapy, there\xe2\x80\x99s support groups in general.\n\nAs a note, I wasn\xe2\x80\x99t able to get gender therapy. US medical insurance system, amirite?\n\nThis isn\xe2\x80\x99t me saying you have to go, and I\xe2\x80\x99m sorry your parents are asking such invasive questions, but to prescribe to some good faith therapy is helpful for Plenty of things outside of gender. Just, consider why you\xe2\x80\x99re against it, or if you\xe2\x80\x99d respond differently against the question if anyone else asked. (Aaand if I\xe2\x80\x99m off the mark here and this was more Gender Therapy focused forgive me",-0.038933683
