Title,Date,Text,Similarity
b' ',2022-10-18 02:41:20,"""Listen, you can feel however you want, but a random post about Russians fleeing the draft is not the place to bring up your dislike of Ukraine or the mottled history it (and literally every other country on earth) has.\n\nYou sound exactly like a Russian troll bot that goes on to every post about the war to post comments about why Ukraine isn't perfect (no one thinks it is). Whether you are or not doesn't matter. \n\nYou don't have to care about how your words are received in context, but if you don't care you can't complain about the consequences.""",0.11375191
b' ',2022-10-18 02:28:00,"I have read all of the thread that is there. You replied to a completely unrelated post and unrelated comment about why Russians were fleeing the draft with reasons you think Ukraine is fascist - not just reasons, but directly taking from Russian talking points.\n\nWhether you actually support Russia is meaningless here, you sound like you do.",0.12723586
b' ',2022-10-18 02:24:55,"""While yes it's a shitty sub, looking at the post that's not at all what happened. The post was about Russians fleeing the draft, and OP regurgitated Russian propaganda about why Ukraine is fascist in the comments; when confronted, they used historical antisemitism as a justification for not liking Ukraine (implying that Russia is right, even though they didn't actually say that)""",0.028064683
b' ',2022-10-18 02:10:09,"""Israel is not relevant any time Jews are involved, and the history is completely different.\n\nYour original comments were deleted so we can't see them, but the screenshot you posted accuses Ukraine and its supporters of fascism.\n\nContext is everything. You brought up this history at a completely inappropriate moment, to make a frankly bizarre point that aligns almost exactly with the justifications Russia is giving for their barbaric attacks on Ukraine - of course everyone would assume you were supporting Russia.""",0.094863296
b' ',2022-10-18 01:48:52,"You didn\'t say exactly that, but it\'s how you come across.\n\nIsrael is utterly irrelevant here, it\'s more like if there was an absolutely awful tragedy in modern day 2022 Germany and your response was ""yeah but Germany sucks because of Nazis.""",0.16028169
b' ',2022-10-17 21:37:16,"""I don't have any awards to give but this is a very, very good explanation for OP""",0.043280993
b' ',2022-10-17 20:44:46,"Dude you were attacked for being a ""Russian apologist"" because you sound *exactly* like one, whether you are or not.\n\nRemember that Putin\'s whole ridiculous justification for his invasion is that Ukraine is apparently a Nazi state; so when you say ""oh actually I hate Ukraine because of antisemitic history"" you do sound exactly like the people supporting Russia\'s actions.\n\nHave whatever personal feelings you have, that\'s fine, but learn when to shut up about it. I\'m not a big fan of \'the English\' as a group, my ancestors having been treated awfully by them, but I\'m not going to go agreeing with an attacking terrorist who tries to justify their actions by saying the English deserved it.",0.12250814
b' ',2022-10-17 17:24:34,The fact people prefer anyone to Navi is bonkers,0.038823307
b' ',2022-10-17 17:24:00,No this is hilarious,0.052478682
b' ',2022-10-17 17:21:43,"""Nothing by ordinary people except limiting his influence honestly - platforms need to stop broadcasting him, he needs to be taken off social media. Do you remember anything Trump said since he was banned from social media? I can think of one or two things I heard, but nothing like before. It's got to be the same with Kanye, people need to stop giving him interviews, stop allowing him a platform to spread bullshit""",0.14089173
b' ',2022-10-16 22:57:25,"""And racist and homophobic, but she doesn't do any of those as loudly, constantly, or extremely as she does her transphobia""",0.074707285
b' ',2022-10-16 17:34:39,"""This is a tangent, but: horrifyingly enough, some people treat disabled children and adults worse than they would treat dogs, under the guise of helping them, which is imo disgusting. The judge rotenberg center continues to use electric shocks on children and adults, despite being condemned for torture by the UN\n\nThere's also ABA which is an abusive form of behaviour conditioning often likened to dog training, [but dog trainers say they wouldn't treat dogs like that](https://neuroclastic.com/is-aba-really-dog-training-for-children-a-professional-dog-trainer-weighs-in/)""",0.114640415
b' ',2022-10-16 17:24:02,"""I agreed with you until hogwarts legacy, if she wasn't antisemitic she could've vetoed the plot and made it go in literally any other direction""",0.09830189
b' ',2022-10-16 17:22:16,"""I don't think anyone thinks that's the main problem, actually - the problem is that she's extremely, vocally transphobic.""",0.08624425
b' ',2022-10-16 17:20:17,"""The plot is about stopping the ~evil goblins~ who are stealing wizard children - it's blood libel as a video game plot""",0.027789643
b' ',2022-10-16 12:12:30,"Love this! I also recommend Siddur Masorti (not free ofc) which is a great set of siddurim, fully transliterated and translated",0.029867772
b' ',2022-10-16 04:01:14,"""Your experience is very different to mine; the books came out when I was a pre-teen through teen and the goblins were discussed as an uncomfortable caricature back then. The game really sealed it, if she wanted to avoid being seen as an antisemite she could've vetoed the plot and gone in any other direction""",0.16433734
b' ',2022-10-16 03:52:04,"""Exactly, I will never support buying official merch or new books, but if entirely fan made HP spaces bring people together I think that's great""",-0.012126163
b' ',2022-10-16 03:38:59,"Thank you, I really appreciate your words here",0.14407308
b' ',2022-10-16 02:27:55,"Interesting, thanks! I usually use instant tea anyway",0.12527071
b' ',2022-10-16 02:10:27,"""In individual houses I think it's very uncommon now yeah - when we didn't have electricity and timers and all that it was a bigger necessity of course. Lots of synagogues have goyische employees who work on Shabbat though""",0.092720464
b' ',2022-10-16 02:06:45,Thanks \xe2\x9d\xa4\xef\xb8\x8f,0.057989314
b' ',2022-10-16 01:56:06,"""It sounds so obvious but I can't believe I didn't think about slow cooking, we even HAVE a bloody slow cooker! I have a bunch of lamps on timers for lights which works, since we can't change the wiring to add them in and bills wise leaving lots of lights on is rough \n\nIt's half term soon so I'm definitely going to make a big batch of challah dough to freeze too. I'm adopted and was brought up by (wonderful) goyische atheists so I'm very much picking up these skills on the fly that I feel like a lot of Jews get taught by their parents""",0.27118385
b' ',2022-10-16 01:35:18,"""Well yeah it's the obvious option, but I guess I was hoping people who've been doing this a lot longer than me would have advice - and I've got some very useful advice!""",0.07496403
b' ',2022-10-16 01:31:26,"This is very helpful, thanks!",0.07767961
b' ',2022-10-16 01:30:58,"""It's something every observant interfaith couple deals with, it's very normal and we're happy with the situation we have; we've been doing it for over 7 years and have had a long time to iron out how Shabbat and yom tov look for our relationship.""",0.082482144
b' ',2022-10-16 01:28:03,"""You actually don't get to pass judgement on my relationship at all, or on where I draw the lines of my own observance. If my partner wants to turn the lights on *for themselves* that's obviously fine; them cooking two servings of food for the two of us, when without me they would only make one, is a different matter entirely.""",0.26520014
b' ',2022-10-16 01:23:13,"""You use a kli shlishi, that's how I was taught at Chabad""",0.035718497
b' ',2022-10-16 01:17:45,"""Seems like that's gonna be the only way yeah""",0.03549627
b' ',2022-10-16 01:12:23,"""Which they wouldn't, hence why I don't like it.""",0.03908686
b' ',2022-10-16 01:10:37,"""I didn't say anything about violating Shabbat, in fact I specially said my partner doesn't do things for me on Shabbat because I don't like the grey area""",0.066164404
b' ',2022-10-16 01:06:40,"""Not really, we don't have an issue being an interfaith couple, and they're well aware of and supportive of my Shabbat observance.""",0.10350369
b' ',2022-10-16 00:58:06,"""My partner isn't Jewish but I don't like them doing stuff I benefit from, especially cooking when I can eat cold food""",0.25765276
b' ',2022-10-16 00:54:06,"""We don't have a sabbath mode on anything, which is incredibly annoying but not much I can do about that in a rented flat lol. I guess you're right, it'll have to be a crazy Thursday night of prep! I have an urn on a timer thankfully so at least there's always tea \xf0\x9f\xa4\xa3""",0.14242023
b'Working adults - any advice on prepping for Shabbat when you work on Fridays?',2022-10-16 00:32:26,"""So until now I've always either been a student or worked from home. Now I work in a school so at least I get home by 4:30pm-ish, but I'm finding it so hard to get everything ready for Shabbat around work now that it's starting earlier. I haven't made challah in weeks because there just isn't *time*, and this week I didn't manage to get food for the day made on Friday evening so we had to have cereal for breakfast and lunch lmao. As Shabbat gets earlier I won't have time to do any prep on Friday nights at all.\n\nDoes anyone have any tips? I don't have someone else who can help, my partner also works full time out of the house\n\n(Flair is probs inaccurate but I couldn't pick out a better one)""",0.16356188
b' ',2022-10-16 00:17:27,"""I actually don't engage with HP myself, and I really don't appreciate the way you're talking to me when I'm trying to respectfully disagree with you, as a fellow trans Jew and therefore just as affected by this as you are""",0.11466928
b' ',2022-10-15 23:20:52,"Her depiction of the goblins as untrustworthy, immoral, greedy people who have a distinct but decidedly lesser culture is eyebrow raising - add the physical description (long hooked nose, etc) and it\'s quite suspicious. Add the Star of David on the floor of gringots in PS (not her decision but she signed off on it) and it\'s definitely not just ignorance. The final straw is ""blood libel: the video game"" aka Hogwarts Legacy which again, she didn\'t write but she okay\'d (Jews-sorry goblins- are stealing Christian-sorry wizard- children)",0.055195272
b' ',2022-10-15 23:14:00,"""Yeah I definitely agree, it does make it a much harder case than say, Oscar Wilde or Roald Dahl (both antisemites). \n\nPersonally I prefer to recognise the biases inherent in the works than either reject them outright or act like there's no artist. But for things like this and other fan-made things (eg Harry Potter and the Sacred Text, The Harry Potter Alliance) which have absolutely no association with the original artist itself and are trying to do good... I think that's an awesome reflection of people making beauty out of shit""",0.064546525
b' ',2022-10-15 23:03:27,"""I disagree, but that's fine - I'm trans and don't get me wrong I absolutely despise her, but I see fanmade HP stuff as a celebration of the decades of community that've been built around HP, not of her""",0.07051967
b' ',2022-10-15 21:30:30,"""Yes absolutely she's garbage and doesn't deserve our money - but fans can continue to make HP-inspired spaces without giving her money. A lot of fantastic things have come from the fandom, after all""",0.031224625
b' ',2022-10-15 13:03:56,It was the name of one of my group chats in uni lol,0.011563534
b' ',2022-10-15 12:56:25,"""I've done sublimation transfers on hats, it's a bit of a pain to get them to line up cos you have to use an iron but it's possible""",0.07004799
b' ',2022-10-15 12:55:49,"""Where are you? I can probably make this for you using printable vinyl or sublimation, you'd need to pay for the materials and shipping""",0.030451942
b' ',2022-10-15 12:45:25,LGBT(oken straight friend),-0.028847879
b' ',2022-10-14 19:29:13,"""I just want my villagers to interact with furniture and decorations properly. I wouldn't mind the flat dialogue if they actually used the areas I spent hours designing""",0.08538079
b' ',2022-10-14 19:24:45,"Sneezing is never normal, I never sneeze",0.15393041
b' ',2022-10-14 18:00:16,"""That's kinda my point, that we should celebrate both!""",0.08827859
b' ',2022-10-14 17:53:47,"""Imo it's the fact that people consider intermediate male crafters to be ~inspirational~ while not batting an eyelid at truly incredible female crafters, yanno? \n\nLike, defying gender norms is great and I totally celebrate that, but I hate when people act like me making socks and jumpers from a pattern is cooler than my friends who design their own lace shawls just because I'm a man and they're women""",0.012317841
b' ',2022-10-12 23:43:26,"""I use lifts constantly, since I'm a wheelchair user.\n\nLess stark, white lighting is always good. The lift is a transitional space, so you don't want it to be unpleasant\n\nPhysical buttons are absolutely necessary. I would not trust a lift without them.\n\nPlease don't put a screen in there, I've been in lifts with ads and it's always annoying""",0.12047875
b' ',2022-10-12 23:24:25,"""I'm a trans man and I know so many trans Jews, both born to Judaism and converts! Orthodoxy is not generally as welcoming (but if you visit an orthodox space and aren't visibly trans you're gonna be fine) , but other spaces are. I fit in best in Masorti spaces but I'm not sure if there are Masorti communities in South America at all, sadly. Reform, conservative, recon etc should all be welcoming to you! You're also welcome over at r/transgenderjews of course""",0.054573055
b' ',2022-10-12 20:57:28,"""Not really, having been to school in NI, RoI and England. NI has some of the RoI systems but otherwise follows the English one. They name the years differently and the age cut off is July not September, there's no SATs for primary school, and they have more religiously selective schools than in England.""",0.10126069
b' ',2022-10-12 17:46:45,"""Only for medicine, yeah - some work experience is usually organised by your school, and since it's known that all medical schools require it, facilities are expecting it! It's not just hospitals, which I'd say is the rarest kind of medical work experience actually, it's GP practices, care homes, physios, etc. It's things like sitting in GP visits or outpatient consultations and listening usually (patients can always ask the student to leave), or volunteering in a care home, that kind of thing. They want you to get a real understanding of the physical and emotional demands of medicine before you start 5-10 years of training!""",0.035954032
b' ',2022-10-12 17:10:32,"Some extra curriculars are genuinely really useful (debating club is a great way to train your analytical skills, drama is great for your creativity), but it\'s never a requirement for uni or anything - when we apply to uni it\'s through a single centralised system and we write one personal statement for all our university applications, not personal essays for each. Usually it should be 98% about academic stuff (why you want to do Maths or English Literature or German at university) and showing your subject knowledge and interest, with maybe a sentence at the end to show you are in fact a rounded human with other interests. Eg I studied psychology and philosophy, so mine was mostly about the areas I was interested in and what I thought of the things i\'d read in the subject; at the end I said something like ""in my free time I play the piano and sing in the school choir.""\n\nThe only real exception is medicine, where you need a good background of medical work experience to apply for medicine at uni. The reason is that medical careers are honestly brutal, so you need to have done some appropriate shadowing before you start studying medicine so you know if it\'s really what you want to do. You also HAVE to apply to 1 non medicine course (out of the 5 you can apply to; so it might be medicine at Durham, Bath, Edinburgh, and Glasgow, with Biology at Exeter as your non-medicine choice).\n\nEdit: I should say, at private schools there\'s a lot more sport, it\'s usually called ""games"" and it\'s usually a requirement for everyone to choose a sport and do it 2-4 times a week. You might do hockey in the autumn term, football in the spring term, and tennis in the summer term. They have a lot more inter-school sports too, but there\'s still really no school pride lol",0.0060447063
b' ',2022-10-12 17:03:02,"Well, the English, Welsh, and Northern Irish system... Scotland is the only one that has its own",0.049953997
b' ',2022-10-11 21:55:59,"""Some people will always object to you getting any tattoo because you are indeed Jewish. It's your body and therefore, to my mind, entirely your choice what to do with it.\n\nAnywhere will be fine, although I'd avoid the forearm if you're trying to be extra sensitive (Holocaust tattoos after all). Like someone else said, in general it's a good idea to place tattoos so they're coverable for work etc!""",0.0301904
b' ',2022-10-11 21:29:23,"""I very much doubt it, either legally or morally. The next of kin makes these decisions so that's unlikely to be challengeable, but it would also be a very inconsiderate thing to do to challenge your family on their choices for their next of kin at a time like this. An unexpected death is always an awful thing to experience, they've made a decision based on their own values and it's really not anyone else's place to judge""",0.0791022
b' ',2022-10-11 21:25:39,"Depends on the country, chag ended a while ago in Europe",0.023042273
b' ',2022-10-11 21:24:58,"""I feel safe in the UK as a visible Jew (kippah-wearing), but I do not feel safe if I make myself visibly transgender - and I don't feel safe in terms of my rights as a trans person here. I have considered moving because of attitudes towards trans people many times, but immigration as a disabled person is so hard because almost nowhere will take us\n\nI could go to Ireland, which I do love, but work wise it would be very difficult for my family there.""",0.03429278
b' ',2022-10-11 20:30:04,"Sure, but you could be measuring the wrong thing with some of these questions because of it",0.20805618
b' ',2022-10-11 19:18:12,"""It varies hugely depending on the person's background, the intensity of their study, and so on. A patrilineal who has been brought up Jewish isn't going to need much, the long term partner of a Jew is likely to need less time and study than someone totally new to Judaism. A minimum requirement is going to be a much more intense program than a longer one; people don't go from Joe Bloggs who knows nothing about Judaism to a fully involved community member and Torah scholar in a year, but they might take a year to get there from someone with Jewish grandparents, for example.""",0.103342265
b' ',2022-10-11 19:07:53,"Also I have my phone on silent at all times, but I still get plenty of notifications I just ignore most of them",0.10012704
b' ',2022-10-11 18:54:44,"""Yeah, it's definitely using a white western concept of masculinity and femininity - which is fine since that's likely to be the study demographic, but it would be interesting to see what results other cultures produced""",0.1564826
b' ',2022-10-11 18:52:48,"""Some of these questions are a bit ambiguous, although I do understand why they're written in the way they are\n\nEg about boys roughhousing and girls being nicer to each other - research does show that on the whole boys engage in more physical play... but I don't think that's innate, I think it's primarily due to the expectations of them and the character of their early social interactions\n\nSingle fathers may well need support and education on basic things that girls are taught as a matter of course, which men aren't - it's because of societal assumptions, not their gender itself. Women and girls are often brought up looking after younger members of the family whereas men and boys often aren't, so men often start parenthood with more to learn.""",0.16297302
b' ',2022-10-11 18:31:48,"A lot of controllers can connect to multiple systems using bluetooth, but switching the controller between systems is a huge pain. It would need to be seamless",-0.008408831
b' ',2022-10-11 18:20:42,"""Transgender male is not a separate gender to male. Transgender female is not a separate gender to female\n\nA trans man's gender is male in the same way that a cis man's gender is male""",-0.051809177
b' ',2022-10-11 18:09:26,"Yep! I answered as though, if I was a meat eater would I prefer free range, to know where it comes from, etc",0.34842786
b' ',2022-10-11 18:08:35,"""Yeah I'm similar, I don't eat meat (or seafood, for kosher reasons, but I would if I wasn't Jewish [except octopus, because I think they're so intelligent it's alarming]) but I do eat most fish. I try to avoid cod because of overfishing, and go for wild or line caught over farmed. So I went for veggie, since that's the simple answer I give folks when they ask lol""",0.24678986
b' ',2022-10-11 18:06:28,"""You haven't made it clear how you class fish by the way, a lot of people are pescatarian""",0.22373551
b' ',2022-10-11 15:07:13,"""I think it's because the Lib Dem's are so unpopular that they're not a realistic choice for most voters""",0.15832108
b' ',2022-10-11 15:06:37,"Absolutely perfect, as someone who grew up in the area",0.047480706
b' ',2022-10-11 14:49:55,"""They still wouldn't convert immediately, because a large part of it is becoming part of a Jewish community and living a Jewish life - we never really stop studying Torah and Talmud and Halacha to be honest, that's part of who we are""",0.06614466
b' ',2022-10-11 12:31:41,"""It's not so much about how fast you can learn, as truly taking in the information and implementing it. Learning lots of facts about Judaism isn't the point of conversion classes and study; people study Judaism for their entire lives after all! It's about learning our approaches and living a Jewish life.\n\nPeople start off slowly, often with a judaism 101 class at their synagogue and starting to attend Shabbat services. You gradually ramp it up with Hebrew study, Torah and Talmud study, and becoming part of your community. The only time it's a quick process is if it's purely a matter of paperwork, such as if someone is already living a fully Jewish life and we think they are definitely Jewish, but we need them to take a dip just in case (eg if they lose their parents records fleeing Soviet Russia, as many people did)""",0.105203025
b' ',2022-10-11 09:56:01,"""There's a lot of misinformation and intolerance towards Reform. Reform congregations and individuals can be just as devoted as Orthodox ones; the difference is a theological and philosophical one.\n\nReform is founded on the principle of fully integrating Judaism into modern life. Some people absolutely detest that idea, and they are entitled to believe that it's a bad idea but unfortunately they can spill over into disrespect towards people who believe differently. Reform believes that Halacha is an ever evolving, divine thing that should be constantly reconsidered in the light of new developments (such as scientific and technological advancements). Reform conversions require several years of study and community engagement just like any other denomination; that study and engagement looks different of course, because it looks Reform.\n\nOrthodoxy believes, to varying degrees, that Judaism should not be integrated into modern secular life. Modern Orthodox people are the most integrated of the orthodox groups; MO folks will likely wear denim, the women may or may not cover their hair or wear trousers, single gay men are likely to be somewhat accepted but not discussed openly. More traditional Orthodox women likely wont wear trousers, will cover their hair after marriage but probably wont shave it off, and gay folks would not be accepted. In Ultra Orthodox communities, women shave their heads and wear wigs or coverings. This is obviously an oversimplification but I wanted to give one or two things we could compare across Orthodox groups; there are many other differences as well. Conversion into Orthodoxy is generally a very long process, although it can be very fast in some circumstances such as for marriage.\n\nConservative or Masorti takes elements from both. They believe that Judaism can be a part of modern life, but that the texts themselves are not an evolving thing. While new interpretations are considered by Masorti authorities, they rest on linguistic, historical, and Halachic arguments (eg the argument that respecting trans people is a matter of pikuach nefesh; the argument that the prohibition against gay sex is a mistranslation/misunderstanding). Conversion to Masorti is usually several years of study.""",0.11681086
b' ',2022-10-10 20:05:27,"Ah, given it was twitch i assumed she was a video game streamer. Still as you said, vile either way",0.16243586
b' ',2022-10-10 20:02:51,"I have only once discussed god with a Jew in Gaeilge but they said di- rather than d-a; but sample size of one, so \xc2\xaf\\\\\\_(\xe3\x83\x84)\\_/\xc2\xaf",0.15790805
b' ',2022-10-10 19:55:30,"Disgusting way to talk about anyone full stop, especially a ""young streamer girl""",0.086754695
b' ',2022-10-10 00:23:26,"""I very much understand how you feel; but, to be frank, they shouldn't want to lose you over this either. They should be trying to improve this relationship as well, as much if not more than you are""",0.13795161
b' ',2022-10-09 19:01:04,"How many generations do you think are required before the children of a convert are ""ethnic Jews"" then? Grandchildren? Great-grandchildren? So many generations that they\'ve forgotten someone converted? Because we all almost certainly have either goyim or gerim in our ancestry somewhere.",0.14630513
b' ',2022-10-09 18:55:57,"""Ancestry, cultural traditions, history, homeland, cuisine, ritual, language, religious practices... it's not a check list where you have to tick every single one to be counted as part of an ethnic group. The ability for people to shift ethnicity is a key part of the distinction between ethnicity and race. Jewish ethnicity is already usually divided into sub groups (Ashkenazi, Temani, etc), and you could argue that converts form sub-sub groups within those (convert-within-Ashkenazi, etc)""",0.11906977
b' ',2022-10-09 12:23:03,"""That doesn't excuse bigotry though - he's bipolar, that doesn't mean he has no understanding of morality.""",0.12747182
b' ',2022-10-09 11:08:13,"""No, it isn't, it's becoming one of us in every way. If it was just accepting religion they would be noahides, but it's not. A converts children are ethnically Jewish, a convert becomes part of am yisrael completely""",0.04034096
b' ',2022-10-09 11:02:57,"""Ethnicity is a shared tradition which may include things like language, culture, religion, ancestry, etc. You can't just change it on your own, no, but when you're adopted into the Jewish tribe you inherit everything that comes with that, including ethnicity""",0.122724794
b' ',2022-10-09 10:49:15,"""That's not what ethnicity is""",0.1270662
b' ',2022-10-09 10:48:24,"Not paganism, but reverting to Christianity, yes",0.10093641
b' ',2022-10-09 01:20:03,"""It depends how you define ethnicity; if it's the culture you and your parents were born in then no, they don't become ethnically Jewish but their children and grandchildren would be, which leads to a weird situation where someone is ethnically Jewish but their parents or grandparents are not\n\nIf you define ethnicity as a shared tradition of culture, ancestry, language, etc then yes they do become ethnically Jewish""",0.16150206
b' ',2022-10-09 01:17:10,"A Jew is a Jew is a Jew. A convert is as much a Jew as anyone else - their children will be Jewish, their grandchildren will be Jewish, they are part of our tribe end of.",0.08458394
b' ',2022-10-09 00:28:04,"I\'m in the UK and I\'ve never ever heard ""adonoy"" - but then I\'d never heard ""yom kipper"" until this year either",0.07435988
b' ',2022-10-08 21:41:26,"""Yeah, there's a lot of thought that Jewish = white European features and names like Adina Cohen or Shmuel Goldman.\n\nIn reality, as a tribe we can encompass people of all locales and ethnicities. I know several East and South Asian Jews, there's a small but wonderful community of Jews native to both Ireland and Wales, and so on and so on.""",0.05244628
b' ',2022-10-08 21:25:53,"""You're definitely right, non-binary is the English term for people who identify as neither strictly male or strictly female\n\nThanks for changing it!""",0.10143866
b' ',2022-10-08 18:01:25,I also had this thought,0.08438371
b' ',2022-10-08 17:52:03,"Asking a ""biological sex"" question on something like this is kinda iffy, by the way - sex is complicated, I get that you want to look at the demographics of your data and have the option to analyse them by sub group, but ultimately sex is a poor way to do it\n\nSociety influences the way we think; as such our social genders are arguably a more important metric for analysis than our sex assigned at birth. \n\nDifferent aspects of sex may or may not influence our thinking; hormone levels for example. Hormone levels vary wildly within each sex category and even more so for trans and intersex people. A trans man who has been on testosterone for a decade is going to have their thinking influenced by testosterone in a similar way to that of a cis, non-intersex man. A post-menopausal woman will have different hormone levels to a younger woman, and so on.\n\nBiological sex also gets very complicated for trans people; do you want to draw the line as sex assigned at birth, or current genitalia, or current hormone levels, or which hormone drove the individuals first puberty, or any other number of things.\n\nAs such, it\'s not a very informative metric on its own! But, you can talk about this in your write up, which is the great thing about student research",0.20898491
b' ',2022-10-08 17:45:16,"""Diverse"" is not a gender my friend",0.12966959
b' ',2022-10-07 08:22:59,"""I get this all the time, I have a very very Irish sounding name. Goyim are always surprised I'm Jewish, and Jews always think I'm a convert""",0.079633825
b' ',2022-10-05 23:07:33,"""My 10 year old doesn't really like interactive play, so we have a lot of toys out for him. I found a cool one that hangs from the doorframe in any doorway that he loves""",0.04937184
b' ',2022-10-05 22:50:20,"""You don't need to feel guilty, you tried and you had to break your fast for the sake of your well-being, there's nothing to feel bad about\n\nFasting is HARD and it takes practice! YK is not a great one to start with, try one of the dawn-dusk fasts and start with liquids only (edit: or if you've never fasted before, start with small plain meals and work down from there each fast), then go to water only once you have that down, and then try cutting back on the water. It's not a race, take your time, Keeping yourself busy during the fast is also really helpful, going to shul or having things lined up throughout the day helps me a lot. The next one is asarah b'tevet, the 10th of tevet which this year will be January 3rd""",0.2611458
b' ',2022-10-05 22:42:09,"""I am literally Jewish. The fact we have much bigger issues as well doesn't make a small thing unimportant.""",0.14653282
b' ',2022-10-05 22:36:58,"""No one is trying to erase Jews wtf, we're trying to erase antisemitism.""",0.0002972521
b' ',2022-10-05 22:31:50,"""Yeah I think there's a common misconception that it's named for the exodus or something similar, which would be totally fine, but it's not""",0.03168212
b' ',2022-10-05 22:31:13,"I mean I could say the same to you, if you like it that\'s fine but don\'t use it where other people can hear...\n\nWe can\'t claim this, it\'s not named after us. It\'s named after an antisemitic lie. It would be like saying ""let\'s call ourselves blood drinkers and Christ-killers!""",0.06398329
b' ',2022-10-05 22:03:36,"""Equally, we recently had a conversation at shul about how disgusting the name is. How is using another name erasing our history? It's named after a made up antisemitic trope about us being punished for being christ-killers, it's not named for us or our history at all.""",0.09516764
b' ',2022-10-05 20:53:18,"""I'm Jewish. It's a shit name.""",0.07537669
b' ',2022-10-05 18:55:48,"""I wasn't even gonna touch the Asperger's thing with a barge pole (it's a functioning label and it's vile)""",0.057324186
b' ',2022-10-05 18:54:01,"We don\'t have a writing from someone who said ""I name this pant xyz for xyz reason"" no, that\'s true. But it has been called that since the 1800s in English and in several other languages (eg the French name translates to wandering Jew). The story of the wandering Jew has been incredibly well known for far longer than that, and there have been many many many works of literature and art based on it, acts of antisemitic violence committed based on it, and so on. ""The Wandering Jew"" refers to that story.",0.021790026
b' ',2022-10-05 18:49:19,"""So you trust that the black community isn't represented by one guy, but you think one guy represents the Jewish community? Rather than, yknow, every other Jew who has complained about this in this and every other thread about the plant.\n\nBesides, surely when in doubt you should err on the side of *not perpetuating discrimination*? If you only had two Jews opinions to go on and no other way of getting information, surely the safe option is to make an absolutely insignificant change to your vocabulary rather than risk perpetuating antisemitism if the other person is right""",0.10585776
b' ',2022-10-05 18:42:51,"""There really aren't, just because you can think of one person who doesn't find it offensive (quite possibly because he doesn't know the history and impact) doesn't negate all the other Jews who say it IS offensive, or all the antisemitic acts that have been committed using the idea that Jews killed Jesus as justification. \n\nIf one black person told you they didn't mind the n-word, would you suddenly decide it's a-okay to use? Of course not.""",0.119836815
b' ',2022-10-05 18:39:15,"""When a group of people are offended by something it's generally a good idea to stop doing that thing - that's what we do when we care about other people. Even setting that aside, continuing to call it wandering Jew keeps the old story alive and perpetuates it; choosing to use a term like that is not value-neutral""",0.06616369
b' ',2022-10-05 18:31:33,"""It quite literally is, I don't understand why you aren't getting this. The plant was named, a long time ago, after the antisemitic figure. Continuing to call it that is perpetuating antisemitism.""",0.10023132
b' ',2022-10-05 18:27:59,"Whether you find it offensive is utterly irrelevant, other people do.",0.20693122
b' ',2022-10-05 18:25:37,"It literally is where the name came from: https://en.m.wiktionary.org/wiki/wandering_Jew\n\n""Etymology\n\nThe plant\'s name is derived from the figure of the Wandering Jew""\n\nIt\'s not a particularly well known story to the average culturally Christian person in 2022, but it has been very well known for hundreds of years.",0.012151865
b' ',2022-10-05 18:19:48,"Yes and no - One [source](https://www.britannica.com/topic/wandering-Jew)\n\n""The Wandering Jew is a figure from medieval Christian that spread widely in Europe in the thirteenth century and became a fixture of Christian mythology and literature. It concerns a Jew who, according to legend, taunted Jesus on the way to the Crucifixion and was then cursed to walk the earth until the Second Coming.\n\nThe ""Wandering Jew"" is also a personification of the Jewish diaspora\xe2\x80\x94the scattering of the Jews throughout the world after the destruction of the Temple of Jerusalem in 70 C.E. during the Jewish Revolt against Rome. The two concepts are linked by the Christian perception that the destruction of Jerusalem was divine retribution for Jewish responsibility for the crucifixion of Jesus. The ""Wandering Jew"" theme has thus been made the vehicle for anti-Semitism.""\n\nand [another](https://en.m.wikipedia.org/wiki/Wandering_Jew)\n\n""Extant manuscripts have shown that as early as the time of Tertullian (c. 200), some Christian proponents were likening the Jewish people to a ""new Cain"", asserting that they would be ""fugitives and wanderers (upon) the earth"".[14]\n\nAurelius Prudentius Clemens (b. 348) writes in his Apotheosis (c. 400): ""From place to place the homeless Jew wanders in ever-shifting exile, since the time when he was torn from the abode of his fathers and has been suffering the penalty for murder, and having stained his hands with the blood of Christ whom he denied, paying the price of sin.""""",0.031116745
b' ',2022-10-05 18:18:42,"""The fact it doesn't bring to mind the antisemitic trope to you personally doesn't mean anything - it IS named after an antisemitic story, whether you're aware of it or not""",0.07296052
b' ',2022-10-05 17:52:05,"The word ""Jew"" isn\'t the problem, the problem is that the plant is named after a 700 year old antisemitic story. If it were named wandering Jew to reference the resilience of the diaspora that would be fine, but it\'s not. It\'s named that to reference the idea that we\'re cursed for killing Jesus, which absolutely is antisemitic",0.051185925
b' ',2022-10-05 17:50:10,"It absolutely is antisemitic, look up the history of the term.",0.049963236
b' ',2022-10-05 17:49:31,"It\'s not the word ""Jew"" we object to, it\'s naming a plant after an antisemitic trope.",0.018539246
b' ',2022-10-05 17:46:33,"""I came here to say all these things yeah. Transgender is an adjective, and im so sick of seeing it on questions like this. Surely someone at an academic institution should've caught this""",0.020614155
b' ',2022-10-05 17:39:54,"""If the name were in reference to our adaptability and the resilience of the diaspora that would be fine; but it's not. It's a 700 year old antisemitic story, which has been used as the basis for many many antisemitic acts. Referencing it continues that""",0.07963127
b' ',2022-10-05 17:38:24,"Re the plant\'s name: wandering dude is really no better than wandering Jew - the issue with \'Wandering Jew\' isn\'t the word Jew, which is not an inherently offensive word. The issue is that the name is based on an antisemitic story that Jews have to wander the earth in punishment for killing Jesus. Changing it to wandering dude doesn\'t actually do anything.\n\nInch plant or simply tradescantia is much better\n\nOne [source](https://www.britannica.com/topic/wandering-Jew)\n\n""The Wandering Jew is a figure from medieval Christian that spread widely in Europe in the thirteenth century and became a fixture of Christian mythology and literature. It concerns a Jew who, according to legend, taunted Jesus on the way to the Crucifixion and was then cursed to walk the earth until the Second Coming.\n\nThe ""Wandering Jew"" is also a personification of the Jewish diaspora\xe2\x80\x94the scattering of the Jews throughout the world after the destruction of the Temple of Jerusalem in 70 C.E. during the Jewish Revolt against Rome. The two concepts are linked by the Christian perception that the destruction of Jerusalem was divine retribution for Jewish responsibility for the crucifixion of Jesus. The ""Wandering Jew"" theme has thus been made the vehicle for anti-Semitism.""\n\nand [another](https://en.m.wikipedia.org/wiki/Wandering_Jew)\n\n""Extant manuscripts have shown that as early as the time of Tertullian (c. 200), some Christian proponents were likening the Jewish people to a ""new Cain"", asserting that they would be ""fugitives and wanderers (upon) the earth"".[14]\n\nAurelius Prudentius Clemens (b. 348) writes in his Apotheosis (c. 400): ""From place to place the homeless Jew wanders in ever-shifting exile, since the time when he was torn from the abode of his fathers and has been suffering the penalty for murder, and having stained his hands with the blood of Christ whom he denied, paying the price of sin.""""\n\nChanging it to \'wandering dude\' really does nothing: you\'re still referring to these same stories and everyone knows it\'s a stand-in for \'wandering Jew.\' The issue isn\'t the word Jew, the issue is that the plant is named \'wandering Jew\' in reference to these old antisemitic tropes.",-0.03918181
b' ',2022-10-05 17:31:58,"""It's an old antisemitic story that Jews have to wander the Earth without a home forever because they're supposedly responsible for the death of Jesus. The plant wanders around, and so was compared to the antisemitic trope.\n\nThere's plenty of better names, inch plant or spiderwort for example or simply tradescantia""",-0.01906588
b' ',2022-10-05 17:31:40,"It\'s an old antisemitic story that Jews have to wander the Earth without a home forever because they\'re supposedly responsible for the death of Jesus. The plant wanders around, and so was compared to the antisemitic trope.\n\nThere\'s plenty of better names, inch plant or spiderwort for example or simply tradescantia\n\nEdit: fuller info\n\nOne [source](https://www.britannica.com/topic/wandering-Jew)\n\n""The Wandering Jew is a figure from medieval Christian that spread widely in Europe in the thirteenth century and became a fixture of Christian mythology and literature. It concerns a Jew who, according to legend, taunted Jesus on the way to the Crucifixion and was then cursed to walk the earth until the Second Coming.\n\nThe ""Wandering Jew"" is also a personification of the Jewish diaspora\xe2\x80\x94the scattering of the Jews throughout the world after the destruction of the Temple of Jerusalem in 70 C.E. during the Jewish Revolt against Rome. The two concepts are linked by the Christian perception that the destruction of Jerusalem was divine retribution for Jewish responsibility for the crucifixion of Jesus. The ""Wandering Jew"" theme has thus been made the vehicle for anti-Semitism.""\n\nand [another](https://en.m.wikipedia.org/wiki/Wandering_Jew)\n\n""Extant manuscripts have shown that as early as the time of Tertullian (c. 200), some Christian proponents were likening the Jewish people to a ""new Cain"", asserting that they would be ""fugitives and wanderers (upon) the earth"".[14]\n\nAurelius Prudentius Clemens (b. 348) writes in his Apotheosis (c. 400): ""From place to place the homeless Jew wanders in ever-shifting exile, since the time when he was torn from the abode of his fathers and has been suffering the penalty for murder, and having stained his hands with the blood of Christ whom he denied, paying the price of sin.""""",-0.029358469
b' ',2022-10-04 23:26:59,"""Np, I definitely recommend finding a graphic designer to work with, I'm no logo expert either but I've seen enough to know it's way more complicated than I thought it would be lol""",0.0035487404
b' ',2022-10-04 23:22:17,"""I definitely understand, I have been in the position before where the majority of the food I could get was whatever was going free at work. \n\nBut you don't know what position the people you're nicking from are in. If you take their lunch, that might be their only or main meal of the day, it might be the precious leftovers they're stretching to last another day, they might not be able to pop out and buy lunch.\n\nIt's shit, but two wrongs don't make a right.""",0.3552452
b' ',2022-10-04 22:55:57,"""The logo is cute but too generic, I feel like I've seen clipart like that it in loads of educational PowerPoints and such\n\nAlso, footnotes are and always will be infinitely superior to in text citations that break the flow of the sentence and make reading harder. The APA can fight me.""",0.047417864
b' ',2022-10-04 22:33:41,"""I always find these things tricky because there's a big disconnect between my initial reactions to things like failure and then the more calm one I eventually come to. Or, eg, I know I shouldn't judge myself for the pace of my life compared to others, but sometimes I still do. \n\nAlso, I think anyone who doesn't feel overwhelmed with this 100 hour work week is probably not human lol""",0.14562747
b' ',2022-10-04 21:29:43,"""Autism Speaks is a big one for that, iirc only 4% of their donations actually goes towards autistic children. They also don't employ any autistic people and are a disgusting organisation of course""",0.16435477
b' ',2022-10-04 19:04:50,"""It's almost certainly not antisemitism, but just ignorance. I was the only Jew in the school throughout my entire education; and I'm the only Jewish person at the school I now work in (including staff and students). I've never expected anyone to know anything about our holidays, because how and why would they? Did you know we're currently in the Hindu festival of Navaratri and it's Dussehra tomorrow, and Mawlid on Saturday for our Muslim friends?\n\nWe know when Christian holidays are because we live in a culturally Christian society; I roughly know when Ramadan is and what the Eids are because I lived with a Muslim housemate until recently; I have no idea whatsoever about holidays for other religions. I don't expect people to know about ours until they've been told either""",0.17247972
b' ',2022-10-04 18:26:40,"""This is what I'm gonna have to do yeah. I do like them though, they're good folks, although their services are wildly out of timezone for me!""",0.017687455
b' ',2022-10-04 09:26:51,"I\'m not orthodox but my interpretations of Shabbat laws etc are very similar. I would not take my kippah off at the dentist unless I really really had to (eg for a major procedure; like I would take it off for surgery). I second the suggestions of having clips available and/or surgical caps though! I usually clip mine on anyway, regular hair clips are fine you don\'t need to buy kippah-specific ones. I\'d suggest having a bowl of them in the waiting room with a sign saying ""please clip your kippah on if you wish to wear it during your visit"" or similar. Then if people haven\'t and they sit low in the chair, say something like ""please sit fully up in the chair as it ensures I can do my job properly and safely. If you\'re concerned about your kippah falling off, I can offer you clips or a surgical cap to cover it.""\n\nAs for the toothbrush: no electric toothbrush on Shabbat or holidays where we\'re not permitted to work. We mostly use a manual and liquid toothpaste (or no toothpaste in my case as I can\'t find a liquid one I can tolerate, but I\'ve been told brushing with water is better than not brushing at all). If I were you I would try to find a kosher mouthwash brand you trust as a dentist, and recommend / sell that in your practice as we\'re certainly allowed to use mouthwash!",0.08393283
b' ',2022-10-03 21:40:52,"They are different words that mean different things? Masorti literally means traditional and it describes a movement which is, and always has been, much larger outside the US. Mizrahi Jews are Jews from most of the global East.",0.08539311
b' ',2022-10-03 21:37:37,"""Post its are great, but I find they become background noise soooo quickly if I don't act on them the first time I see them? Which I almost never do - I tried putting one on the front door to remind me not to leave the house without taking lunch for work, but I saw it in passing a couple of times and then it became background info. I find smart watch reminders work well because it vibrates and I don't have to find my phone to check it""",0.1910633
b' ',2022-10-03 21:35:11,"""Interesting! I'm in the UK so I'm used to free healthcare, free wheelchairs, home adaptation grants, etc. I guess because so much of Israel's architecture is less than a century old, it must inherently have better access than somewhere like the historic city I live in, where many of the buildings I interact with daily are over 400 years old lol.""",0.08738557
b' ',2022-10-03 12:09:05,"""Ah interesting, that's such a shame. I'm a wheelchair user and have never considered studying in Israel for that reason honestly, I've heard access is very difficult""",0.18598598
b' ',2022-10-03 08:56:14,"""Tbh I would be that person if I worked a high powered job. I have severe ADHD and even with an incredible support network and a LOT of hacks, I forget almost every appointment, I forget to iron my work clothes until the morning of and then don't have time because I slept through my alarms then spilt coffee all over the counter, etc. I work in education though so it's not like I have that kind of money lol""",0.14704482
b' ',2022-10-03 01:03:55,"""I'm really sorry you experienced this, no one deserves to be discriminated against like that.\n\nI know a number of queer folks who did programs at Pardes, which is perhaps not the kind of institution you're looking for but a safe bet in terms of inclusivity.""",0.08195012
b' ',2022-10-02 23:27:41,"""I absolutely agree, and the suggestion of famous unsolved problems is a fantastic one actually, I'm definitely going to use that. One of Alex's big issues that I'm trying to work on this year is that they take not understanding something or getting something wrong as a reflection of their worth (I'm a disappointment, I'm just dumb, I'm stupid, etc) so hopefully as we work on that, I'll be able to introduce us actually tackling challenging maths rather than just discussing concepts. Right now I don't want to bring in hard work to this new set up, I want to establish it as a time for us to talk about maths or any of their interests, in a low-pressure way""",-0.04328352
b' ',2022-10-02 21:29:25,"""That's my worry yeah, because they tend towards shutdown if they get things wrong""",0.12515643
b' ',2022-10-02 19:06:04,"""They might argue that your commitment and practice level is inferior to theirs, much as you have argued that conservatives' commitment is inferior to yours.""",0.18068743
b' ',2022-10-02 19:04:03,"""Then your experience does not match with mine, but as I said that's likely because yours is in the US, where there are very few Masorti communities at all, whereas mine is predominantly in Europe where it's more common.""",0.101908214
b' ',2022-10-02 18:55:36,"""Sure, but you're in the US I assume, by your use of Conservative, where a lot of people who fall into the Masorti community elsewhere are either modox (a movement that is not particularly present in other places) or Sephardi and so don't partake in such denominational splits. US conservative communities are, in my experience, not particularly similar to Masorti communities in Europe (I can't speak for the rest of the world)""",0.104059294
b' ',2022-10-02 17:55:11,"Well, I know many Masorti people who are to the more observant side of the way you describe yourself, but are Masorti due to their theological and ideological standards aligning better with Masorti Judaism than with Orthodox Judaism. The main difference is a celebration of Jewish diversity and view that all forms of Judaism and Jewish practice are equally valuable, as well as progressive views on questions like women in leadership positions or the minyan.",0.15300152
b' ',2022-10-02 17:41:41,"""Are we? I think perhaps you are, but no one else is. We're pointing out that the way you talk about non-Orthodox practices is extremely dismissive""",0.17772534
b' ',2022-10-02 17:37:49,"""Whether they're Orthodox or not isn't the point, the point is that you're looking down upon practices that differ from yours - which is exactly the problem with Orthodoxy that many people have""",0.13454181
b' ',2022-10-02 17:34:38,"People have different interpretations of Halacha, you are entitled to yours just as much as they are entitled to theirs",0.13703768
b' ',2022-10-02 17:29:47,"The very fact you call people with different opinions on what a Jewish life looks like for them ""religiously lazy"" says a lot.",0.1506893
b' ',2022-10-02 17:25:50,"""It's a small movement everywhere, but they're good folks. I've lived near and participated in a number of Masorti shuls here in the UK, and the people are very diverse. A lot of my Masorti friends would be called modox in the US, but have more progressive views (eg re women, lgbt people)""",0.0813718
b' ',2022-10-02 17:11:23,"""I think US conservative Jews are often less observant than Masorti ones are actually, I've noticed that when I was in the US most conservatives were closer to what we'd call liberal here. Masorti has many similarities to modern Orthodoxy, but is generally egalitarian and expects varying observance and varying individual emphasis on aspects of Judaism in its members in a way that Orthodoxy doesn't""",0.14427105
b' ',2022-10-02 16:53:22,"""I've been there a few times while staying in Dublin for Shabbat and was always very welcomed!""",0.15178192
b' ',2022-10-02 16:45:08,"""Each Masorti community is different, because it's much more community based than authoritative. Some of them have egalitarian minyans while others have a mechitza, during covid lockdowns some of them allowed livestreams of services whereas others didn't, etc. \n\nIn my experience, Masorti tends to have similarities to ModOx in the sense that they all want to preserve tradition and emphasis on study and Judaism as a way of life but similarities to Reform in that they're incorporating a Jewish life into modern secular society and progressive politics (eg in the UK most will perform same-sex marriages). \n\nThere'll be a real mix of observance at a Masorti shul, kind of like the Sephardic model, with some people having driven there on Shabbat and not keeping kosher at all, while others are what you might expect of a modox family in the US, but with more egalitarian and progressive views. One of their big things is acceptance and celebration of Jewish diversity; they don't view their own way as The Only Right Way, respect individual differences in their communities and respect other denominations. Again it's only my personal experience, but this celebration of diversity, along with their egalitarian stances, are often what Orthodox and UO groups take issue with.\n\nEdit: lol I just saw that another commenter said basically the same thing as me while I was typing this - they're totally correct""",0.078642786
"b""Ideas for enriching/stretching a 13 year old's maths?""",2022-10-02 13:07:44,"Hi folks! I\'m not actually a maths teacher I\'m a 1-1 support, but I have this really bright kid who loves pure maths (while hating applied - ""just put it in numbers so I can do it in my head!""), ""Alex."" Alex is always asking why questions and is very interested in new concepts - last week I ended up explaining imaginary numbers after they got through all the class work super quickly and worked really hard in the class. They got it incredibly quickly and loved the idea of a \'different dimension of maths\' (I used rotation to explain it). They asked if we could keep doing this: if they work really hard and get through all the work, including the applied questions they don\'t like, we\'ll talk about a cool maths concept at the end of the class.\n\nThe thing is, maths A-level was a long time ago for me and I dropped further maths after AS (at 17). I did a lot of statistics in my degree but that\'s not going to interest Alex!\n\nDoes anyone have any suggestions for resources or ideas? I\'m going to try to do some which are more useful to Alex and some which are just the mind-bogglingly cool concepts they really want to hear about, since this is part reward and part learning enrichment. Obviously I\'m doing my own research into this too but I wanted to see if more experienced maths educators had ideas.\n\nThanks!",-0.034232758
b' ',2022-09-30 09:07:54,"""That's very much how I describe myself - I like my formal Judaism to stick to a lot of Hebrew, and traditional practices and services etc, but I also want my minyan to have women and I want to be fully accepted as a gay trans man, not seen as a straight woman the way orthodoxy wants to view me. In my city there's an orthodox and reform shul, but during the university term time there are enough uni students who want a trad egal service for them to make one, and I'm welcomed there. When they leave for the summer etc I usually go to the reform shul rather than the orthodox one, simply because they reliably get a minyan, and I feel less judged there (still a bit judged, but definitely less). I really respect reform don't get me wrong, but I find services being mostly in English doesn't impact me the same way as services in Hebrew (even though my Hebrew is poor)\n\nI'm in the UK so it's a bit different here though, I tend to fit in best in Masorti spaces which, as far as I understand American Jewry, is a mix of conservative and modox. It's usually egal but sometimes segregated, the shul will be traditional but we don't judge people for having their own practices and their own interpretations. My current favourite siddur is the brand new Siddur Masorti, which is traditional, uses Sephardic pronunciations but is super easy to use, translated  transliterated, and uses gender neutral terms for hashem.""",0.02040518
b' ',2022-09-30 08:33:44,"""I grew up half in county Limerick, half in the UK. There's a tiny Jewish population in Ireland but it does exist!""",0.10417694
b' ',2022-09-29 22:34:37,"""I don't do fast from water anymore but the general advice for prep is to drink more over the days before the fast, particularly the day before, and avoid eating spicy food, drinking alcohol or coffee or any other diuretic. I don't do water anymore because I invariably get a migraine after about 6 hours, which means I have to break my fast and go lie down in a dark room for 24-48 hours, often with lots of throwing up and excruciating pain. In order to participate in the day, I have to drink water.\n\nTo prep for the food fast I have a good breakfast and hearty lunch the day before, then a relatively light dinner with protein and veg just before sundown. I find that a big meal in the evening before a fast makes me sleep worse, and makes me feel more grim. I also do as much prep as possible for the break fast meal in advance!""",0.26115286
b' ',2022-09-29 21:09:59,"""Ease. I'm far more likely to get players engaged if they know the system and all they have to learn is genre tweaks""",0.09611602
b' ',2022-09-29 20:53:39,"""Absolutely. Also, I think it's very important for people in the UK to understand the nation's relationship to Ireland and NI (not that they get this from school at the moment, but they should do which is my point), which requires a good understanding of Catholicism vs Anglicanism""",0.09213318
b' ',2022-09-29 20:46:43,"""I'm adopted and I need to sort it out, it's called a giyur l'chumra and it happens whenever there's some paperwork problem but no real doubt about the person's Jewishness and commitment to a Jewish life (whatever that might look like to them). Eg if a Jewish child is adopted into a non-Jewish family, and is missing their parents records for whatever reason; someone who or whose earlier family fled from persecution or a war zone and so again is missing records; someone adopted into a Jewish family if something happens to the records of their infant conversion or they didn't have one but are practicing; etc etc etc""",0.016657162
b' ',2022-09-28 20:36:32,Yeah I definitely feel that!,0.091788836
b' ',2022-09-28 20:34:26,"""How would you teach history without religion? The Crusades? Henry VIII? The Holocaust? Colonisation? What about literature - you couldn't study a huge amount of  literature if you couldn't educate students on religion, certainly not fully and well. You can't raise young people with a well rounded understanding of the world around them without educating them on different religions.""",0.11528334
b' ',2022-09-28 17:47:39,"Why should kids learn anything, under that logic? Almost none of the facts they learn in school directly apply to their lives, after all.",0.0795619
b' ',2022-09-28 17:46:04,"""That's one of the big things I want to suggest yeah, it'll just be very difficult to timetable it so I can have a lesson with each of the groups without being missed in my own department""",0.08733048
b' ',2022-09-28 17:39:50,"""It'll probably have to come up yeah, but I wish we could avoid it honestly. The RS syllabus for GCSE focusses on ethical issues and how different religions approach them, so in the world religions sections we probably have to lay that ground work and I bet circumcision is one of those ethical issues that'll come up. Eg they're doing Hinduism right now and learning about the caste system.""",0.014717927
b' ',2022-09-28 17:35:55,"I think it\'s important to discuss variation in all religions, because we talk about the rules but it paints a picture of everyday modern life that is not accurate for the majority of adherents to the religion - not just for Judaism, but for all religions. \n\nEg the majority of Muslims do not go to Mosque to pray 5 times a day, a lot of people pray independently or don\'t do all the prayers. A lot of Jews mix fabrics, or drive on Shabbat, or make brachot on every single thing. In my experience, religious studies tends to present things as ""Jews do X"" as though we\'re a monolith with a single interpretation of every single thing that every person agrees with and performs\n\nJews who call themselves Orthodox or Ultra Orthodox make up around 32% of British Jews; sure this is the largest single group of religious Jews (secular being 34%) but it means that the majority of British Jews are not Orthodox. So teaching that Orthodox standards are the only standard would be factually inaccurate and likely to lead to misunderstandings when encountering Jews in real life",0.11285594
b' ',2022-09-28 01:00:23,"Surely if religious studies should only be taught at home, people would never learn about any other religions or practices - except for the biases and misunderstandings of their parents?",0.15033346
b' ',2022-09-28 00:39:04,"""You're not wrong.... I'm thinking of mentioning it when we talk about matrilineality and what it means to be an ethnoreligion""",0.14257032
b' ',2022-09-28 00:36:33,Lol. I sincerely doubt any of them will know what either matzah or gefilte fish are!,0.20524378
b' ',2022-09-28 00:35:35,"""Such a good point, thank you! I doubt we'll have the scope to do much history at all to be honest, but where we do I'll try to make sure there's a broader range""",0.013627547
b' ',2022-09-28 00:30:20,"Tbf I think it\'s also important to introduce Christianity as a subject of academic study; there\'s often a lot of misunderstanding about why they teach the things they teach, what Christian\'s actually believe as opposed to the cultural Christianity that filters down to most CC but not religious families. Plus we want to raise them as aware of the impact of cultural religion on secular society, and in later study of things like literature or history you need a good grounding of Christianity\n\nWhen you get to RS/RE GCSE (qualifications you take at age 16) it\'s a lot of philosophy of religion and intro to ethics and metaphysics honestly, questions like ""evaluate two justifications for belief in a deity"" or ""should we take care of the earth?""",0.09882419
b' ',2022-09-28 00:23:26,"Religious studies is about understanding others and their beliefs and practices, not teaching the teachings of a religion to people to try to make them believe it.\n\nThe kids also study Christianity, Islam, Hinduism, Buddhism, and Sikhi.",0.16147485
b' ',2022-09-27 23:13:37,Definitely a big one yes!,0.14247058
b' ',2022-09-27 22:36:12,"Soz for the cross post, I just figured it would be easier!",0.062877625
b'What do you wish was included in public school classes about Judaism?',2022-09-27 22:35:51,,-0.057228804
b'What do you wish was included in public school classes about Judaism?',2022-09-27 22:29:43,"""I am, as far as we know, the only Jew working at my school (UK, state secondary so roughly equivalent to public middle  high school in the US). I've offered to help out with the module on Judaism that some of the younger years will be doing this year - we do have a curriculum with a bunch of points we have to hit, but it's brief and vague for this subject at this age so we have quite a bit of freedom. We're talking ages 11-13, it won't form any part of their GCSEs or anything.\n\nSo my question to you all is: what do you wish had been taught, or what are some important things you think I should bring up? I'm not the final arbiter on the module mind you, I'm just volunteering to help out another department; ultimately the RE department will decide what to do, and each teacher will decide how to teach each lesson.\n\nSo far the three big things I've got are:\n* The variation in Jewish belief and practice, both the broad groups and that practice varies widely within groups\n* Differences between Judaism and Christianity, particularly the Torah vs OT\n* What the Talmud actually is and the importance of learning in Judaism; ie that it's about more than just the 5 books\n\nI was thinking of suggesting a more interactive / show  tell lesson for each class with some Jewish stuff too, like showing them different kinds of kippot, mezuzot, or tefillin.\n\nI collect Jewish books so I was thinking of bringing in some varied siddurim to discuss the different practices of, eg, UK Orthodox vs UK Reform (since I have siddurim from both)""",0.021942647
b' ',2022-09-27 18:46:55,"""Generally speaking, you're right - but you do have colleges within some universities. Eg if you go to Oxford you're within a particular college; so the full title would be something like Magdalene College, University of Oxford. It massively impacts your experience at uni, but your course content is still determined and organised by your department. You can only apply to one college and you might get 'pooled' after interviews to another college if the numbers require it, since the more important thing is getting into *the actual university* (you can only apply to 5 universities for undergrad)\n\nThen you have the oddball, London, which is technically a single collegiate university; but in reality each individual college functions as it's own university. Eg Kings College and University College and Imperial College all have completely separate admissions, degrees, courses, housing, societies.... you can apply to multiple of them, because they aren't practically speaking part of a single university""",0.04770211
b' ',2022-09-27 18:38:08,"""Interesting, I never knew there was an actual distinction in the US! I'm UK so college is either a part of a collegiate university (Oxbridge, Durham, a couple others); a school offering the final two years of school, often only partly connected to the yr 7-11 school or not having a school attached at all, some of which offer technical/vocational courses as well as academic qualifications; a higher educational institution offering technical and vocational courses""",-0.045697186
b' ',2022-09-25 09:48:26,"""I understand the principle, but to read that notation I have to Google how many zeros is which number and work it out. Whereas the prefixes don't require that; they're just sequential""",0.042841997
b' ',2022-09-24 23:31:42,Can someone translate this into the notation the game uses? The e stuff is insane,0.11044991
b' ',2022-09-24 12:25:41,"""Well that's because we only work 39 weeks a year, so our holidays are the schools: 6 weeks at summer, 2 in winter, 2 in spring and 1 for each half term. I could request more unpaid leave, but I've only just started and I don't want to rock the boat when they've been so accommodating to me in other ways""",0.10890118
b' ',2022-09-24 11:53:08,"Me neither, I work in a state school so I only get school holidays off and 3 unpaid days per year.",0.05866089
b' ',2022-09-22 18:35:18,"""I've been to a few Sephardi shuls and it's not been too different - i actually found it easier to follow, but that might just have been the books they used. People will be very happy to help if you're lost though, in my experience at least! I always try to sit next to someone in such a way that I can see what page they're on if it's my first time at a shul or using a particular book""",0.027046869
b' ',2022-09-22 17:29:41,"""That would be my concern as well; how can you talk about something and try to heal if you know it's going to have to be reported?""",0.10967074
b' ',2022-09-22 17:27:20,"""Yeah it's definitely taking mandatory reporting to an extreme to require it for ANY disclosure of any abuse. I can see the logic, especially where the abuser is no longer known so it's unknown if they're abusing someone else, but I wonder whether it's actually an effective strategy and whether it would just discourage people from speaking out""",0.15062101
b' ',2022-09-22 17:22:46,"""I feel like a lot of goyim will make equally incorrect assumptions though tbh, especially if like me you're often the first Jew they've ever actually met outside of an RE lesson or a school trip to a synagogue""",0.05872892
b' ',2022-09-22 17:20:50,"""There's a couple of times a therapist or any kind of official confidant (eg a doctor) might have to breach confidentiality, and they should always discuss what those circumstances would be when you begin the professional relationship. Almost every time you would also discuss it with the patient so they know what's going on and what's going to happen. Other examples are where a person indicates that they are at risk of serious harm to themselves, or harming others. It's much more complex with children and young people, of course""",0.045909956
b' ',2022-09-22 17:18:06,"""I'm not in the US but here in the UK the rule is that we're mandated to report if there is someone under 16/18 or a vulnerable adult at risk. We're bound by confidentiality up to that point, including if an adult is currently being abused. It can definitely get very tricky with historic abuse of minors if it's unknown whether the perpetrator might have access to other victims""",0.04422657
b' ',2022-09-22 08:46:52,"""Eruv's don't work like that - you're allowed to leave home at any time of course, you're just not supposed to carry things between the public domain. The eruv marks a section of the community as being part of your extended community area, meaning you can carry within it.""",0.020238828
b' ',2022-09-22 00:07:56,"""And if you're concerned, you can remove them from your own plants - but realistically the vast majority of people don't need to worry about this""",0.121232666
b' ',2022-09-21 18:26:13,"I would try not to assume anything, because everyone takes that differently - eg my orthodox friends would consider me practically secular and not observant at all, whereas my secular friends consider me, quote, ""surprisingly frum""",0.08518057
b' ',2022-09-21 09:02:03,"""To be clear the UK's 28 weeks is NOT your wage or salary, it's statutory sick pay which is \xc2\xa399 per week""",0.09665872
b' ',2022-09-20 23:58:05,"""Definitely. It can be really hard trying to catch up as an adult, you can study and learn but it's often cultural things to me - like I spent pesach with a wonderful friend of mine and their family and several other friends, and even though I know a lot about the festival and I've studied about it, I didn't know the songs they knew, the jokes they made, etc""",0.1423532
b' ',2022-09-20 23:25:30,Easter eggs that mysteriously disappear an hour after finding them,0.09543994
b' ',2022-09-20 22:05:33,"""Do you get weird looks for doing that? I'd feel so awkward about it - I feel awkward enough reading a different page to everyone else""",0.12252971
b' ',2022-09-20 22:01:53,"""Absolutely not. The more interactive parts hold my attention, for fairly obvious reasons, while sitting and murmuring in near silence (or sitting and listening) is much harder. I like to read the commentary for a while, but that also stops holding my attention too. I'll step out and talk to people if I can, or just get some fresh air, but it's actually a huge access issue for me generally because focussing in a setting like that where I can't do something else at the same time is nearly impossible for me. When we were watching streamed services it was both harder and easier at the same time - harder to focus on something on a screen, but easier because I could move around the room, fidget, etc""",0.063615315
b' ',2022-09-20 21:36:18,"""Oh yeah I definitely get you in terms of checking values - I would absolutely do the same if I was ever having something test knit; I wouldn't want it to be someone who posts, eg, anti-vax conspiracy theories or homophobia or suchlike! \n\nI more mean that eg, I don't use instagram at all (I have one, but I've posted in total 12 times since I got it in 2016, and I only look at it if my partner has posted something cool since they post their medieval sewing). If you looked at my instagram you'd see a handful of pics of my dogs and cats and me at pride, and one story I was tagged in of a knitted gift. All that means about me is that I don't use instagram though, y'know?\n\nOf course ultimately, it's your right to choose test knitters however you like and no one has any real right to complain - and if you've been burned before, it makes total sense. So does using people you're familiar with - I regularly test knit for a couple of local designers here in the UK who I've known for years now, which works because they know the kind of feedback they'll get from me and I know what I can expect from them""",0.12442853
b' ',2022-09-20 18:42:27,"""This is the way, once you do one test for someone they'll know if they want to use you to test in the future \n\nI've never done test knits for anyone particularly big, just local folks I've met through crafting stuff irl - but I've had repeat customers a number of times and several people have said it's because I provided detailed and specific feedback""",0.064196326
b' ',2022-09-20 18:40:48,"""I find the fact it's based on social media really weird though - I don't post my knitting on social media at all, but I do enjoy test knitting and I always provide lots of detailed notes. I've only done it for people I've met irl, through LYS and crafting groups, so to be fair they've seen my knitting in person - but if I was applying to a test knit online I'd send photos of my knitting anyway""",0.14787915
b' ',2022-09-20 13:20:51,"""This is what I do as well, but if it's unwieldy just cut it short and add a new one as and when""",0.077865236
b' ',2022-09-20 09:10:33,Oh my god this is unlocking memories I had forgotten existed,0.02916046
b' ',2022-09-20 09:03:19,I think it says sex protection maybe?,0.10217976
b' ',2022-09-20 08:35:30,"it.ly/transpapers\n\nTransition healthcare is absolutely as necessary as other healthcare. And your understanding of both gender identity and mental illness is very poor\n\nFor [example](https://www.jsm.jsexmed.org/article/S1743-6095(18)30058-4/fulltext): ""Withholding or delaying GCT until depression or anxiety have been treated may not be the optimal treatment course given the benefits of reduced levels of distress after undergoing these interventions.""\n\n[Or](https://www.google.com/url?q=https://www.google.com/url?q%3Dhttps://doi.org/10.1111/jsm.12363%26amp;sa%3DD%26amp;source%3Deditors%26amp;ust%3D1663660349488542%26amp;usg%3DAOvVaw0akcOcfBCs1p9F5ewgyMEG=D=docs=1663660349555913=AOvVaw28rfif5uXyTIAKggpC9s0e): ""A difference in Symptom Checklist-90 (SCL-90) overall psychoneurotic distress was observed at the different points of assessments (P = 0.003), with the most prominent decrease occurring after the initiation of hormone therapy (P",0.12548
