Title,Date,Text,Similarity
b' ',2022-09-24 02:14:37,"""I use alcohol with it because I learnt somewhere that alcohol would enhance the drug's effect, and because I'm a habitual drinker...""",0.2420401
b' ',2022-09-24 00:12:23,"Might be gas, no worries my friend it will go away",0.067132115
b'is Alprazolam very addictive?',2022-09-24 00:08:56,"Very new user here. Prescription is 0.4mg before sleep, did next to nothing. Took 2mg yesterday with alcohol (not much) and slept for 16hours straight. Took 2mg tonight again with alcohol (not much) and it did nothing, it\xe2\x80\x99s 6am and I had no sleep at all.\n\nSo what\xe2\x80\x99s wrong with this drug?! I\xe2\x80\x99ve seen many stories accusing benzos for ruining their lives, but it would be sadder still for me if I\xe2\x80\x99m addicted and still can\xe2\x80\x99t get any sleep",0.10786016
b' ',2022-09-23 08:28:35,I\xe2\x80\x99m from China,-0.012779505
b' ',2022-09-23 08:27:41,But I was prescribed daily usage\xe2\x80\xa6 and 0.4 doesn\xe2\x80\x99t work at all while 2 (yeah I took 5 tablets yesterday) put me to sleep for 16 hours something I surely wasn\xe2\x80\x99t expecting either. I guess I shall talk to the doctor about it\xe2\x80\xa6,0.11920733
b'Got prescribed alprazolam for the first time',2022-09-22 15:40:56,"It\xe2\x80\x99s supposed to help me sleep and I\xe2\x80\x99m told to take one 0.4mg tablet every evening. The thing is that 0.4 really did next to nothing to me (I had after all 4 hours sleep perhaps I should be grateful?).  \n\nAnyways I started looking for more informations on the drug and omg benzo recovery is a thing\xe2\x80\xa6! \n\nBefore this I was prescribed zolpidem once, it really helped, and tbh it also made me feel like I\xe2\x80\x99m drunk (in a good, pleasant way). Btw zolpidem is highly restricted where I live.\n\nI guess what I want to ask is: is alprazolam very addictive? I\xe2\x80\x99m seen many posts accusing the drug of ruining their lives, I\xe2\x80\x99d still prefer not going down that path if I have a choice. \n\nThat said I\xe2\x80\x99ve doubled my dose today and am planning on taking a third (it\xe2\x80\x99s 0.4mg for heaven\xe2\x80\x99s sake) and am drinking with it (very light beer only)\n\nAm I showing every sign of a potential addict? I\xe2\x80\x99m not sure what I\xe2\x80\x99m asking anymore, please let me know what you think.",0.13954628
b' ',2022-09-15 07:15:16,Thanks for the link! I\xe2\x80\x99ve heard of some of them but a comprehensive list is really helpful.,0.025153939
b' ',2022-09-15 07:09:39,Seems really cool! Thanks alot I\xe2\x80\x99d definitely consider it :),0.05336078
b' ',2022-09-14 20:07:08,"Yes I mean universities with Buddhism as the only focus, wasn\xe2\x80\x99t sure how to put it. I know many universities have Buddhism under \xe2\x80\x9creligious studies\xe2\x80\x9d for example, that\xe2\x80\x99s not what I\xe2\x80\x99m looking for.",0.119353056
b'Has anyone considered or went to a Buddhist university?',2022-09-14 17:56:56,"I searched the sub (and all Reddit) and read everything I can find and explored every link and so on, tbh there\xe2\x80\x99s not much discussion about the subject. Anyone having any ideas/experiences please help \xf0\x9f\x99\x8f",0.012649521
b'Hello world!',2022-08-29 18:09:31,[eliminado],0.0033504413
b' ',2022-08-29 17:54:12,"See a doctor would be the first advice. If and only if you\xe2\x80\x99re considered fine by professionals then, I hate to say it because it sounds so fake, but it will pass. Ever tried a tube?",0.12000354
b'Darkness retreats?',2022-08-29 16:33:55,Anyone who has some experience with that please share your feelings about it.,0.06927569
b'TV series?',2022-08-29 15:51:51,"I used to enjoy them, like I would binge watch something I like all day long. Now I can\xe2\x80\x99t help feeling that they\xe2\x80\x99re manipulating my feelings, like this scene is designed for me to feel this way, this line is trying to send this message and so on. I knew of course that they\xe2\x80\x99re all like this but I\xe2\x80\x99m feeling it so strongly I can\xe2\x80\x99t enjoy them anymore. I even think they\xe2\x80\x99re feeding me bad energies, like they\xe2\x80\x99re messing up with my mind dragging me further into some dramatic screenplay that I would subtly identify with in time. But on the other hand I am enjoying if you know what I mean, they\xe2\x80\x99re like narcotics.",0.14511675
b' ',2022-08-27 10:18:40,But I showered just today!,0.015175192
b'I\xe2\x80\x99m not seeing my (very fresh) post when I browse the sub am I hidden for whatever reasons?',2022-08-27 08:25:55,[eliminado],0.0033504413
b' ',2022-08-27 08:20:54,Exactly. I feel bad seeing them as attention seekers but somehow I do feel that\xe2\x80\xa6thanks for sharing. I\xe2\x80\x99m truly sorry you\xe2\x80\x99re feeling all this. I hope you feel better mate,0.08355622
b' ',2022-08-27 08:14:57,"Damn it must have been rough\xe2\x80\xa6(don\xe2\x80\x99t worry you\xe2\x80\x99re making perfect sense) I\xe2\x80\x99m truly sorry you felt that way. Anyways Congrats on several months clean! All best wishes mate, may you find peace and happiness without sh",0.11963512
b'Any suggestions please? All honest discussions are welcome',2022-08-27 07:53:59,[eliminado],0.0033504413
b' ',2022-08-27 07:40:13,Waiting for comments to come in!,0.053797115
b' ',2022-08-27 07:06:49,Congrats on the record! It\xe2\x80\x99s a great achievement honestly. Stick with it mate we\xe2\x80\x99re here with you,-0.01338557
b' ',2022-08-27 07:04:57,"Yeah I just broke the streak yesterday\xe2\x80\xa6! I get what you\xe2\x80\x99re saying, that it\xe2\x80\x99s \xe2\x80\x9cfun\xe2\x80\x9d it definitely is lol. Hope you\xe2\x80\x99re feeling better",0.035429504
b' ',2022-08-27 06:56:10,First time I had sex it was with a 40y/o guy and I was 21. It was not a really wholesome relationship but I indeed never thought the age gap would seem  socially unacceptable.,0.17711735
b' ',2022-08-27 06:50:28,YOU LOOK GORGEOUS,0.15521847
b'Adults who started as a teenager?',2022-08-27 06:45:39,"I mean we\xe2\x80\x99re all older folks here right (probably also some very young persons in their 18/19 no offense)? But most of us are older than that right?\xe2\x80\xa6 so I\xe2\x80\x99d like to ask\n\nTo those who started the behavior as a teenager, and carried it all along into adulthood, do you see any difference what you\xe2\x80\x99re doing now comparing to what you were doing at 13? I see no difference I\xe2\x80\x99m twice that age now. If anything I\xe2\x80\x99m more nostalgic (yeah), like I think of the good old times when I thought sh would help it all, and I repeat the act so I feel as much in control as when I was 13. It\xe2\x80\x99s kinda pathetic put this way, I was certainly not in control at 13 but time does the trick and it just seems way better than I am now.\n\nBut the fact is I no longer have a mind of a 13y/o. I browse madeofstyrofoam  frequently and I can\xe2\x80\x99t relate\xe2\x80\x94 I can\xe2\x80\x99t help thinking \xe2\x80\x9cthey\xe2\x80\x99re too young for this\xe2\x80\x9d and more thinking \xe2\x80\x9cthey don\xe2\x80\x99t understand\xe2\x80\x9d.  Damn now that\xe2\x80\x99s condescending.\n\nWhat do you think my friends?",0.118870504
b' ',2022-08-27 06:11:43,"Thank you so much for the detailed review! It\xe2\x80\x99s really helpful. I\xe2\x80\x99ll look into Anki. Thanks again for the input, wish you all lucks with language learning! :)",0.07217964
b' ',2022-08-27 06:04:44,"Yeah I haven\xe2\x80\x99t heard of anyone else doing it either lol, it\xe2\x80\x99s indeed inspiring. I scratch my mosquito bites all the time and damn I\xe2\x80\x99m bleeding then scarred all over (they fade thank god). Thanks!!",0.030807571
b' ',2022-08-27 05:47:24,What are your unusual methods if you care to share\xe2\x80\xa6?,0.07993191
b' ',2022-08-27 05:45:43,I\xe2\x80\x99m having visible scars from a decade ago don\xe2\x80\x99t I secretly admire you\xe2\x80\xa6! Yeah the sad part is the stretching pain stops the moment you\xe2\x80\x99re back in your normal posture. I guess that\xe2\x80\x99s why it\xe2\x80\x99s uncommon as a sh method:/,-0.04744901
b' ',2022-08-27 05:41:40,"Thanks! I\xe2\x80\x99ve tried some of them, seems that they all kinda focus on helping me memorize the words, and I don\xe2\x80\x99t actually need that. I want words just reveal themselves plainly (if that\xe2\x80\x99s a thing you can ask for with an app). But thanks I\xe2\x80\x99ll dig deeper into the list :)",0.042664412
b' ',2022-08-27 05:36:37,"I\xe2\x80\x99m sooooo glad you like the idea! I was worried if it would seem too odd lol. Honestly the skin is kinda like not renewable energy once scarred always scarred, so save the skin! All the best :)",0.06822983
b'Recommendations on apps for learning German vocabulary?',2022-08-27 05:22:40,"What I\xe2\x80\x99m looking for:\n-words with audio pronunciation \n-words meaning in English (ofc)\n-sentences (so you see how the word is used) with audio pronunciations\n-sentences with translation in English \n\nWhat I don\xe2\x80\x99t need \n-repetitive spelling test \n-words keep showing up asking if I know them already \n\nAt this point my best option seems to be wiktionary lol, they even include the etymology for each word and I LOVE that. But they don\xe2\x80\x99t have wordlists you can learn, you have to look up for the words and obviously I can\xe2\x80\x99t do that. Plus they don\xe2\x80\x99t have audio for sentences.\n\nAny suggestions please? I\xe2\x80\x99m not looking for a perfect match maybe something that comes close!",-0.0035972297
b' ',2022-08-27 05:06:07,"Yes it\xe2\x80\x99s kinda the same for me, that killing myself is mere formality. I\xe2\x80\x99m sorry about your situation though, I hope you find peace and happiness without them!",0.07983026
b' ',2022-08-26 17:21:48,"Yeah don\xe2\x80\x99t I know!\xe2\x80\xa6 Just please stop, see a doctor if that\xe2\x80\x99s an option. Please",0.08932501
b' ',2022-08-26 16:07:08,"You\xe2\x80\x99re not losing anything. You have loving feelings for them right? If they do care about you as well they\xe2\x80\x99d reconsider, what they\xe2\x80\x99re putting you through and so on, if not lol fuck them (as I did)",0.10368496
b' ',2022-08-26 16:03:27,"It might count as an attempt, or maybe not, depending on how much you\xe2\x80\x99re willing to work on it. I\xe2\x80\x99d suggest a therapist or psychiatrist if that\xe2\x80\x99s available to you. If not, well I do that kind of stuff all the time! Join the club",0.04846152
b' ',2022-08-26 15:58:34,Damn lol it\xe2\x80\x99s so relatable. Guess we\xe2\x80\x99re all just hanging in there (for no fcking reasons)!,-0.08518141
b' ',2022-08-26 15:55:06,"Hanging is kinda a painful way to go (if you don\xe2\x80\x99t find asphyxiation a fetish I know people get aroused by asphyxiation not me lol). You don\xe2\x80\x99t die instantly, you\xe2\x80\x99d actually suffer quite a lot, speaking from someone who attempted that (and yeah still breathing), not the way to go bro",0.009390552
b' ',2022-08-26 15:44:55,It won\xe2\x80\x99t work (if you\xe2\x80\x99re as I am!). Stabbing yourself is VERY painful and most likely the pain just stops you before you get into any serious damage. It\xe2\x80\x99s not worth it.,0.046274867
b' ',2022-08-26 15:41:06,"I kinda feel you as I\xe2\x80\x99m from an Asian family as well, and I\xe2\x80\x99ve been feeling that since I was a child, that I owe my parents simply TOO MUCH, they told me that I owe my life to them damn how can I ever pay for that?! Anyways.  You can start living for yourself anytime you want to. The problem is are you ready to cut them off?\xe2\x80\xa6 just see them as some random people, you might be still attached to them it\xe2\x80\x99s only normal, but no longer consider them as someone who has a say in your life, someone you\xe2\x80\x99d turn to if you\xe2\x80\x99re in trouble? Forget all about that. You don\xe2\x80\x99t know them. You can live anywhere, with anything.",0.0485526
b'Anyones been into fasting\xe2\x80\xa6?',2022-08-26 15:29:29,"It\xe2\x80\x99s not for weight loss, well not primarily the effects would be more than welcome tho ofc. I\xe2\x80\x99m considering it more for spiritual reasons I guess? As I think I would benefit a hell lot from abstinence. But as someone with an eating disorder fasting is indeed more complicated and I wonder if anyone here tried that? How did you feel about it? Have you felt good about it or did it just put you in a way worse relapse?",0.43163446
b' ',2022-08-26 15:20:07,"You should definitely avoid it\xe2\x80\xa6 Alcohol dumbs your mind and makes you more open to binge eating so to speak. I\xe2\x80\x99m saying this as an alcoholic who got into alcohol thinking it would put my binging urges to sleep, lol here I am a bulimic alcoholic (is that even a thing). Anyways alcohol won\xe2\x80\x99t help, if anything it gets everything worse, make up some excuses if you can, medical conditions or so on, just don\xe2\x80\x99t get into that rabbit hole",0.25937623
b' ',2022-08-26 15:09:58,"Wtf you\xe2\x80\x99re 13 exactly the age I started vomiting. Yes it\xe2\x80\x99s normal for your throat to hurt, no there\xe2\x80\x99s no way to stop it if you keep throwing up. There\xe2\x80\x99s really a lot of damage you\xe2\x80\x99re looking into. Please stop vomiting. I don\xe2\x80\x99t know what to say I\xe2\x80\x99m not in your shoes I can\xe2\x80\x99t really suggest anything but please stop",0.1624532
b' ',2022-08-26 15:02:13,Probably because I have been putting on weight but my blades kinda trapped in between the flesh goddamn it. I want it neat,0.23185562
b'How to sh with less blood?',2022-08-26 14:57:51,I\xe2\x80\x99m only cutting a little didn\xe2\x80\x99t even get the pain but there\xe2\x80\x99s a hell of a blood coming out. Like I didn\xe2\x80\x99t even make a 1cm long cut and it\xe2\x80\x99s fcking dripping?! How can I cut with less blood coming out,0.07510102
b' ',2022-08-26 13:38:45,"I\xe2\x80\x99m dead the moment I threw myself from that window. This world didn\xe2\x80\x99t end with that as I have many unsolved problems, so I\xe2\x80\x99m not yet freed I\xe2\x80\x99m doomed to return as a ghost. There\xe2\x80\x99s not much I can do, seen that I\xe2\x80\x99m dead, but I\xe2\x80\x99m seeing some dear memories as well as painful ones. They all make me smile. I think I was dead all along it\xe2\x80\x99s actually the false belief that I\xe2\x80\x99m alive and a part of this world that has brought me way too many unnecessary sufferings. Nothing can no longer harm me, as nothing can make me deader than I am right now",-0.09169942
b'How about seeing yourself as already a dead person?',2022-08-26 13:23:38,[eliminado],0.0033504413
b' ',2022-08-26 12:51:29,"I\xe2\x80\x99ve been doing that since I was a teenager and damn I\xe2\x80\x99m like rubber band flexible today lol. People gasp when they see how flexible I am\xe2\x80\x94they know the postures going to put them in unspeakable pain. It\xe2\x80\x99s even good for your health lol, try it bro we aren\xe2\x80\x99t aiming at anything it\xe2\x80\x99s just the pain right? Try for example to spread your legs as wide as you can while keeping them straight, some tremendous pain in there I assure you\nIt\xe2\x80\x99s not about exercise not about anything, just some very safe way to feel very much pain",0.068397015
b' ',2022-08-26 12:45:18,"Hey this might seem odd as it\xe2\x80\x99s by no means considered self harm, but have you tried stretching\xe2\x80\xa6? Like stretch yourself like ballerinas do\xe2\x80\xa6? You said you\xe2\x80\x99re unfit so this is going to make you feel like REALLY INTENSE pain, and there\xe2\x80\x99s no injury, well if you try too hard you will injure yourself but I guess the pain will stop you before that. Give it a try if you\xe2\x80\x99re looking for the pain",0.12116929
b' ',2022-08-25 16:12:49,So it\xe2\x80\x99s actually more common in awakened peoples? Damn that\xe2\x80\x99s kinda counterintuitive! As I think it\xe2\x80\x99s more often people like me (beaten up by worldly suffering) that would consider suicide,0.1240537
b' ',2022-08-25 16:08:35,I\xe2\x80\x99ll look into that! Thanks,0.0423102
b' ',2022-08-25 16:08:02,The links please! Indeed I don\xe2\x80\x99t really see how the minds not hurting me AFAIK it\xe2\x80\x99s securing itself at my cost,0.041022547
b' ',2022-08-25 15:00:13,Hmmm that\xe2\x80\x99s a great way to think about it! Thanks I\xe2\x80\x99m inspired!,0.033340897
b' ',2022-08-25 14:58:52,"Exactly this. *Shouldn\xe2\x80\x99t* never stopped me, if anything I\xe2\x80\x99m only more agitated and scared about the huge commitment I\xe2\x80\x99m going to make",0.026329722
b'Is it possible to commit suicide AFTER you\xe2\x80\x99ve awakened?',2022-08-25 14:27:37,"I kinda think that what\xe2\x80\x99s making me suicidal now is just my mind fucking things up with me, it\xe2\x80\x99s not \xe2\x80\x9creal\xe2\x80\x9d it\xe2\x80\x99s just what a mind does, keeps you in the familiar thinking patterns, and you bet it\xe2\x80\x99s not the mind\xe2\x80\x99s wish to end it for good it just wants you stay in the suffering.\n\nSo I\xe2\x80\x99m kinda curious, is it possible to kill yourself with all the realizations that it\xe2\x80\x99s simply the mind playing its tricks, and you\xe2\x80\x99re not the mind you can actually choose to no longer identify with it? Would anyone still kill themselves after that realization?",0.10656643
b' ',2022-08-25 14:09:15,"I totally feel that. What I\xe2\x80\x99ve been thinking though is that it\xe2\x80\x99s just the mind playing its trick on me. Like it\xe2\x80\x99s placing me in some vicious loop and all I can think about is how desperate everything is and it\xe2\x80\x99s only reasonable to kill myself BUT I\xe2\x80\x99m not strong enough to do it! Isn\xe2\x80\x99t it ridiculous? If the mind really wants me to be free from pains I\xe2\x80\x99d be happily dead long ago, it doesn\xe2\x80\x99t want that! It fuels me with all the suicidal ideas and yet it makes sure I\xe2\x80\x99m not doing it! The mind, my mind, WANTS ME TO SUFFER, and more, and it can\xe2\x80\x99t ever be satiated. Fuck the mind, you\xe2\x80\x99re not the mind you\xe2\x80\x99re much more than that, you really can just fuck it",0.13492253
b' ',2022-08-24 12:33:41,Thanks\xef\xbc\x81I\xe2\x80\x99ll look into the book,0.0055929422
b' ',2022-08-24 03:03:42,Thanks! I\xe2\x80\x99ll check him out:),-9.681936e-05
b' ',2022-08-24 03:03:12,Wow it\xe2\x80\x99s really well said! Thank you! And thanks for the recommendations :),0.045030937
b' ',2022-08-24 01:45:36,Wow your book definitely seems interesting! Thanks,0.14238939
b' ',2022-08-23 18:27:06,Si je ne les connaissais pas tellement bien! Je dirais non absolument non dis moi ce qui se passe je t\xe2\x80\x99aiderai. Mais si je les connais? Si je les comprends? Je les aiderais \xc3\xa0 trouver une meilleure issue,0.012605563
b' ',2022-08-23 18:22:02,On tient \xc3\xa0 la personne\xe2\x80\xa6\xe2\x80\xa6merci!,-0.044871453
b' ',2022-08-23 18:11:05,"Okay I\xe2\x80\x99m not removed. And I\xe2\x80\x99m inviting, and I\xe2\x80\x99m gonna be so ashamed of this if I find myself breathing tomorrow morning",0.016707169
b' ',2022-08-23 18:08:36,"And that, lol, is not an option!",0.03986163
b' ',2022-08-23 17:51:43,Merci c\xe2\x80\x99est gentil !\xe2\x80\xa6 Et tu ne penses pas (vraiment!) que les gens qui se sont tue\xc3\xa9s n\xe2\x80\x99ont une meilleure issue ?,-0.024922963
b' ',2022-08-23 17:24:08,Isn\xe2\x80\x99t she better the way she is now ?,0.036273763
b' ',2022-08-23 17:23:19,"I wish she asked for help. If I\xe2\x80\x99ve known in time I would have done everything I could to stop her, I\xe2\x80\x99d flew to a different city and so on but am I not only being selfish?",0.054007616
b'Question honn\xc3\xaate : qu\xe2\x80\x99est-ce qu\xe2\x80\x99il y a contre les suicidaires?',2022-08-23 17:06:25,"(Pour celles et ceux inqui\xc3\xa9t\xc3\xa9s jsuis pas suicidaire pour le moment, j\xe2\x80\x99irai au travail demain matin comme je l\xe2\x80\x99ai toujours fait, il ne s\xe2\x80\x99agit pas d\xe2\x80\x99une alerte.) J\xe2\x80\x99aimerais pourtant poser la question.\n\nPourquoi en effet je ne comprends pas. J\xe2\x80\x99en ai assez des \xc2\xab\xc2\xa0\xc3\xa7a ira mieux\xc2\xa0\xc2\xbb, on assume simplement que j\xe2\x80\x99abandonne quelque chose dans une vie future, quand je je ne perds vraiment rien ?Que \xc3\xa7a aille mieux ou non c\xe2\x80\x99est pas un probl\xc3\xa8me. Le probl\xc3\xa8me c\xe2\x80\x99est qu\xe2\x80\x99il y a vraiment rien dans le future! Qui souffre MAINTENANT souffrira toujours, on pourrait bien dire le contraire et \xc3\xa7a sera la m\xc3\xaame chose: on souffre maintenant.\n\nEt la mort mettra fin \xc3\xa0 tout cela! Il se peut qu\xe2\x80\x99on souffrira encore dans une autre vie, que rien n\xe2\x80\x99ira mieux, sans doute pire, mais plus de CETTE VIE non ? On en est bel et bien sorti !\n\nC\xe2\x80\x99est pourquoi je ne comprends pas vraiment, pas du tout, pourquoi on est alert\xc3\xa9 au sujet et on veut qu\xe2\x80\x99une personne suicidaire ne prenne pas l\xe2\x80\x99acte. Pourquoi vraiment pourquoi?",-0.00014518946
b' ',2022-08-23 16:36:21,"I had a friend (omg I can\xe2\x80\x99t believe I\xe2\x80\x99m saying it irl since I\xe2\x80\x99ve been \xe2\x80\x9ctalking\xe2\x80\x9d to myself about it all day long and it seemed more real) okay I didn\xe2\x80\x99t know her like really well so perhaps it\xe2\x80\x99s not a friend technically speaking, but I known her and talked to her and she killed herself. Honestly I\xe2\x80\x99m more jealous than sad. I celebrate the anniversary every year as I truly believe she\xe2\x80\x99s in a better place. But why does it seem irrational for the rest of us?",0.0072797574
b' ',2022-08-23 16:29:55,Thanks for the reply! But if they die it\xe2\x80\x99s no more painful for them? At least not in this world. Isn\xe2\x80\x99t that a good thing at last?,0.05151153
b' ',2022-08-23 16:14:07,Thank you!! I\xe2\x80\x99ll look into that!,0.094034456
b'Why is everybody against people taking their own lives?',2022-08-23 16:03:40,[eliminado],0.0033504413
b' ',2022-08-23 15:45:50,Thanks! I totally agree with the the idea that suffering is fertilizing the soil. I\xe2\x80\x99ll look up on shadow work!,0.047513265
b'What next ?',2022-08-23 15:19:03,"I\xe2\x80\x99m almost ashamed to admit I\xe2\x80\x99ve only (like truly mindfully) read Micheal Singer and Tolle so far\xe2\x80\xa6 Seen that many here are already quite advanced in the path. You guys you can meditate! You\xe2\x80\x99re feeling things inside you! You can tell one feeling/energy from another and not with words! Oh my that sounds like wonders to me.\n\nI\xe2\x80\x99ve came to realize however that I\xe2\x80\x99m identifying more than I think with my problems. I\xe2\x80\x99ve always known myself as a troubled person (I was and I am, so to speak), the thing is it\xe2\x80\x99s became like an unshakable part of \xe2\x80\x9cme\xe2\x80\x9d. And that\xe2\x80\x99s a neutral way to put it. What\xe2\x80\x99s even harder to admit to myself is that I\xe2\x80\x99m somehow getting pleasure from an identification as such. Like every time I read about depression/anxiety/suicidal thoughts, I feel an itch scratched deep down in me, a shameful itch like in unspeakable parts, and it\xe2\x80\x99s now gently scratched. It\xe2\x80\x99s exhilarating even. Of course we know as a common sense that scratching an itch would probably revive it and make it worse, but I noticed the moment of satiation whenever such topics were brought up, and then followed by more overwhelming urges that I can\xe2\x80\x99t really describe (like yay ahahaaahaha now let\xe2\x80\x99s scratch that skin to the bones!).\n\nSo I saw in these reactions how deeply I\xe2\x80\x99m identifying with the troubled part of me, and I think it\xe2\x80\x99s going to do me no good. How can I get rid of the old thought pattern, that has seated me in the role of \xe2\x80\x9cmentally disturbed\xe2\x80\x9d? I\xe2\x80\x99ve found Tolle very helpful. I\xe2\x80\x99d prefer not to read on some general introduction into the theories, and I\xe2\x80\x99m looking for some more \xe2\x80\x9cpractical\xe2\x80\x9d (if that\xe2\x80\x99s the right word) guidance. Any recommendations please? Love and peace to you all!\n\nEdit/tldr: I spoke about the main obstacle for me at the moment but I\xe2\x80\x99m really asking for recommendations! Like what authors should I be looking into or what practices I might consider doing, since I\xe2\x80\x99m a definite newbie here. I\xe2\x80\x99ve been searching ofc and actually got a loooooong list noted but (pardon me for this), it\xe2\x80\x99s just too overwhelming, almost leaves me as perplexed as always, and it feels distant. Can I have some recommendations here if that\xe2\x80\x99s not too much to ask?",0.1286465
b' ',2022-08-22 10:38:06,But it\xe2\x80\x99s exactly the opposite feeling that motivated me to seek spirituality :/ honesty I don\xe2\x80\x99t have a lot of joy in life!,0.062189505
b' ',2022-08-22 07:19:33,Seconding this,0.07155214
b' ',2022-08-21 18:51:57,"What you\xe2\x80\x99ve arrived at is truly admirable! Looking up to you lol. I\xe2\x80\x99m definitely dreading the sugar cravings (that are kinda a normal reaction when you cut off alcohol/nicotine, in my case both) because of my eating disorders (yeah I\xe2\x80\x99m just addicted to everything). Journaling sounds really good though I\xe2\x80\x99ll try it the next time!",0.3281042
b' ',2022-08-21 18:43:24,"Thank you! And damn right on the \xe2\x80\x9cblind incompetent leader\xe2\x80\x9d part which is exactly the way I find my mind is\xe2\x80\xa6 The problem for me is that I the spirit is too weak/dormant to show itself? and the mind dominates all the time. I wonder how can the spirit be more present. Sometimes I can\xe2\x80\x99t even tell if it\xe2\x80\x99s the mind speaking or the spirit, for example the me who don\xe2\x80\x99t want to drink anymore is it the mind (with all the considerations against drinking) or the spirit (just tired of identifying with them all)?",0.18683308
b' ',2022-08-21 17:49:07,Thanks for the suggestions! They\xe2\x80\x99re really needed as I do think I\xe2\x80\x99m biting off more than I can chew\xe2\x80\xa6 thank you,0.15759039
b' ',2022-08-21 17:43:23,"Thank you! I kinda \xe2\x80\x9cknew\xe2\x80\x9d for a fact that I\xe2\x80\x99ll be facing my real problems but I guess I wasn\xe2\x80\x99t giving that part enough attention, or I was too scared to. What you said is so true, I can\xe2\x80\x99t sit in the present moment without resolving a few things first\xe2\x80\xa6",0.005835999
b' ',2022-08-21 17:37:27,Thank you so much for all the explanation! It sure clears things up. I\xe2\x80\x99ll definitely look into that. Thanks again!,0.068616144
b'How can you be really seated in the present moment? Any advice or tips?',2022-08-21 16:27:01,"Like, I tried, but it\xe2\x80\x99s too much. Deep breathing, meditation, do something, just WATCH, worked for a while and next thing I know I broke my 7days streak in sobriety.\n\nI know that dealing with drinking problems could be somehow different from nurturing overall consciousness. I still wanted to post the question here because the truest reason that made me want to stop drinking at all is that I think I should stop suppressing my problems and just numb all feelings with alcohol, in general its affects on my life aren\xe2\x80\x99t that much of a bother.\n\nThe problem is I CANT stay in the present moment! It\xe2\x80\x99s simply unbearable. If not alcohol it\xe2\x80\x99s going to be something else, and always something else so I distract myself, flee to wherever else than the here and the now.\n\nHow did you do that? To stay conscious?\xe2\x80\xa6 it\xe2\x80\x99s too hard. Is there any tips that can help? Thanks for listening",0.1885604
b' ',2022-08-21 15:18:43,I\xe2\x80\x99m recounting sober days from today:/,-0.010023814
b' ',2022-08-21 15:17:48,"It\xe2\x80\x99s true that not everyone who drinks would end up being an alcoholic\xe2\x80\xa6 in fact many of them don\xe2\x80\x99t. Thanks though for the support, I really appreciate that.",0.08418213
b' ',2022-08-21 13:07:41,"I mean I hate being a negative example but tbh that\xe2\x80\x99s exactly what I am\xe2\x80\xa6 every day I wake up regretting as fuck that I haven\xe2\x80\x99t done it yet, and it\xe2\x80\x99s definitely NOT because I wasn\xe2\x80\x99t drinking enough",0.09331397
b' ',2022-08-21 13:04:19,"No man too much risk in there. I mean most probably it won\xe2\x80\x99t turn down the survival instinct ENOUGH so you\xe2\x80\x99re gone once for good, but it definitely will make you more depressed than you already are. Just see where I am",0.12478763
b' ',2022-08-21 12:57:07,Are you kidding me? Please don\xe2\x80\x99t go down that rabbit hole!,0.15127917
b' ',2022-08-20 18:09:42,"What do I say, I\xe2\x80\x99m already keeping it very light!\xe2\x80\xa6 I was even wondering if I should switch to liquor for different effects. I don\xe2\x80\x99t get black outs I go to work the next day without a hangover, it\xe2\x80\x99s just that the drinking me\xe2\x80\x99s much more suicidal than the sober me\xe2\x80\x94 and it\xe2\x80\x99s not even a bother! I get the buzz and all and everything\xe2\x80\x99s going to be pleasant! only problem being If I Didn\xe2\x80\x99t Do It, I\xe2\x80\x99m going to be so ashamed the next day hating myself (like all alcoholics do)",0.07792391
b' ',2022-08-20 17:57:28,"Beer mostly\xe2\x80\xa6 been drinking wine for a year or two but that\xe2\x80\x99s years ago, barely ever liquor",0.15271106
b' ',2022-08-20 17:43:24,EXACTLY,0.0003172597
b' ',2022-08-20 17:30:45,"Sadly it\xe2\x80\x99s not available where I live\xe2\x80\xa6 and alcohol\xe2\x80\x99s been like my major coping mechanism for the better part of my life. I still get the buzz, like I\xe2\x80\x99m numb and peaceful above myself, which allows me to actually focus on sth like I never did in sobriety, it\xe2\x80\x99s just that I would only focus on killing myself!",0.10259533
b'Why is alcohol making me suicidal?',2022-08-20 17:13:10,[eliminado],0.0033504413
b' ',2022-08-20 10:09:57,I feel you so much\xe2\x80\xa6 I\xe2\x80\x99m on my 7th day and again I\xe2\x80\x99m no longer seeing a reason that can convince me. My mind is now filled with \xe2\x80\x9chow bad can it be nothing can be worse than this moment!\xe2\x80\x9d so I came here. Stick with it buddy we\xe2\x80\x99re all with you in sobriety.,0.010608772
b' ',2022-08-20 02:42:41,"Oh that\xe2\x80\x99s definitely hard, I can\xe2\x80\x99t imagine living with smokers when you\xe2\x80\x99re working hard to quit! I tried vaping too, it\xe2\x80\x99s really nothing like cigarettes (so eventually I dropped it and went back to smoking). Anyways thanks. And I got your point: baby steps won\xe2\x80\x99t work, I was thinking the same too.",0.10298609
b' ',2022-08-20 02:31:51,Guess what I also have eating disorders\xe2\x80\xa6 I\xe2\x80\x99m really having the best of lucks lol,0.3185239
b' ',2022-08-19 16:07:59,Thank you! I\xe2\x80\x99m sticking with it!,0.040209964
b' ',2022-08-19 16:06:35,I am! Thank you!,0.1357516
b' ',2022-08-19 13:42:04,Thank you so much for sharing that with me,0.12155883
b' ',2022-08-19 13:38:24,"Hey I can\xe2\x80\x99t thank you guys enough. I\xe2\x80\x99m not in a mood for talking, otherwise I would have replied to all of you and much more heartily. I\xe2\x80\x99m staying sober tonight, yeah just to watch what\xe2\x80\x99s going to happen. Whatever darkness that\xe2\x80\x99s residing inside of me, be it out it\xe2\x80\x99ll find me sober, and ready",0.039383367
b' ',2022-08-19 13:04:50,Thank you. I\xe2\x80\x99ll stick with it,0.047806717
b' ',2022-08-19 12:49:04,Thanks for the support,0.05868782
b' ',2022-08-19 12:40:04,Thanks for telling me that,0.13359782
b'Feel like I\xe2\x80\x99m falling off the wagon',2022-08-19 12:25:43,"It\xe2\x80\x99s my sixth day sober and\xe2\x80\xa6 I\xe2\x80\x99m no longer able to hold myself together. I\xe2\x80\x99ve had a rough day at work and I\xe2\x80\x99m in a paralyzing sadness, but the most important thing is, I don\xe2\x80\x99t see the point. For the whole week I was telling myself \xe2\x80\x9cit will pass\xe2\x80\x9d \xe2\x80\x9cit\xe2\x80\x99s only illusional\xe2\x80\x9d, but now I realize that what made those talkings work is always that I still want something: less pain, peace of mind, etc. Now they all seem only fake. Why? For what? How is one suffering different from another? And if I\xe2\x80\x99m not free from suffering NOW, how can I be free IN TIME? Please somebody tell me something\n\nEdit: I\xe2\x80\x99ve read all of your comments, again I can\xe2\x80\x99t ever thank you enough for the support. I\xe2\x80\x99m sitting with a giant bottle of Diet Coke and I KNOW that I won\xe2\x80\x99t be drinking today, and not tomorrow, not ever again. Thank you my friends",0.07916542
b' ',2022-08-18 11:05:56,Damn I kept replying to other comments\xe2\x80\xa6 anyways meant to say I can never second this enough now take my upvote,0.11489577
b' ',2022-08-17 10:07:58,seconding both,0.05673657
b' ',2022-08-13 15:45:27,Thank you for posting. (I\xe2\x80\x99m all tears),-0.025389867
b' ',2022-08-13 13:07:22,Why do you have to be such an asshole?! Don\xe2\x80\x99t you have anything better to do in life?,0.074383914
b' ',2022-08-13 10:43:44,"Thanks for the share! I\xe2\x80\x99ll be looking into cheaper stuffs lol, it\xe2\x80\x99s just that I have really kind people telling me that I should be seeing a therapist, taking meds, hospitalized even. I\xe2\x80\x99m not against it I\xe2\x80\x99m just not having the means.",0.03502979
b'How did therapy help you ?',2022-08-13 09:22:10,[eliminado],0.0033504413
b' ',2022-08-12 20:52:26,thank you for letting me know,0.11036059
b' ',2022-08-12 19:36:37,Thank You So Much!!!,0.1647693
b' ',2022-08-12 19:34:09,Talk to me will you? If ever you feel sth wrong,0.08798097
b' ',2022-08-12 19:32:54,Indeed I\xe2\x80\x99m so glad you\xe2\x80\x99re still alive I don\xe2\x80\x99t know what to say!,0.0027491304
b' ',2022-08-12 19:31:23,I\xe2\x80\x99m indeed glad you\xe2\x80\x99re still alive!,0.045746956
b' ',2022-08-12 19:25:36,Hey are you all right? Pls talk to me,0.12612064
b'Suppose I die now and then what ?',2022-08-12 19:24:32,[eliminado],0.0033504413
"b'Do I even qualify in this sub, I never reached the beans'",2022-08-12 18:58:04,[eliminado],0.0033504413
b' ',2022-08-12 18:35:21,Lol am I getting downvoted?\xe2\x80\xa6 anyways you really can find better ways other than ending it all. If you don\xe2\x80\x99t feel like it talk to me,0.08587075
b' ',2022-08-12 18:33:38,"I mean, it really depends on where you\xe2\x80\x99re from, like some drugs or armor are only available in certain countries",0.1322276
b' ',2022-08-12 18:32:10,Where are you from ?,0.14148325
b' ',2022-08-12 17:53:49,You don\xe2\x80\x99t want that I assure you,0.105789445
b' ',2022-08-12 17:52:34,It\xe2\x80\x99s not \xc2\xab\xc2\xa0painful\xc2\xa0\xc2\xbb but it\xe2\x80\x99s VERY unpleasant,-0.009529265
b' ',2022-08-12 17:29:17,"Tell me that. I\xe2\x80\x99m so filled with that kind of speech already in my mind now I want something for painful real. Tell me: if you are hurting so you die, if you want to kill yourself you do it before I know, you\xe2\x80\x99re making everybody suffer for knowing your struggles, you are asking kindness from them that they\xe2\x80\x99re not supposed to offer. Just kill yourself, and quietly so you don\xe2\x80\x99t get to be a bother. I\xe2\x80\x99m having all these voices in my head now, somebody please to tell me that irl?",0.054749735
b'I\xe2\x80\x99m just one little step close somebody please push me so I end it all',2022-08-12 17:22:05,[eliminado],0.0033504413
b' ',2022-08-12 16:57:36,"I think I\xe2\x80\x99m already there (in my (rational) mind), perhaps I\xe2\x80\x99m not even close since it\xe2\x80\x99s not doing wonders on me\xe2\x80\xa6!",0.02397703
b' ',2022-08-12 16:55:49,So the spirit IS the mind? I kinda got the knowledge that the spirit is what you\xe2\x80\x99d like to nurture and the mind more of sth you want to be free from\xe2\x80\xa6 are they the same?,0.14563799
b' ',2022-08-12 16:50:48,Thank you! The link is removed wtf but I\xe2\x80\x99m noting the book and will read it. I\xe2\x80\x99m actually from a non-Christian country but indeed suicide is condemned in all religions I know. Well it has never been the punishments that stopped me! Thanks again for the suggestion really,0.10407244
b' ',2022-08-12 16:33:06,"I know. I know that by committing suicide I\xe2\x80\x99m just running away from one suffering to throw myself into another (and very probably even harder). But how can it matter to the me in this moment? Ordinary people like I am don\xe2\x80\x99t know peace, what I know is running away, and I keep running. Isn\xe2\x80\x99t that what we all do? Maybe not in extreme acts like killing yourself but don\xe2\x80\x99t we all live in repression and denial? Not seeing the suffering as it is? (sorry if I\xe2\x80\x99m not making sense) for me, I might embrace a firing hell just to get out from a icing vault, surely always suffering but I MADE THE ACT, which is all that matters in my mind. If I\xe2\x80\x99ve been wiser I\xe2\x80\x99d known that I should stay in the burn, and I\xe2\x80\x99ll see it pass away, for after all it\xe2\x80\x99s not real. But I\xe2\x80\x99m not wise enough, I resort to fantasies of leaving it all, and sometimes it becomes irresistible",0.12458827
b' ',2022-08-12 16:14:13,I actually have the book downloaded! I\xe2\x80\x99ll definitely read that. And really thanks for the heartening share,0.033398375
b' ',2022-08-12 16:10:58,"Thank you so much for the reply. I\xe2\x80\x99ve actually read Tolle! I really liked him, just felt that his teachings, inspiring as they are, aren\xe2\x80\x99t touching my deepest itch (hope it makes sense). I\xe2\x80\x99ll look into Kundalini yoga for sure, and Maya Fiennes, thanks again for the suggestions",0.067724004
b' ',2022-08-12 15:39:46,Thank you ! It sure sounds very Buddhist,0.16597658
b'Can you seek spiritually when you have some mental problems ?',2022-08-12 15:10:45,"Hi, not sure if it\xe2\x80\x99s the right place to post, pardon me if it\xe2\x80\x99s inappropriate. The thing is I have been depressed and suicidal for some time, the urges getting stronger recently, and I\xe2\x80\x99m kinda told to seek spiritual awakening as a much saner alternative than just killing myself, is that possible or feasible ? If so how do I even start ?",0.12465705
b' ',2022-08-10 21:06:39,"Je vais me tuer n\xe2\x80\x99importe quoi donc dites ce que vous voulez. Je suis lache quand m\xc3\xaame et je cherche de quoi me renforcer. J\xe2\x80\x99ai vraiment honte d\xe2\x80\x99\xc3\xaatre en vie et c\xe2\x80\x99est mieux si je meurs, mais j\xe2\x80\x99ai \xc3\xa9t\xc3\xa9 trop l\xc3\xa2che pour le faire. Aidez moi svp",-0.021093084
b'Je me tuerai en quelques moment alors dites qqch gentil pour partir avec car jsuis nul et je n\xe2\x80\x99ose pas honn\xc3\xaatement sans soutien',2022-08-10 21:01:52,,-0.057228804
b' ',2022-08-10 18:47:34,Talk to me please,0.12515105
b' ',2022-08-10 18:34:50,Hey please message me if you\xe2\x80\x99re still there even just for a moment longer. Please do me a favor please,0.06686019
b' ',2022-08-08 22:19:11,"(Nah I shouldn\xe2\x80\x99t be encouraging) but still, if you want to talk I\xe2\x80\x99m here",0.06005705
b' ',2022-08-08 22:17:06,Do you want buddies?\xe2\x80\xa6offering myself here in life or in death (as you wish),0.036462016
b'Me again sorry do me a favor pls',2022-08-08 22:12:56,[eliminado],0.0033504413
b' ',2022-08-08 21:55:41,It\xe2\x80\x99s hard to do it damn I\xe2\x80\x99m not proud acknowledging that! Thought you\xe2\x80\x99d be free from your mind since you know it\xe2\x80\x99s gonna end? Not really. I\xe2\x80\x99m like so sorry for myself and I want a hand so I get to feel it\xe2\x80\x99s all legit,-0.033184923
b' ',2022-08-08 21:50:17,"It\xe2\x80\x99s kinda like, gimme something and I jump happily gimme nothing I jump with doubt and struggles, so gimme something",-0.11151664
b'Bulimia with drinking problems\xe2\x80\xa6?',2022-08-08 21:28:59,"The first thought would be to drink, just one, just a little, something you can control, and after several nothing seems to matter pretty much, so why not a sandwich/cookie/sausage that I would enjoy? I won\xe2\x80\x99t mind having to purge, I\xe2\x80\x99ll get better relief from just EATING, which is like the only relief I\xe2\x80\x99ll ever have so eat. And I fill myself up with horrible things like pastry and whatever overdosed on fat/carbs, and I purge, and the nightmare scenario: I don\xe2\x80\x99t purge for I passed out by drinking too much",0.3998375
b' ',2022-08-08 12:03:54,Too late,0.042078543
b' ',2022-08-05 03:48:12,"""You\xe2\x80\x99re like speaking from my heart and I I thought it was me posting\xe2\x80\xa6 (but you have a soooo much cooler major than I do it really is impressive) I\xe2\x80\x99m now just completely putting my major aside and applying to no specific major required jobs, dunno if that\xe2\x80\x99s something acceptable to you, BUT you really don't have to give up on your life for not finding a job, you value so much more than your known working abilities, you are more than you might believe yourself to be, and given time these values WILL lead you to your bread. I\xe2\x80\x99m not trying to give you false hopes here, but if you kill yourself I should also have done that long ago, I\xe2\x80\x99ve spent longer time unemployed than employed after I got my bachelors, and here I am breathing. Please give yourself more time, talk to me, people here care about you""",0.010974489
b' ',2022-08-03 07:04:54,"I\xe2\x80\x99m 26, and from a developing country so sadly there aren\xe2\x80\x99t many social services people like me can turn into, those unable to fit in the society rely mostly and solely on closest families members, and when that doesn\xe2\x80\x99t work out as often is the case, things can sometimes lead to all kinds of heartbreaking tragedies. BUT no need to worry about me. I was kind of in a \xe2\x80\x9csuicide spree\xe2\x80\x9d mood, as the sense of relief from ending it all became too thrilling to bear, which has now passed without carrying me away thanks to all the help  (and yours ofc) I\xe2\x80\x99ve got from here. So thanks again, you take care of yourself and have a nice day :)",-0.00095631275
b' ',2022-07-30 20:04:17,Do you want to talk about it?,0.15304428
b' ',2022-07-30 18:02:21,"hey, are you all right?",0.1625961
b' ',2022-07-30 11:43:04,"""I have indeed considered it, but we don't really have such things where I live. A darkness retreat would be more realistic, still won't be easy to get a chance since I don't have a room to myself. thanks anyways""",0.08441158
b' ',2022-07-30 11:15:07,"closet/bed, total darkness and silence, make you feel safer than ever",0.10344672
b' ',2022-07-30 11:12:19,"""What do you mean by that? I'm not sure I follow""",0.26746345
b' ',2022-07-30 11:11:06,Exactly what worked for me years ago,0.100539856
b' ',2022-07-30 11:07:37,"Well... I have eating disorder so I have safe foods instead of favorite foods, and comfort might not be the right word in this case...",0.48056877
b' ',2022-07-30 04:33:08,"""it's where we all come from right?... the vast dark nothingness, I like to think that way""",0.038268052
b' ',2022-07-30 04:30:30,"""damn I'm so sorry about that... I really meant what I said no sarcasm or whatsoever, and I certainly won't kill myself just because someone reminds of  not having anything good in life, like I don't know that already?... I'm really so sorry about his account, damn I'm still here and his account is no more, I'm so sorry""",0.09850629
b' ',2022-07-30 04:25:14,"""thank you! I won't say intolerable, just no longer sustainable. It's like when you're out of fuels you'll just have to pull aside. I've been struggling long enough with myself I'm now just tired of it, I can't fight anymore. Besides I can't find any job in my current situation, so I'll eventually starve to death anyway""",0.12019364
b' ',2022-07-30 04:18:59,thank you,0.14013208
b' ',2022-07-30 04:17:07,"""thank you, I'm seeing that now""",0.11753416
b' ',2022-07-29 19:28:58,"That\xe2\x80\x99s some really kind words..thank you!! And (surprise!) I honestly believe that, I matter and I deserve happiness, which is why I\xe2\x80\x99m leaving!",0.025574341
b' ',2022-07-29 19:21:39,Thank you! I\xe2\x80\x99d love to think that way,0.07957514
b' ',2022-07-29 19:19:14,There isn\xe2\x80\x99t my dear! But thank you for your kindness,0.069928646
b' ',2022-07-29 19:16:30,"Come on guys just look at the comments here\xe2\x80\xa6 very nice people they are, but not really convincing\xe2\x80\xa6! Perhaps suicide really is the solution who knows? And it doesn\xe2\x80\x99t hurt (it hurts tbh) to try",0.04210733
b' ',2022-07-29 18:59:44,Don\xe2\x80\x99t be! You\xe2\x80\x99re right,0.076473236
b' ',2022-07-29 18:55:35,I don\xe2\x80\x99t! Thank you for reminding me that!,0.085416764
b' ',2022-07-29 18:53:50,Why I couldn\xe2\x80\x99t write that in the post idk\xe2\x80\xa6. But it doesn\xe2\x80\x99t matter now!,-0.0020167073
b' ',2022-07-29 18:51:42,"So I\xe2\x80\x99m going to put the content here: it\xe2\x80\x99s going to end! And I\xe2\x80\x99m so glad! After all these years Finally, I\xe2\x80\x99m going home guys",-0.110451065
b'Why shouldn\xe2\x80\x99t I kill my self ?',2022-07-29 18:27:17,[eliminado],0.0033504413
b' ',2022-07-01 08:14:26,"""Oh Stephen King is definitely good, haven't read The Outsider though, guess I shall make time to find out!""",0.06581264
b' ',2022-07-01 07:09:50,"""hi, sorry I wasn't able to reply sooner. Can't really think of a favorite one for the moment, my last read of the genre is a web novel that you most possibly haven't heard of. Do you happen to have any good stuff you would care to share?""",0.14315921
b' ',2022-07-01 07:04:49,I would certainly love that! cheers,0.090391375
b'26 F4M anywhere',2022-06-29 12:27:22,"Hi everyone!\n\nI\xe2\x80\x99ve actually tried several different ways to begin this post and they seemed either suspicious or weird or meaningless: to write about myself and the partner I want in life is even harder than I thought! Please bear with me a little.\n\nTo make this thing easier I\xe2\x80\x99m going to put out the facts first.\n\nDemographic facts: I\xe2\x80\x99m 26 years old, female, Chinese, can assuredly be found in Shanghai till June 2023, when I\xe2\x80\x99m expected to finish graduate studies.\n\nBetter-to-know-at-first facts:\n\nI\xe2\x80\x99m really uncomfortable in any kind of sexual intercourse, I know it\xe2\x80\x99s a community for asexual people but no harm mentioning.\n\nI would by no means bear children and it\xe2\x80\x99s not negotiable, having a human being grow inside me is beyond my wildest horror, and after all, bringing new life to this world is against my ethics.\n\nI smoke and I\xe2\x80\x99m not proud of it, but well it\xe2\x80\x99s hard to change and I don\xe2\x80\x99t see any good reason to, not yet.\n\nI have a long history of mental issues, mostly eating disorder and depression, got the bipolar diagnosis once but I think the doctor was mistaken. I won\xe2\x80\x99t say that I\xe2\x80\x99ve outgrown that history, but I\xe2\x80\x99m indeed getting stronger, why, I\xe2\x80\x99m writing an ad looking for partner now, you bet I want some good things in life.\n\nLet\xe2\x80\x99s see what else is looking bad on me\xe2\x80\xa6. I don\xe2\x80\x99t think I left many stones unturned, maybe I forgot something but later. Now there\xe2\x80\x99s something about me that cannot be shown by facts:\n\nI\xe2\x80\x99m not religious, but definitely not atheist. I\xe2\x80\x99m very interested in religions (especially Buddhism) and spiritual practices.\n\nI\xe2\x80\x99m currently learning German, at first it\xe2\x80\x99s because I wanted to go for the vocational training in Germany, but I\xe2\x80\x99ve been told that it\xe2\x80\x99s not such a good idea. But still, German is a beautiful language! I began by reading Kafka\xe2\x80\x99s Ein Landarzt, which has been my favorite for years, then I ventured to read Also sprach Zarathustra which was such a pleasure at first, until Zarathustra spoke of going to women with a whip. Why, if Nietzsche had the fame of the great misogynist like Schopenhauer did, I won\xe2\x80\x99t be as much disappointed, but most people only know him as the mad guy crying for a dead horse which makes his profile kind of loving. I actually cried like a broken hearted lover, why Zarathustra why, I love your teachings so much and you only want to whip me??? My recent reading is Das Ich und das Es, it\xe2\x80\x99s such a shame that the I and the it should be translated into the ego and the id which complicated everything.\n\n(please ignore those nosense above) I\xe2\x80\x99m interested in psychoanalysis, literature (as I\xe2\x80\x99m a student of literature), language learning and philosophy, those are my \xe2\x80\x9cfancy\xe2\x80\x9d hobbies.\n\nMy \xe2\x80\x9cnot so fancy\xe2\x80\x9d hobbies are thrillers, horror stories, true crimes, basically anything that gives you a chill on the spine, or a turn in the guts. I\xe2\x80\x99m kind of a daredevil at times (which means when I\xe2\x80\x99m not too lazy to move), and enjoy doing dangerous or unusual things just for the fun of it. I went to visit the cemetery at night because I couldn\xe2\x80\x99t sleep, made a ladder myself from shelves and chair to climb into my dorm window on the second floor when I didn\xe2\x80\x99t have keys, and I can ride a bike with hands off! Ah those are happy moments!\n\nI\xe2\x80\x99m not sure which city I\xe2\x80\x99m going to be in after I graduate, hopefully I find a job in Europe, hopefully.\n\nWhat I\xe2\x80\x99m looking for is some serious, long-term relationship. I know you can\xe2\x80\x99t push such things and serious commitments are intimidating, but I speak of the ideal case scenario, and maybe in a very long time. What I forgot to mention above is that I\xe2\x80\x99m also extremely introvert, I have no friends in life, barely some acquaintances, because most times I\xe2\x80\x99d just keep to myself, how could you expect to make friends like that? But really, social with people even people you like is exhausting. I don\xe2\x80\x99t know if the metaphor is inappropriate but my want for long committed relationship is kind of like choosing good tv series (once chosen you get to watch for months even years) over good films, I want company and I don\xe2\x80\x99t like the trying and choosing period, I want to find someone and stick to the choice.\n\nWell I can\xe2\x80\x99t really say what I expect in you\xe2\x80\xa6 basically anyone who\xe2\x80\x99s still reading here, and is interested, or have any further questions, please feel free to contact me.",0.040246703
b' ',2022-06-22 01:57:40,"""oh no!!... please hear me out. What I did was a part-time job, when I was still in college. So if the issue is not obvious....why didn't my employer have an interpretor that works just for him? Because he don't need one, best option for him was to hire one from local college just for the occasion. So as many employers. The issue is, interpreting occasions are relatively rare, especially with the covid. So either I work freelance with is highly unstable and, I have to say, very stressing because you're like constantly job hunting, especially as a beginner, I don't think I can handle that. Either some bigger companys do hire interpretors, I actually worked at some of them, and what I found out was, 'interpretor' is just a job title for them, what you really do is a lot of administrative work, and interpret when in need, so it's a hell of difference from what I did as a student, suppose I look for sth like what I enjoyed\\* 24days a month, such thing I don't think even exist.  I gave up the idea years ago""",0.014182192
b'Any jobs that require a lot of field work or face to face communication?',2022-06-21 15:53:47,"""Hi, definitely can use some career advice here. I'm going to graduate in 2023 with MA in French language and literature. I've been thinking a lot on what I'm going to do and what I know for sure is that I hate teaching (as much as I suck at it so no regrets), and that I'm a horrible, horrible procrastinator (I basically can never meet the deadline for my assignments and such behavior hardly changed no matter how bad the consequenses). I also believed for a long time that I'd better look for less people interactions because I'm extremely introvert, easily stressed and have a history with really bad mental problems. So I thought there could be literally no possible job at all for me.  \n\nLately though my mind has changed. I realized that my true stressor does not come from the outside world, and it's certainly not interaction with people that I fear. Actually I get the worst anxiety when I'm forcing myself to do the work that I (God knows why) procrastinate... I think maybe I'm just bad at work that are assigned to me with a deadline, and I be the master of my time in between as long as I get the work done is my nightmare scenario. On the contrary if there's no time in between, if what the work requires is instant reaction and even improvisation, I think I can do just fine. I remember on my last year in college I worked for two weeks as an interpretor in some florists seminar, and I actually enjoyed it. Now there are much fewer occasions as such due to the covid, but I think maybe there are similar jobs? No or very little assignements, lots of field work instead of sitting in the office? I really can't think of many jobs like this, God I know so little of what are the jobs out there in the world! Any suggestions please?""",0.09179969
b'Some random thoughts',2022-06-20 05:23:35,[eliminado],0.0033504413
b' ',2022-06-17 06:35:04,"Danke! aber ich m\xc3\xb6chte aus neugierde fragen, ob deutsche frauen im geb\xc3\xa4rf\xc3\xa4higen alter auf dem arbeitsmarkt generell weniger bevorzugt werden? Ich habe immer geh\xc3\xb6rt, dass die Gleichberechtigung der Geschlechter in europ\xc3\xa4ischen L\xc3\xa4ndern besser gehandhabt wird als in meinem Heimatland. Liegt es also haupts\xc3\xa4chlich daran, dass ich Ausl\xc3\xa4nderin bin, oder ist es f\xc3\xbcr einheimische Frauen genauso?",0.07033024
b' ',2022-06-17 06:28:39,"Ja, jetzt denke ich, dass ich mich zuerst um einen Job bem\xc3\xbchen werde und das Duale Studium als Plan B in Betracht ziehe. \rDanke f\xc3\xbcr diese Worte!",0.0062321993
b' ',2022-06-17 06:24:43,"Danke! Das sollte eigentlich ein Scherz sein, aber es ist auch das Einzige, was mir einf\xc3\xa4llt, um die m\xc3\xb6gliche Diskriminierung abzusch\xc3\xbctteln... Dann behalte ich es f\xc3\xbcr mich.\r  \nIch habe das Wort nachgeschlagen, und die Definition ist ziemlich inspirierend, vielleicht sollte ich mich auch nach Jobs umsehen, vielleicht finde ich ja auch einen!",0.052099552
b' ',2022-06-17 06:06:46,"Danke! Ich wusste nicht viel \xc3\xbcber den Unterschied, danke f\xc3\xbcr diesen Hinweis.",0.07405113
b' ',2022-06-16 12:01:11,"Danke sch\xc3\xb6n ! Das ist genau das, was ich zu h\xc3\xb6ren gehofft hatte.",0.07852481
b' ',2022-06-16 11:57:32,"Vielen Dank f\xc3\xbcr diese ausf\xc3\xbchrliche Antwort!!! (Ich werde darauf achten, dass ich in meiner zuk\xc3\xbcnftigen Bewerbung meine Asexualit\xc3\xa4t erw\xc3\xa4hne!) \r  \nIch habe durchaus daran gedacht, direkt in den Arbeitsmarkt einzusteigen, aber ich glaube nicht, dass mein Abschluss ausreicht, um mit den Einheimischen um eine Stelle zu konkurrieren: Warum mich einstellen, wenn man einen franz\xc3\xb6sischsprachigen Deutschen einstellen kann? Und so wird es auch sein, wenn ich andere L\xc3\xa4nder in Betracht ziehe. Die meisten meiner Kommilitonen haben ein Studium in einem anderen Bereich absolviert, das ihnen eine Stelle in Frankreich eingebracht hat, was bei mir leider nicht der Fall ist. Und nat\xc3\xbcrlich kommt mein mangelndes Selbstvertrauen auch daher, dass ich gerade angefangen habe, Deutsch zu lernen, und das ist noch ein langer Weg bis dahin.",0.001419805
b' ',2022-06-16 11:52:58,"Vielen Dank daf\xc3\xbcr! Ich bin auf der Suche nach einer Ausbildungsstelle, weil ich f\xc3\xbcr den weniger zufriedenstellenden Fall plane, der aber sehr wahrscheinlich ist. Was ist, wenn ich in Deutschland einfach keine Stelle finde? Um ehrlich zu sein, glaube ich nicht, dass mein Abschluss auf dem Arbeitsmarkt viel wert ist, es sei denn, er wird mit einem anderen Bereich kombiniert. Ich w\xc3\xbcrde gerne wissen, dass es andere M\xc3\xb6glichkeiten gibt, vielleicht schwieriger, aber machbar, wie ein sicheres Netz, und gerade f\xc3\xbcr dieses sichere Netz ist es jeden Moment wert, Deutsch von Null an zu lernen.\r  \nLangfristig w\xc3\xbcrde ich gerne einen Abschluss in einem anderen Bereich machen, und ich denke, ich m\xc3\xbcsste nach dem Bachelor wieder von vorne anfangen. Und im Moment kann ich das wirklich nicht in Betracht ziehen, denn ich muss mich erst einmal darauf konzentrieren, meinen Lebensunterhalt zu verdienen.",0.087481506
b'Fragen zur Ausbildung',2022-06-16 07:15:47,"Hallo! Ich bin sehr verwirrt, also haben Sie bitte Verst\xc3\xa4ndnis f\xc3\xbcr mich.\n\nIch bin 26 Jahre alt, komme aus einem Nicht-EU-Land und mache 2023 meinen Master-Abschluss (in franz\xc3\xb6sischer Sprache und Literatur). Aus einigen Gr\xc3\xbcnden (nichts Illegales) habe ich vor Kurzem  beschlossen, mein Heimatland f\xc3\xbcr immer zu verlassen, und jetzt erw\xc3\xa4ge ich das Ausbildung.\n\nZun\xc3\xa4chst einmal m\xc3\xb6chte ich wissen, (nat\xc3\xbcrlich), welche Chancen ich h\xc3\xa4tte, eine Ausbildungsstelle zu finden. Versteht sich, dass ich als Ausl\xc3\xa4nderin (und ein bisschen zu alt daf\xc3\xbcr bin) weniger bevorzugt werde, aber wird es so sein, dass ich mich mehr anstrengen muss, um eine Stelle zu finden, oder ist es so gut wie unm\xc3\xb6glich? (Ich wei\xc3\x9f, dass das niemand sagen kann, aber bitte sprich einfach aus deiner Erfahrung oder was immer du denkst). Und ich nehme an, dass die Chancen je nach Fachgebiet unterschiedlich sind. Fallen Ihnen also Vorschl\xc3\xa4ge ein, welchen Studiengang man w\xc3\xa4hlen sollte? solche mit mehr offenen Stellen, die auf dem Arbeitsmarkt st\xc3\xa4rker nachgefragt werden (vielleicht weil Einheimische sie nicht w\xc3\xa4hlen) und daher eher von Ausl\xc3\xa4ndern eingestellt werden?\n\nEine andere Frage ist, ob die Ausbildungsverg\xc3\xbctung f\xc3\xbcr den Lebensunterhalt ausreicht... Ich habe auf einigen Websites gesehen, dass die Ausbildungsverg\xc3\xbctung ungef\xc3\xa4hr 800 Euro betr\xc3\xa4gt (das variiert auch sehr stark, aber ich spreche von der Allgemeinheit), reicht das zum Leben? und nat\xc3\xbcrlich meine ich ein sehr bescheidenes Leben. Wenn Sie von Azubis wissen oder geh\xc3\xb6rt haben, leben sie alleine oder brauchen sie noch famili\xc3\xa4re Unterst\xc3\xbctzung, um die Ausbildung zu absolvieren?\n\nIch wei\xc3\x9f, dass sehr gute Deutschkenntnisse erforderlich sind, ich habe bereits angefangen zu lernen und habe nat\xc3\xbcrlich nicht die Absicht, mit weniger als flie\xc3\x9fendem Deutsch nach Deutschland zu gehen.\n\nVielen Dank f\xc3\xbcr Ihre Geduld! und bitte \xc3\xbcberlegen Sie, mir zu antworten",0.0109222345
b' ',2022-05-29 16:52:10,"""love the vibe ! didn't really understand what happened tho...""",0.044213235
b' ',2022-05-27 03:16:19,"""I think suicide is kinda like walking out from an exam bc you can't figure out the problems or simply dislike it too much. and the universe be like the school, you have to pass all of the exams to eventually free yourself, and there is endless time for you to try again and again if you didn't pass: you would just keep reincarnating, not necessarily into human form though. So I don't think suicide can help, nor is it a terrible choice as many think, it just won't make much difference, as the exams won't go away just bc you did, you surely have to face them again as long as you didn't pass.""",0.083279446
b' ',2022-05-26 09:07:08,\xef\xbc\x9f\xe8\xbf\x99\xe5\xb9\xb4\xe5\xa4\xb4\xe8\x9b\x86\xe4\xb9\x9f\xe4\xb8\x8a\xe7\xbd\x91\xe5\x90\x97\xef\xbc\x8c\xe6\x8b\xbf\xe7\xa1\xab\xe9\x85\xb8\xe6\xb4\x97\xe6\xb4\x97\xe5\x98\xb4\xe5\xb7\xb4\xe5\x85\x88,-0.005780464
b' ',2022-05-26 02:02:21,so true,-0.057681113
b' ',2022-05-25 18:14:32,after you,0.04387281
b' ',2022-05-25 18:06:57,\xe6\x82\xa8\xe6\x98\xaf\xe8\xaf\xb4\xe4\xbd\x93\xe5\x8a\x9b\xe5\x8a\xb3\xe5\x8a\xa8\xe5\x90\x97\xef\xbc\x9f,0.010879204
b' ',2022-05-25 17:42:34,\xe9\xa9\xbb\xe5\xa4\x96\xe7\xbf\xbb\xe8\xaf\x91\xe8\xbf\x99\xe4\xb8\xaa\xe4\xb8\x9c\xe8\xa5\xbf\xef\xbc\x8c\xef\xbc\x88\xe5\x9c\xa8\xe6\x88\x91\xe7\x9c\x8b\xe6\x9d\xa5\xef\xbc\x89\xe7\xad\x89\xe4\xba\x8e\xe5\x9c\xa8\xe5\x9b\xbd\xe5\x86\x85\xe6\x89\x93\xe5\xb7\xa5\xef\xbc\x8c\xe6\x88\x96\xe8\x80\x85\xe8\xaf\xb4\xe7\xad\x89\xe4\xba\x8e\xe5\x9c\xa8\xe5\x9b\xbd\xe5\x86\x85\\*10086\xe7\x9a\x84\xe5\x9c\xb0\xe6\x96\xb9\xe6\x89\x93\xe5\xb7\xa5\xef\xbc\x8c\xe5\x9b\xa0\xe4\xb8\xba\xe4\xbd\xa0\xe7\x9b\xb4\xe6\x8e\xa5\xe5\x92\x8c\xe6\x89\x80\xe6\x9c\x89\xe9\xa2\x86\xe5\xaf\xbc\xe5\x90\x8c\xe4\xba\x8b\xe4\xb8\x80\xe8\xb5\xb7\xe4\xbd\x8f\xe5\x9c\xa8\xe5\xb7\xa5\xe4\xbd\x9c\xe5\x9c\xb0\xe7\x82\xb9\xe4\xbd\x8e\xe5\xa4\xb4\xe4\xb8\x8d\xe8\xa7\x81\xe6\x8a\xac\xe5\xa4\xb4\xe8\xa7\x81\xef\xbc\x8c\xe7\xad\xbe\xe8\xaf\x81\xe9\x83\xbd\xe6\x98\xaf\xe5\x85\xac\xe5\x8f\xb8\xe7\xbb\x9f\xe4\xb8\x80\xe7\xbb\x99\xe5\x8a\x9e\xef\xbc\x8c\xe5\x8f\xaf\xe8\x83\xbd\xe6\x8a\xa4\xe7\x85\xa7\xe9\x83\xbd\xe4\xb8\x8d\xe5\x9c\xa8\xe8\x87\xaa\xe5\xb7\xb1\xe6\x89\x8b\xe9\x87\x8c\xef\xbc\x8c\xe4\xb8\x80\xe8\x88\xac\xe5\x85\xac\xe5\x8f\xb8\xe4\xb8\xba\xe4\xba\x86\xe5\xae\x89\xe5\x85\xa8\xe8\x80\x83\xe8\x99\x91\xef\xbc\x8c\xe7\xbb\x9d\xe4\xb8\x8d\xe4\xbc\x9a\xe5\x85\x81\xe8\xae\xb8\xe5\x91\x98\xe5\xb7\xa5\xe4\xb8\xaa\xe4\xba\xba\xe7\xa6\xbb\xe5\xbc\x80\xe5\xb7\xa5\xe4\xbd\x9c\xe5\x9b\xad\xe5\x8c\xba\xe5\x88\xb0\xe5\xa4\x96\xe9\x9d\xa2\xe8\xbd\xac\xe6\x82\xa0\xe3\x80\x82\xe5\x8f\xaf\xe4\xbb\xa5\xe6\x83\xb3\xe8\xb1\xa1\xe4\xb8\x80\xe4\xb8\xaa\xe5\x85\xa8\xe5\xb0\x81\xe9\x97\xad\xe7\xae\xa1\xe7\x90\x86\xe7\x9a\x84\xe5\xaf\x84\xe5\xae\xbf\xe5\x88\xb6\xe4\xb8\xad\xe5\xad\xa6\xef\xbc\x8c\xe7\x8e\xaf\xe5\xa2\x83\xe5\xa4\xa7\xe6\xa6\x82\xe5\xb0\xb1\xe6\x98\xaf\xe9\x82\xa3\xe6\xa0\xb7\xe3\x80\x82\xe7\x9c\x8b\xe8\xb5\xb7\xe6\x9d\xa5\xe8\x82\x89\xe8\xba\xab\xe5\x9c\xa8\xe9\x9d\x9e\xe6\xb4\xb2\xef\xbc\x8c\xe5\x85\xb6\xe5\xae\x9e\xe8\xbf\x87\xe7\x9a\x84\xe6\x98\xaf\xe5\x8d\x81\xe5\x80\x8d\xe7\x99\xbe\xe5\x80\x8d\xe5\x9b\xbd\xe5\x86\x85\xe6\xb5\x93\xe5\xba\xa6\xe7\x9a\x84\xe7\x94\x9f\xe6\xb4\xbb\xef\xbc\x8c\xe6\x88\x91\xe5\x81\x9a\xe4\xb8\x8d\xe6\x9d\xa5,0.009846743
b' ',2022-05-25 17:35:58,\xe8\xbf\x99\xe5\xb0\xb1\xe6\x98\xaf\xe4\xb8\xba\xe4\xbb\x80\xe4\xb9\x88\xe6\x88\x91\xe6\xb2\xa1\xe4\xb8\x80\xe4\xb8\x8a\xe6\x9d\xa5\xe5\xb0\xb1\xe8\xaf\xb4\xe5\xad\xa6\xe7\x9a\x84\xe6\x98\xaf\xe6\xb3\x95\xe8\xaf\xadorz,-0.010601396
