Title,Date,Text,Similarity
b' ',2022-10-18 09:43:24,"""Don't execute enemies, just kill them. Other than that... No""",0.10593027
b' ',2022-10-15 01:04:26,"""I didn't like HK at first because I felt lost. I started again some years later asking a friend for some guidance. I really recommend watching some videos or guides about the first areas to understand how it works. After that it's an amazing journey""",0.027794603
b' ',2022-10-14 13:19:15,"""Yesterday I ran to reactivate my Patreon and I'm screaming with all these emails!!""",0.04415475
b' ',2022-10-14 13:12:01,In spotify you can see the latest clip uploaded,-0.04090266
b' ',2022-10-13 17:22:42,My soul left my body with this clip,-0.055985108
b' ',2022-10-13 13:59:40,"""I'm a Baskerville girl \xf0\x9f\x98\x8c""",0.1188143
b' ',2022-10-13 12:35:09,"""Hello lovely people! I'm from Spain, I love cats, videogames, tv shows, books, LGBT+ activism, mystery and horror.\nDm if any of you wanna talk sometime!""",0.056696393
b' ',2022-10-13 00:26:20,"""I tried with keyboard years ago and didn't like it, though I'm much of a keyboard girl. But some months ago I played with the steam deck and I got so addicted from the start!""",0.16956651
b' ',2022-10-09 20:30:21,"I actually like this design. I checked the rest of the charactes and it does not scream male gaze, just hot women in different styles.\nBig boobs woman is always better than sexualized minor. Nothing wrong with sex appeal",0.10394995
b' ',2022-10-09 20:24:11,"""Bi and ace. Somewhat demisexual, but not exactly. Gray area. But I don't like sex without feelings anyway""",0.038515586
b' ',2022-10-09 12:13:38,"""I can't eat dry and cold bocatas. If you toast them tho it's actually fine""",0.23752208
b' ',2022-10-08 23:33:17,"""Bisexuals are watching something do you have any rec\n\nSure, I'd love any genre \xf0\x9f\x98\x8e""",0.06635584
b' ',2022-10-08 13:53:14,"I thought this was r/thesims, looks so nice",0.0026982632
b' ',2022-10-07 12:11:34,"""People say racism. She didn't want others to know her grandson brought a black man home in the middle of the night""",0.029501002
b' ',2022-10-05 16:02:10,"""I'm only okay with face sunscreen. Moisturiser is nice when I feel like having a chill afternoon, but only in that mood""",0.07643399
b' ',2022-10-05 14:14:12,"Autistic genius, depressed workaholic",0.06680095
b' ',2022-10-04 16:15:11,Last friday it finally got released in Spain!,0.04503906
b' ',2022-10-03 20:46:47,"""Wow, I can't believe I didn't recognize him until now!!!""",0.09953156
b' ',2022-10-03 20:01:11,"""We went to a wedding some days ago and it was absolutely beautiful... Except for the speeches.\n\nThree rounds of speeches, each time was 10-15 minutes.\nFirst round was emotional, but after a while it was awkward to hear all the things this family had to say to each other. The couple didn't even say anything about them, it was all about their relatives. So yeah, I fully support you.""",0.077143684
b' ',2022-10-03 16:25:02,"Sure, you can go down with one of the levers",0.11629941
b' ',2022-10-03 16:04:56,I would get marry in the first one myself,0.027131427
b' ',2022-10-03 15:59:22,Do you know Dracula Daily? The project send Dracula chapters to your email in chronological order and it was a huge success in Tumblr this year.\nSome people are making a podcast now!,0.08447771
b' ',2022-10-03 15:56:22,Here! Not RQ\n\nhttps://twitter.com/redraculapod?t=YmaG_4iwWbHhRPAQ_YZ1_w=09\n\niirc by May 3rd will be released the first episode,0.04797445
b' ',2022-10-03 13:47:30,Well from TMA you have Jonny and Sasha and the VAs of Elias and Peter Lukas!,0.032811277
b'So excited for the cast of Re: Dracula !',2022-10-03 12:47:08,,-0.057228804
b' ',2022-10-03 01:25:56,My last one was in the windy mountain,0.12720695
b' ',2022-10-02 21:55:24,"""You can feel little to no attraction and still enjoy sex. I certainly do. Asexuality is an spectrum, attraction doesn't equal action, and anyways we have demisexuals.""",0.09426371
b' ',2022-10-01 21:44:50,"""Not so deep or polished but From (Epix) had me on the edge and I'm starving for answers. If you liked Lost and The Society, it's worth watching""",0.116804734
b' ',2022-10-01 15:59:31,Exactly! Even here some people try to be funny or talk about tastes completely oblivious to their transphobia,0.21274863
b' ',2022-10-01 01:33:11,"""I think I would survive in Blasphemous, but I'm currently playing Danganronpa 3 \xf0\x9f\xa5\xb2""",0.048096046
b' ',2022-09-30 01:33:57,"Exactly, thank you",0.14554569
b' ',2022-09-29 13:36:49,I will never get over it,-0.014279468
b' ',2022-09-28 10:15:14,My answer,0.08512309
b' ',2022-09-28 10:11:45,"""I wouldn't say which one is better, but I def like BCS more for Kim alone. She's the female character I needed to watch. I love BrBa women in their flawed way, of course, but I can't keep my eyes off of Kim whenever she's in.\nAlso, Saul was my fave character and Jimmy was incredible, so unbeatable pair for me.""",0.08166717
b' ',2022-09-26 09:23:55,"OG Helen was a tory, but Distortion Helen was shipping Jmart so bad",0.12873916
b' ',2022-09-25 16:41:51,"""You have to break the wall and slide to the left. There's a secret room with other games' paintings""",0.06607895
b' ',2022-09-25 13:43:09,"""I don't see the room in library, but there's one after the Moonchild painting and one below Redento's (access by the big room)""",0.013907567
b' ',2022-09-25 11:31:45,Welcome! Hahaha,0.06503081
b' ',2022-09-25 08:44:04,"Yeah, welcome! Haha you should read about microlabels, it really healed my sexual life. I stopped pretending I feel attracted in that way to strangers and famous people.",0.13743548
b' ',2022-09-25 08:38:55,"Of course! I was talking about sex favourable people because I understand allos needing sex  in their relationships. But if they say ""I can\'t date an ace person because of that"" to me it makes as much sense as ""I can\'t date a bi person because I need a monogamous partner"".",0.022077136
b' ',2022-09-24 22:51:52,"""Yes! It's in the ace spectrum, you can totally use 'ace' and the famous flag. I'm gray myself, I can't exactly define how my attraction works but I'm not allo at all""",0.010257656
b' ',2022-09-24 21:42:45,Demi is a microlabel of asexuality,0.09490144
b' ',2022-09-24 21:30:07,"""Folks are really showing prejudices in the comments, wow.\n\nYou can have an ace partner and:\n-Have sex with them\n-Be desired by them\n\nPlease don't make assumptions, people. I, too, wouldn't like a relationship without sex, but that's nothing to do with asexuality.\nIt's an spectrum and aces will show different characteristics and levels of libido and attraction.""",0.051934578
b' ',2022-09-24 21:23:06,"Demisexuals exist, you know?",0.15881464
b' ',2022-09-24 21:22:03,"Exactly! I\'m bi and ace and love sex, but I only want to do it with my partner. I can meet a beautiful person and think ""wow, they would be a nice partner"" but I don\'t feel any desire to have sex with them, specially strangers.",0.010576383
b' ',2022-09-24 16:36:31,These are so freakin good!!!,0.17381966
b' ',2022-09-24 01:12:09,"""I have a friend who told everyone about her being a HSP and we had a little fight about it. \nShe said: If I'm not a HSP, then what? What's happening to me? Why am I different?\nI told her she looked super autistic to me and she found out she is.\nNot everyone will be grateful for the bomb, but I really think it is way more helpful than pseudo bs working as a band aid.""",0.11284113
b' ',2022-09-23 10:48:26,"""What if I don't see the room but I move my eyes anyway like I'm drawing the objects with my eye muscle memory?""",0.08149968
b' ',2022-09-21 16:49:43,Sure!,0.04965388
b' ',2022-09-21 13:18:39,"""Bi woman here. I grew up with A LOT of prejudices, from homophobia to transphobia and my own internalized biphobia. \nSome years ago I though about it and I didn't want to date a bi man because I saw that as less manly. Now I would date any masculine man I'd like, regardless of his gender and orientation.""",0.07949793
b' ',2022-09-20 16:39:45,"Mi favorito de estudio espa\xc3\xb1ol es Inc\xc3\xb3modos Invitados, que s\xc3\xa9 que se ha versionado al ingl\xc3\xa9s (Awkward Guests) pero quiz\xc3\xa1s es m\xc3\xa1s f\xc3\xa1cil de encontrar aqu\xc3\xad.",-0.0046117483
b' ',2022-09-19 17:22:31,"""Do you have to say you have kids right after your name? Come on, probably OP fell quickly for a cute girl, maybe had some coffee and found about her family in the conversation. \nI don't have kids but it's probably super hard to date as a single mom. At least I'd like the guy to not play the victim here. OP should just keep looking for someone who fits his life style.""",0.09595282
b' ',2022-09-19 16:06:27,"""People upvoting look kinda tone deaf to me. Of course you don't have to raise kids, yours or your partner's, but OP is absolutely playing the victim in a weird way, specially in comments""",0.15966049
b' ',2022-09-18 21:44:29,I thought this was r/antiwork,0.031031027
b' ',2022-09-18 10:51:27,"""Yeah, it's a popular opinion, but why would you say that in this topic?""",0.16679773
b' ',2022-09-15 01:12:59,The fuck? Why are you being ableist for no reason?,0.18635233
b' ',2022-09-13 19:59:57,"""Of course women can be misogynistic, but how is it that everytime a trans women say something problematic she is acussed of being misogynistic while is not as frequent with cis ones. It's not that hard.""",0.123331636
b' ',2022-09-13 14:36:24,https://twitter.com/doctoruncola/status/1500389565973991428?t=D0Q-ZEbgikEylgqxV0gw4g=19,0.027852684
b' ',2022-09-13 11:56:21,"""I loved Ted Lasso's S1. But S2 wasn't as great and I'm so mad seeing other shows completely under its shadow. So unfair.""",0.015171081
b' ',2022-09-13 11:44:28,"""I'm not saying it's your intention, but sometimes people insist in seeing trans women behaviors as misogynistic/not-misogynistic. That keeps the narrative going about how trans women are not women. Obviously a lot of them will be bad persons, with wrong opinions or toxic coping mechanisms or whatever. But that applies to any women.\nIf I screw up no one will tell me I'm misogynistic, because I'm cis. They'll say I'm an asshole. \nPosts like this one may be used as a dogwhistle to those who see trans women as a threat for cis women.""",0.087915346
b' ',2022-09-12 11:55:17,"""Listen, I use the notes in my phone to assign entities all the time. \nYou say Hollow Knight? I have an entity for each zone hahaha\nI'm rewatching Brooklyn 99, a comedy show, and I'm getting alignments for each character. It's basically my hobby.""",-0.029069373
b' ',2022-09-12 09:42:37,Yeah I usually do the same!!,0.08283059
b' ',2022-09-12 01:16:57,Yeah but Tim Meredith IS in TMA. He laughs in  MAG189 :D,0.044636123
b' ',2022-09-11 18:39:44,"""Bread with vegan butter. I also spread some marmite everyday, but I wouldn't know how to live without bread. It gives me strenght for the day and makes me feel safe if I'm not okay.""",0.2956753
b' ',2022-09-11 18:31:59,Omgggg,0.046780523
b' ',2022-09-11 10:34:27,"""If you are straight and you are attracted to a woman with a penis you are still straight. You don't have to be bi to have sex with different genitals, that's transphobic""",0.07585891
b' ',2022-09-11 01:12:20,"""Wow thank you! I think it's the first time someone said that to me""",0.11599109
b' ',2022-09-10 22:07:37,What the fuck,0.060382895
b' ',2022-09-10 15:46:01,"""Chill, I wouldn't pay for a NFT but some are free""",-0.04180903
b' ',2022-09-10 01:47:08,"""One Hundred Years of Solitude since I was 12 (I'm 26 years old now)""",0.09868209
b' ',2022-09-09 14:26:06,"""Great! but why would you say Tim's a virgin?""",0.067972995
b' ',2022-09-08 23:36:43,"""Yeah, I don't know how others feel about orgasms but mine are super deep and sometimes I cry afterwards due to the intensity of my emotions. I don't just feel my body, when I have sex it really affects my feelings for my partner.""",0.05605583
b' ',2022-09-08 23:32:46,"""Yeah, I love this group but there's, like, so much users' lore and posts about complaints""",0.0084761465
b' ',2022-09-08 23:24:26,What?? Now if someone disagrees with you or finds something you say problematic then you dictamine they are not autistic?,0.22069049
b' ',2022-09-08 21:33:54,Say it,0.087241754
b' ',2022-09-08 21:12:06,Lmao Murielllll,0.05826515
b' ',2022-09-07 19:50:05,"Misguided ghosts by Paramore is super powerful lonely-wise, makes me foggy\n\nhttps://youtu.be/oGWeHPK3NC4",0.042640615
b' ',2022-09-06 13:28:14,"Agree\n\nBarry, BCS and Severance for me",0.0073539903
b' ',2022-09-06 12:03:38,"""As a child I was a picky eater, and growing up I became a vegan. I'm autistic so I will have troubles with textures from time to time, but when I go to a wedding I absolutely eat anything on my plate. I don't feel like chewing onion? Doesn't matter, I will because I appreciate a vegan menu and I wish the married couple a happy event without my own issues.""",0.34153503
b' ',2022-09-05 23:35:07,"""Thank you for the notes! I'm loving this season as a Spaniard because I feel very close to the heroes. The south of Spain really has this kind of characters, poverty background, humility and warmth""",-0.017626125
b' ',2022-09-05 21:42:05,"Could you edit the ""no wife"" part? That\'s kinda erasure",0.13260879
b' ',2022-09-05 15:16:49,The video someone drew is so f perfect !!!,0.056230463
b' ',2022-09-04 18:07:13,"""Isn't the skin tone the same? Different lighting from a reshader probably""",0.13901271
b' ',2022-09-03 10:56:59,I had two copies of One Hundred Years of Solitude to get people to read it,0.09836961
b' ',2022-09-03 00:56:59,"\n\nI recently read The Seven Husbands of Evelyn Hugo and it was awesome to see how a character calls herself bisexual and demands to be recognized as such, not straight, not lesbian, just bi.",0.049333118
b' ',2022-09-03 00:36:14,"I thought Sasha VA was acting like a possessed woman, not that it was a different one!",0.12131766
b' ',2022-09-02 19:42:08,Hygiene and driving politeness. If I find a bad behaved driver on the road my day is ruined,0.22186032
b' ',2022-09-02 18:55:14,"""Sims should be bi by default as it was before with an option to set them as homo / aro / ace. I can't romance people in my game properly because everyone is aro!""",-0.07524344
b' ',2022-09-02 18:03:31,"""Something that I hate even more than the sexualized outfits is the forced thigh gap. Like, no, that's not possible in that pose and with that body and you didn't care and painted a space between those legs to satisfy your thinness beauty canon""",0.09353545
b' ',2022-09-02 02:42:32,Omg I cried so much with this episode,0.05149142
b' ',2022-09-02 02:35:01,"""I went to open the trapdoor but my boyfriend stopped me. Anyways, my train of thought was:\n\n-Something bad is upstairs\n-I can go up OR search the bag (didn't know you could do both)\n-If I get down to search the bag the monster is going to get me from my back\n-I should face the monster / see where it is""",0.07361242
b' ',2022-09-01 21:08:44,I found dragging the image with the mouse easier than using the shift key,0.10006028
b' ',2022-08-31 15:20:46,The Afterparty! I saw it this week and Jean Ralphio is amazing there,0.08784416
b' ',2022-08-30 15:18:59,"Vast + Spiral, inmense labyrinth",0.039634
b' ',2022-08-29 00:28:42,"""I didn't vote but as a 26 yo bi girl I usually look for comedy that won't offend me. Like, that's not on the table. So Bo (at least the current stuff, didn't listen to songs older than Make Happy) feels like a safe space to me. \nThat may be a reason for higher numbers in this fandom.""",0.13995378
b' ',2022-08-28 16:09:24,"""This is the single most dreadful thing I've seen in this game""",-0.015167109
b' ',2022-08-25 19:33:36,"""People already answered, but let me tell you how relieved I was in one specific S1 episode where you think something bad is going to happen to the cat... And then it doesn't. It's an amazing sensation. I'm so tired of creators being mean to animal lovers, specially cat and dog owners, by writing awful stuff happening to poor creatures. Horror has so much more to it.""",0.03587879
b' ',2022-08-24 22:46:33,"""I'm Spanish but looks good to me.\nRemember to use the \xc2\xbf in the Mexican/Cuban line.""",0.029241744
b' ',2022-08-23 13:14:06,"""I skip long paragraphs and look for interesting dialogue. If something catches my eye I reread that part to get how's everything going. If not, I continue to skim the book. Years ago I used to drop it but it didn't feel right to have so many unfinished books. This way I can get to the end in one day while having a sense of what's the story about.""",0.034601193
b' ',2022-08-23 01:19:31,"""I'm sorry but I don't want Julian to go. Is he my favorite? Yeah, I'm def biased here, but his character alone made me play this game. He is very much cosplayed and loved for a reason!""",0.05295954
b' ',2022-08-22 17:38:20,"""They're amazing but I actually know a woman with number 7's face. Like, that looks exactly like her. It's great too see sims with real faces""",-0.04754966
b' ',2022-08-22 10:10:21,"""S4. That's my reason. I liked the idea of them as a couple before that, but The Pining was exquisite. Jon realizing how much he took Martin for granted while Martin was trying to save him in his own way. Love love love those guys""",0.020967506
b' ',2022-08-20 15:40:17,"""Omggg that's why the face was familiar! She was so famous in my country""",0.060904272
b' ',2022-08-20 14:20:40,"""What an anxiety inducing scenario, I'm sorry""",0.011424048
b' ',2022-08-20 14:18:20,"Well, not available in my country at least",0.023924403
b' ',2022-08-20 14:13:09,UI cheats is going to be your bestie,0.13959873
b' ',2022-08-19 23:41:42,I can totally see Kim,0.08553003
b' ',2022-08-19 23:13:48,Mr Casey is stunning,0.026865426
b' ',2022-08-19 22:55:18,Amazing,0.016313959
b' ',2022-08-19 22:29:31,"""No but you're right, I laugh with 'playing non stop' memes but when I'm inside the game for days I stop cooking and cleaning because I'm already doing that in the game""",0.14440563
b' ',2022-08-19 19:55:47,"I do, I love Batuu while I hate Star Wars, what can I say \xf0\x9f\x98\xad",0.012120088
b' ',2022-08-19 16:04:09,Iirc it totally depends on the degree and the college. Sure there are truly unfair situations,0.058120895
b' ',2022-08-19 12:19:31,"""In Spain I've seen lots of small houses with 2 bathrooms, but never one without a shower""",-0.0012371838
b' ',2022-08-19 12:10:08,"People get it wrong all the time. I have several friends that tried different careers and lost years in the process. Each degree has a different building, maybe you have to move to another city even.",0.028061586
b' ',2022-08-18 12:01:04,"""Same, I used UI cheats to see them all and it's a really interesting idea, but sooo poorly executed""",0.05746968
b' ',2022-08-18 09:04:20,Anyone else see Imogen from Heartstopper in the first one?,0.17887181
b' ',2022-08-16 15:29:29,"Olive oil is yellow, wtf is that",0.16665974
b' ',2022-08-16 13:09:10,"I had to look away with the body swaps, too embarrasing",0.035181094
b' ',2022-08-16 10:39:51,"""I don't think it's the same if the criminal is a mob, like a faceless organisation, that one guy super close to you. The betrayal I would feel knowing I had dinner with the one that started everything""",0.12605992
b' ',2022-08-16 10:15:18,"""I don't think she was focusing on Chris, just connected the dots and wouldn't let the matter go due to her morals""",0.13525997
b' ',2022-08-15 20:14:02,"Keep in mind that ""celular"" is the latin american translation while in Spain we would say ""m\xc3\xb3vil"" or ""tel\xc3\xa9fono"". Just saying in case you were aiming at a specific audience",0.021544708
b' ',2022-08-15 13:47:21,"""Best cosplay I've seen of Ed, the pose pushed you to the top""",0.1286805
b' ',2022-08-14 20:52:40,Omg I would betray the 99 to follow that Vulture,0.00909316
b' ',2022-08-13 22:50:49,Heredar,-0.024489328
b' ',2022-08-13 13:00:38,"""Tell them, it's wrong""",0.016241902
b' ',2022-08-11 01:42:08,"""New reader here! I usually look how many pages are left until next chapter and there were two characters that kept me so invested that I didn't need to: Anna (and her friend Penny) and Alvita. Loved those stories! Janek was great too.""",0.0489503
b' ',2022-08-10 09:28:55,"I will! Though I was talking specifically about feminine women just looking like shit, Orange is the New Black kind of way.",0.060505465
b' ',2022-08-09 23:37:38,Sacrilegio,0.002813207
b' ',2022-08-09 23:01:09,"""Absolutely, as a woman I'm eager to see messy dirty hair and cheap clothes in more shows""",0.051101174
b' ',2022-08-09 22:38:48,Eh y yo!,0.084356815
b' ',2022-08-09 17:36:03,Alguien del sur?,0.13011234
b' ',2022-08-08 10:16:30,I thought it was about the bad luck myth in theater? iirc Gene also avoids yellow flowers,0.14107175
b' ',2022-08-07 17:50:41,"""I don't see anyone living in Spain. I'm from the South""",0.0010798676
b' ',2022-08-07 16:06:00,Ok but I love this idea???,0.058473952
b' ',2022-08-07 01:25:17,"""This is completely awful and unfair, I'm so sorry""",-0.01518698
b' ',2022-08-06 12:18:50,"""Autistic here asking for some help: what's the issue, really? I don't understand if it's all a meme or people actually hate it? Knowing Hero is just a sandwich nickname I like Henry as his name.""",0.12026261
b' ',2022-08-05 22:33:15,Yo estudi\xc3\xa9 Comunicaci\xc3\xb3n Audiovisual y llev\xc3\xa9 una Surface los cuatro a\xc3\xb1os. No s\xc3\xa9 c\xc3\xb3mo andan de precio los modelos pero no la cambiaba por nada. Entre clase y clase me pon\xc3\xada a jugar a Steam y todo,-0.028445516
b' ',2022-07-31 15:58:51,"The game is great but this posts are really ruining it for me. I just want memes and curious stuff.\n\nThe Knight, the main character, has no gender. It\'s not ""a person"" (even though all the characters are bugs, but you know) has no mind, has no body, it\'s just a vessel. \nBut lot of dudes insist on calling it by he/him pronouns, some even arguing that knight is a word for males. Absolute nonsense, the game itself uses neutral pronouns.",-0.029948112
b' ',2022-07-30 13:22:41,"""I don't know how their original voices sound, but the Spanish version was utterly awful. Super slow and annoying. I hated it so much.""",0.09058407
b' ',2022-07-30 12:42:03,"True, but that could be another Slaughter event, not The Corruption ritual itself",0.08604928
b' ',2022-07-29 12:15:43,"""Yeah, that makes sense, but now I'm thinking maybe what the ritual was missing was an actual war. Maybe that would have been the last mark, politic conflict. World War III perhaps?""",0.11638567
b' ',2022-07-29 11:18:14,"Thanks, I think about entities A LOT hahaha",-0.022434525
b' ',2022-07-29 10:11:40,"""So the pandemic had:\n\nThe Corruption - fear of the illness\n\nThe Extinction - fear of the end of the world\n\nThe Eye - fear of your neighbors, checking on them and reporting them to the police if they were ill or not wearing a face fask\n\nThe Web - fear of the governments, that they created Covid or put something in the vaccines to control us\n\nThe Lonely - fear of touching other, isolation, choosing social distance\n\nThe Desolation - fear of losing your relatives and how your life was and never will be again after Covid\n\nThe Flesh - fear of germs in your body and the changes it would go through\n\nThe Dark - fear of what they say, believing hoaxes instead\n\nThe Spiral - fear of the distorted truth, media, scientists, governments and paranoics saying different facts, gaslighting\n\nThe Stranger - fear of someone unknown that is contagious, next to The Lonely and The Eye in this case\n\nThe End - fear of your destiny, your death, you can't avoid catching Covid \n\nThe Vast - fear of the whole world getting ill, nowhere to go because it reaches everywhere\n\nThe Buried - fear of being trapped inside your small house against your will as safety measure, asfixiating with work while everything falls apart\n\nThe Hunt - fear of someone reporting you, if you don't wear a mask the police will come for you, related to The Eye\n\nThe Slaughter - ?\n\nSo it was a very complex ritual by a Corruption avatar but I think some marks were missing or not as strong as they should be. In any case, it failed, right? Right?""",0.16090883
b' ',2022-07-26 19:26:23,Desolation maybe?,0.07611586
b' ',2022-07-25 13:18:56,"""Lucius steals all the scenes imo. I can't stop looking at his expressions""",-0.008564401
b' ',2022-07-25 02:33:48,"You can use pre set rooms picking one by one the furniture in them. You probably already know that, but just in case.",0.06619558
b' ',2022-07-24 15:30:03,"""I don't know what to tell you, I did this for 30 minutes or so and got an unbreakable. Coliseum may be better for farming but it's less safe""",0.06468341
b' ',2022-07-24 15:19:53,"Quiz\xc3\xa1s se refiera a que, al poder trabajar desde un pueblo barato por ejemplo, ya casi nadie querr\xc3\xada alquileres car\xc3\xadsimos de centro de ciudad. Entiendo que mucha gente escoge esos pisos por necesidad geogr\xc3\xa1fica, si eliminas ese factor cambia todo",0.014835356
b' ',2022-07-24 11:36:12,"""You can farm safely in the king's station, with all the knights. If you wear the geo charm is like 500-600 each time.""",0.028123042
b' ',2022-07-24 10:15:40,"Stolen art, this is the original:\n\nhttps://www.reddit.com/r/TheMagnusArchives/comments/nin46e/made_some_ritual_tickets_to_use_as_bookmarks/?utm_medium=android_app=share",0.026755542
b' ',2022-07-21 17:16:15,"""It was The Magnus Archives' ending anniversary and tumblr was filled with OFMD's episode 9 gifs and fanart. I was so confused because both shows have a similar queer couple so I had to give it a try.""",0.06959228
b' ',2022-07-19 19:12:35,"""Same, Jim's story is kinda boring to me. When I rewatch I feel the need go get my phone, which doesn't happen in almost any other moment in the show. However I absolutely adore Vico, so I hope in Season 2 their plot get more entertaining?""",0.034086622
b' ',2022-07-19 12:22:11,"""Of course, I do that when I meet friends, obviously, but I'm not getting out of my car for sweetened water""",0.08737228
b' ',2022-07-18 22:33:49,"""People would rather drink a beer in a bar if they are waiting. I don't like alcohol, so I can wait in my car. I don't mind what the rest may think, it's comfy.""",0.12637204
b' ',2022-07-18 15:25:28,AI art wears me down but these are actually amazing!!,0.083552144
b' ',2022-07-16 01:42:40,"""I always skip that part because I'd cry so much while driving""",0.062208816
b' ',2022-07-16 01:40:43,"""Well, well, look who\'s inside again!\nWent out to look for a reason to hide again""\n\nThat line did in fact hit me so hard and made me so self concious about my 2020 reclusion that I ran to get my autistic diagnosis.",0.15005249
b' ',2022-07-14 00:15:39,"""Hunt or even Eye. I think it would only be Spiral if the door didn't lead to his real house, wrong somehow. But he's been hunted by something he can't see but is watching him.""",0.09828968
b' ',2022-07-12 01:26:09,S2 Martin cries to Jonathan - Annie DiRusso,-0.0127807725
b' ',2022-07-10 09:11:47,She looks like Penelope Cruz to me,0.12366894
b' ',2022-07-08 16:46:46,Incredible reference,0.008419069
b' ',2022-07-07 23:13:39,Oh nice!,0.11448105
b' ',2022-07-07 18:39:00,I think she was going for The Spiral path. Fanfics even write her as the next Distortion.,0.08374668
b' ',2022-07-06 01:18:40,"""That's so Martin""",0.046203975
b' ',2022-07-05 14:23:38,"""If it wasn't a possibility it would be enbyphobia. Like, there are demigirls that are feminine, masc people that are agender, etc. So don't close any door for you, just date whoever you like based on your aesthetic preferences, that's all!""",0.10567552
b' ',2022-07-05 14:04:33,"This is literally my first comment:\n""To be bi you have to POTENTIALLY be attracted to people from any gender. Not at the moment and not at the same time, but it has to be a real possibility.""\n\nI said potentially in caps. It has to be a possibility, not the case in the past or the present. Just on the table. You are telling me exactly what I said, so I don\'t understand why are you mad at me.",0.12863892
b' ',2022-07-05 11:25:13,"""Non binary people are included in every orientation. If you don't, that's enbyphobia. BUT if you just happen to have a preference por some gender presentations it's completely fine. I don't understand why you say I'm invalidating you, if you are not bi then what would you be??""",0.17472705
b' ',2022-07-05 00:57:20,"""No one said Fei? I would date Fei and Lila. Maybe Ben too. And Allison's husband haha""",0.067846924
b' ',2022-07-04 15:25:25,"Let\'s say you are a girl who\'s into all genders except binary girls. That sounds super weird, some explanations:\n-You have an issue with your gender, like envy or disphoria, so you could potentially be attracted to girls but you don\'t in the moment.\n-You are straight and think you like (let\'s say) demigirls because you like their masc presentation (just an example) instead of their gender.\n-It\'s not a real scenario. Meaning that you were confused about your past attraction and it doesn\'t apply to ""all genders but one"" at all.\n\nTo be bi you have to POTENTIALLY be attracted to people from any gender. Not at the moment and not at the same time, but it has to be a real possibility.",0.09889954
b' ',2022-07-04 15:11:51,Social distance was a blessing but now people expect kisses again. Yesterday I had to kiss four guys. While my boyfriend just shakes their hands \xf0\x9f\x98\x94,0.046882253
b' ',2022-07-04 13:48:27,"Thanks, seems like OP is looking for any excuse at this point",0.0041320696
b' ',2022-07-03 21:56:47,"""I'm almost done with Parks and Recreation and next will be:\nOnly Murders In The Building\nBarry\nBetter Call Saul""",-0.007055008
b' ',2022-07-03 21:32:39,"""Mmm I've only seen a couple of comments from trans people with that opinion. That doesn't represent everyone. I'm just saying there's no need to be disrespecful to someone's identity.""",0.077225745
b' ',2022-07-03 21:27:52,"""There's no need to deadname a character. Real trans people may suffer if they see that kind of misgender. It's not even a spoiler, it's not relevant to the story. It's just who the character is.""",0.014306817
b' ',2022-07-03 12:09:32,Why would you say sexually fluid instead of bisexual?,0.15420553
b' ',2022-07-02 16:26:21,"""Did Allison just talk shit about Viktor's fashion sense? I'm seriously gonna kill her.""",0.14502716
b' ',2022-07-01 01:12:58,"""I had a dramatic romance with Camofrog as a child. I used to send bottles with love poems while dressed as a sad bride. I said it was dramatic hahaha\nThen I fell for Stitches. \nAs an adult I bought Stitches and I cried with nostalgia, but it wasn't the same and later I let him move out.""",0.009183772
b' ',2022-06-30 20:01:45,"""I had so much anxiety and was unable to drive for some time. Then I discovered how much it helped me to sing along to my favorite songs. Now I love driving alone and I think I'm quite good. I also come home and need to rest for the rest of the day to recover myself, but I'm not stressed anymore!""",0.17948413
b' ',2022-06-30 19:50:08,"""Prom will be everything. We don't do it in my country so it will be my time to do a self insert in my game and live that for once!!""",-0.0058692843
b' ',2022-06-30 17:20:51,"""It's incredible. I don't play with teenagers ever, I wasn't waiting for this pack, but the trailer??? Take my money asap""",0.06655459
b' ',2022-06-29 01:52:53,"""The Chicken, prepare to cry y'all. I've been practising this song so hard, every time I drive.""",0.15542714
b' ',2022-06-28 23:32:01,"I loved the songs they used in this episodes, both Crystalised and My Silver Lining.\n\nBut what the hell was that lovely music when Allison tried to rape Luther???",0.13543746
b' ',2022-06-28 10:56:41,"Talia was amazing, I was not too emotional attached to the show but she carried the whole finale herself.",0.018013729
b' ',2022-06-27 19:46:14,"""It's amazing!! Love herrr""",0.024672208
b' ',2022-06-27 17:43:00,"Reading the title and then the description felt like gaslight to me hahaha\n\n""My brother and his favorite girlfriend... I mean Diana!!""",0.058437224
b' ',2022-06-27 11:42:57,"""I was like OH NOOOO when I saw what Apollo was about to do, but then the editors put that cheap black and white and the slow mo and ??? I don't understand these choices at all, they take away the emotional moments""",0.048515197
b' ',2022-06-27 01:38:15,"And probably a gun in the other side, just like everyone else",-2.7894974e-05
b' ',2022-06-26 16:12:14,"Veneditta, Gigi, Adore and Raja",0.0066661257
b' ',2022-06-26 15:48:36,"""I played co op and we had these introductions. I don't know why they didn't include them in single player""",0.030061128
b' ',2022-06-26 02:57:35,"""Is there any reason for not buying Batuu? I don't like Star Wars and I love that DLC""",0.0912919
b' ',2022-06-26 02:56:05,"""The weddings are hard to plan, people won't behave as they should. But the world is so pretty and there's plenty of new stuff!""",0.10733788
b' ',2022-06-25 20:23:36,"""I'm so sorry for all US folks.\nGreat work nonetheless!""",-0.039082482
b' ',2022-06-24 14:48:01,"""I really loved the first half, I was so attached to the story and characters, but then I noticed more and more inconsistencies and couldn't enjoy it anymore. I wish I had.""",0.10060567
b' ',2022-06-24 13:10:58,"""S3 introduces a new dynamic with one episode for Jon, another one for a different character and so on. The good thing is that you'll see more action scenes with him.""",-0.050126567
b' ',2022-06-24 10:32:42,"""Yeah, the current social climate is a nightmare, I hope you're okay \nI agree! I'm happy for him""",0.08370678
b' ',2022-06-23 23:56:25,"""I'm looking for people having this issue, seems like a new thing. Maybe they'll fix it?""",0.032649264
b' ',2022-06-23 23:53:03,"""Hi! I'm having this issue with my alien girl. I cheated and used some points to get the beguiling trait and I use that on her girlfriend to allow interactions \xf0\x9f\x98\x85 it's awful, she hates me but I want to propose""",0.0013687126
b' ',2022-06-23 17:19:32,"""I mean I've only seen episode 1 of this current season, though I don't mind spoilers""",0.12463695
b' ',2022-06-23 17:12:16,"""Because it's like he's in a costume of a previous self. I don't know how he handles that, but at least I feel bad about possible disphoria""",0.047386367
b' ',2022-06-23 15:53:31,"""Water! I like to think that I'm an earth sign so I need water so I don't get dry. \nI love sitting in the bath with water running down my head and my face, being static underwater, being inside a car while they're washing it...\nWhen I was little I had my hands wet all the time, I didn't bother with towels haha""",0.08161138
b' ',2022-06-23 15:32:12,"Brimstone bores me, but Godhead will always make me instantly happy on sight!",0.05800257
b' ',2022-06-23 11:19:36,"""If someone asked me my perfume to buy it, it would be nice.\nIf someone told me out of the blue that I smell nice it would be intrusive.\nThere's a difference between entitlement and help with something unrelated to me.""",0.05382287
b' ',2022-06-23 11:13:50,I was hating Dylan and then suddenly I loved him,0.12103133
b' ',2022-06-23 11:11:03,"""God that's amazing""",0.026195765
b' ',2022-06-23 11:09:46,Sure!,0.04965388
b' ',2022-06-23 09:40:29,"""That's great! I may be valuable as Quality Control with style, incongruences, typos and such. Also if you need someone to write things down, transcriptions, translations and things like that.""",0.13652308
b' ',2022-06-23 09:30:30,"""That's true, but just like in the real world, you can't control that. Elliot also thought he was a lesbian and people sure took that as an inspiration and such. But he's not. And it's okay. LGBT+ folks don't owe alocishets a crystal clear narrative and excellent examples. Our stories are usually messy. It's nice to educate through tv, but that's not everything. I mean, if we are talking about clear examples, some may say that Vanya dating a man before would have made impossible for 'her' to be a lesbian later, but that's lesbophobia. It may be hard to understand why lesbians may date a man before coming out, but it happens. Do you understand what I mean?""",0.04206153
b' ',2022-06-23 01:31:19,"""Yeah, and it may have been awkward to have a man playing Vanya till the end of the season. As I said I've only watched ep 1 but I was hoping he would take the wig off by the end of the episode haha \nThat conversation he had with his sister about how Sissy truly saw him... That's the ground. And it also makes sense, he was misunderstood his whole life anyway""",0.005128446
b' ',2022-06-22 23:31:35,"""I don't think that's possible. In S2 they had no idea and now they couldn't keep Elliot as Vanya. It's weird. I've only seen one episode and I feel uncomfortable already.""",0.030307814
b' ',2022-06-22 21:54:22,"S4 made me Lonely aligned. I was with The Stranger before. But my journey through depression was very similar and (spoilers for MAG159)\n>! I usually dissociate when my emotions hurt too much and my boyfriend gets me out of that state. It was SO similar to their dynamic, it was incredible !",0.01025363
