Title,Date,Text,Similarity
b' ',2022-06-18 08:06:03,"""I have this one too! Mainly comes out when I'm in social settings""",0.15666296
b' ',2022-06-18 07:59:36,"""I've tried looking into this before but came up with no results. What does the procedure look like?""",0.08566399
b' ',2022-06-14 01:04:25,"""Thanks, I've heard good things about Guanfacine and yeah my doctor said that we could try meds but they can be a bit extreme. That's really great that you include him in the choice of medication!""",0.13703732
b' ',2022-06-13 09:04:20,"""I don't have an accurate answer cause I was on a bunch of other things as well and I felt tired literally all the time cause it was right after I had surgery lol. I can't complain, so I'd say it was fine?""",0.038583733
b' ',2022-06-13 08:57:39,"""Oh interesting I had to take gabapentin for a while but it wasn't prescribed for my tics.""",0.12148224
b' ',2022-06-13 08:52:32,"""I'm not sure of the names she said, I think one was risperdone""",0.17762682
b'Worst Side Effects from Medication',2022-06-13 07:27:33,"""Im about to ask my doctor to start me on medication for my tics but I'm wondering what everyone's experience with any meds is like, particularly what the worst side effect you've experienced was?""",0.17313579
b'DAE get hyperactive when they quit smoking weed?',2022-06-04 00:53:57,[eliminado],0.0033504413
b' ',2022-05-24 04:51:59,The sp catheter was the worst part for me as well,0.014268544
b' ',2022-03-09 04:04:16,Bacon,0.10851975
b' ',2022-03-08 12:36:08,"""Men, what do women need to know about penis?"" \n""Whats something men need to know about women?""\n""What would you do as the opposite sex for a day?""",0.057910122
b'Why do you smoke cigarettes like \xe2\x9c\x8c but joints like \xf0\x9f\x91\x8c?',2022-03-08 11:35:25,,-0.057228804
b'Has anyone had phalloplasty with Dr. Ali Salim at SF through Kaiser?',2022-03-07 11:56:49,"""Just wondering what everyone's experience who had him as their surgeon was like.""",0.023002401
b'Voice changes 5+ years on T',2022-03-07 11:49:54,"Is it very likely that my voice would continue to drop after 5 years of being on T? I know it would be miniscule and subtle if the answer is yes, but was just curious to see what people had to say here.",0.20504399
b' ',2022-03-04 05:18:42,Would you happen to know what kaisers new guy is called?,0.051808603
b' ',2022-03-03 23:25:12,"""That I was a trans woman and I detransitioned. The girl I was talking to didn't even know trans men were a thing""",0.027400263
b' ',2022-03-03 12:51:43,"""Cotard's Solution by Will Wood and the Tapeworms""",-0.053973332
b'What masculinizing effects did you see from top surgery?',2022-03-02 09:35:06,I hear people talk about how getting top surgery or a hysto can give you more effects than just being on T alone. What are some of those that you experienced? My roommate says he got chest hair after top surgery,0.083736725
b' ',2022-02-28 22:13:30,"""'I've found out that over 60% of people who watch aren't subscribed!! Please subscribe and like'""",0.25667834
b' ',2022-02-27 22:54:59,"""I always think this! Why do people hate so much on them, they're amazing""",0.11015734
b' ',2022-02-24 10:42:12,"""Can I see your dick after you get surgery?""\n\n""But you don\'t have a penis though, right?""\n\n""How old are you?""   ""Wow, really?! I thought you were 12!""\n\n""Are you a boy or a girl?""    *says \'oh never mind\' and leaves after I start talking*",0.1147475
b'Anyone have any issues with loss of hunger cues after starting prozac?',2022-02-21 10:06:57,"""Ive been eating absurd amounts whenever I eat because I just keep feeling the need to eat. I also don't really get hungry but once I start eating I just wanna keep tasting stuff. I feel like it's ironic because I have bulimia and prozac is used to treat it because it can suppress appetite and help with binging I thought lol.""",0.49932027
b' ',2022-02-21 07:58:58,My first reaction to it was like bro why do we always need to bring this up.,0.0076715434
b' ',2022-02-19 06:54:39,Good luck \xe2\x9c\x8c,0.06627485
b' ',2022-02-19 06:42:37,"""Ugh thank God. The SP was a fuckin nightmare for me lol I didn't think it would make sense to have one just for scrotoplasty""",0.04281474
b'Scrotoplasty after metoidioplasty',2022-02-19 05:49:41,"""I got metoidioplasty with hysterectomy vaginectomy and urethral lengthening in 2019. The surgeon said he'd try to do scrotoplasty at the same time if he was able to and he ended up not being able to. I'm still looking into scrotoplasty for the future, but I'm wondering if anyone knows if I'll need a suprapubic catheter if I'm getting just a scrotoplasty?""",0.032193065
b'Does anyone have any experience with these surgeries?',2022-02-19 02:10:58,"""I got metoidioplasty with hysterectomy vaginectomy and urethral lengthening. The surgeon said he'd try to do scrotoplasty at the same time if he was able to and he ended up not being able to. I'm still looking into scrotoplasty for the future, but I'm wondering if anyone knows if I'll need a suprapubic catheter if I'm getting just a scrotoplasty?""",-0.0027429964
b'Severe bottom dysphoria',2022-02-12 09:06:39,"""Idk why but randomly lately I've had near constant bottom dysphoria. Just seeing a guy in public, hearing about genitals, or even for no reason I just get this intense crushing feeling like that will never be me.. I've already had some surgery and that helped immensely- still considering more in the future but does anyone have any advice about how to get over cis penis envy?""",0.08692566
b' ',2022-02-11 04:17:58,Yeah sometimes I have that tic too,0.10679735
b'Is this a vocal tic or a motor tic?',2022-02-10 12:43:08,"""I swish my saliva around in my mouth so it feels and sounds a certain way. I've heard that any noise you make with your mouth is a vocal tic, but I've never heard anyone mention this specific tic so idk.""",0.1780559
b'Anyone have any advice for itchy testosterone patches?',2022-02-08 21:44:27,"Started using t patches about a month and a half ago, but the only downside is that they itch towards the end of their usage and afterwards. Is there anything to be done about that or not really?",0.1305548
b' ',2022-02-08 21:14:55,I think Intrusive thoughts are usually negatively themed and cause distress whereas mental tics are more random and can be anything. They might still cause distress but in a more annoyed way vs feeling scared from an Intrusive thought,0.08991568
b' ',2022-02-06 09:10:01,"""It doesn't make me not tic at all, but when I play a video game I'm hyperfocused on, they significantly reduce. And it's kinda funny sometimes that I'll end up dying cause I keep blinking, occasionally""",0.1342296
b' ',2022-02-05 07:19:49,"""Yes and the worst is when you get stuck trying to doing it just right and it doesn't come out right so you have to keep doing it and it always just gets stuck like bro we could figure this out in 5 seconds if you let me have control lol""",0.077013925
b' ',2022-02-04 10:53:12,Relatable,0.0147955865
b' ',2022-02-04 05:24:52,"When I used to have vocal tics, it felt like my body would go into a pause and get a little stuck and I felt an almost pressure rising in my chest and then whatever the tic was would kinda just force itself out",0.17135212
b' ',2022-02-04 00:02:08,"""I feel like maybe her having some kind of sensory aid would work well, if she's open to it""",0.19497365
b' ',2022-02-03 22:34:34,Is she embarrassed by having her tics set off or is it the other people in the club who are uncomfortable?,0.1615715
b' ',2022-02-03 12:27:05,"""Right? Even if I hear or see someone doing something uncommon, if they keep doing it, I'm like oh okay they just do that, whatevs.""",0.009701548
b' ',2022-02-02 08:43:51,Yes my eye blinking is pretty constant throughout the day and my eyes feel tired a lot,0.14623007
b' ',2022-02-02 00:22:30,"I think those are called sensory tics, I usually hear it described as the premonitory urge without the tic ever coming out.",0.09174423
b' ',2022-02-01 23:40:55,"""Yes and I'll start the tic but get stuck midway through""",-0.0010618567
b' ',2022-02-01 17:09:46,"""Yes it always frustrates me and I just wanna hit something or whatever, ESPECIALLY when I end up not being able to complete the tic. Sorry this happens to you too, but it is nice knowing I'm not the odd one out lol.""",0.113838226
b'Getting stuck trying to tic',2022-02-01 16:01:29,"""Does anyone else experience moments where you get stuck while ticcing? With one of my tics (it only ever happens with this one) I get stuck and have to try and will my body to finish the tic. It's extremely uncomfortable and sometimes I can't can't finish the tic because the sensation of being stuck is so off-putting.""",0.09057041
"b""Feel like I'm getting nowhere""",2022-02-01 03:16:48,"My anxiety, depression and dissociation are getting steadily worse. I\'m switching from zoloft to Prozac to see if it helps because the zoloft has been giving me very vivid dreams/nightmares every time I sleep. The vividness of the dreams doesn\'t help my derealization and I feel like sometimes its borderline delusional. I\'m sort of hopeful about my doctors but idk if they\'ll really be able to help. I just want concrete answers about what\'s wrong so I can work harder to fix it. I just feel really hopeless right now. I feel so out of place and disconnected from everything else. I get sort of panicky once I pop back into reality and think things like ""is this really my boyfriend? Who is he? Why do I have cats?"" I know the answers to these logically I guess. I know what the answer is supposed to be but it doesn\'t feel right. None of this is mine. My memories are from another life another world.",0.093623556
b' ',2022-01-31 04:30:12,:),0.0004825145
b' ',2022-01-30 21:28:13,A Serbian Film,-0.04759442
b'Is Tourettic OCD not really recognized in psychiatry?',2022-01-28 00:51:47,"""I had thought my tics mostly line up with Tourettic OCD with a few exceptions but when I explained about it, my doctor said no its not OCD, because you don't have Intrusive thoughts. But Tourettic OCD is described as OCD without Intrusive thoughts and physical sensations replace them. I can control them but feel overwhelming urges to tic. I can not do them if I really don't want to. Sometimes the feeling just is too much to handle so I tic to get rid of it. Now I'm confused though, cause wouldn't the treatment for tics and compulsive tics be different?\nEdit: wow how have I been so misinformed for this long, thanks for all the replies!""",0.17738071
b' ',2022-01-20 06:49:51,Serenity,0.021637574
b' ',2022-01-08 20:35:19,"""Yeah thats new. I'll admit I did mess up my sleep over the past two weeks cause my boyfriend had work off the whole time so we wanted to just do whatever and I've done that before without consequence so I'm not sure why it's happening now. I also don't really drink anything with caffeine in it.""",0.18511328
b'Bizarre and vivid stress-dreams',2022-01-08 11:30:30,"""I came to this subreddit to try and see if this was a common side effect and the first two posts I see are talking about crazy zoloft dreams lol. Pretty sure I have insomnia now too, I keep sleeping around 3-4 hours with like 6-8 hours in between. Hope this goes away soon. I also started sleep sweating along with this which is the cherry on top. I'm on 200mg and finally started to feel a decrease in anxiety but at this point because of my dreams, every time I wake up I feel anxious or depressed. They aren't bad enough to be nightmares, but the stress is so prolonged while I'm dreaming that it might as well be. I already sent my psychiatrist a message, but seeing as it's the weekend, I'm not looking forward to the next 3 nights/sleeps. Anyone have any advice?""",0.18643194
b' ',2021-11-15 19:11:07,What?,0.07240292
b' ',2021-11-15 18:56:35,Buffalo wheat thins,0.1271024
b' ',2021-11-15 18:34:38,"""The only thing that stops me is that she deals with mental issues as well including severe depression and I'm like one of her 2 friends so I'm concerned that if I cut her out, she's gonna kill herself.""",0.13847113
b' ',2021-10-11 02:28:05,"""I grew up with my mom being pretty sick and in and out of hospitals. My dad would work til the evenings most days and I never really had a super emotional relationship or support from him, my mom was the one for that and with her always sick, my dad would tell me to take care of her don't bother her let her sleep. I also asked my dad at one point jokingly if he loved my mom more than me and he just said 'yes, I do' adamantly and with a serious face. I think both of those things plus a bunch of relationship abuse really made me wary of people. I grew up really naive.""",0.16622539
b' ',2021-10-07 20:44:39,"""Speaking as an autistic person, I have a tendency to react to people talking in movies or shows as if they were talking to me (ex: making a face and shrugging as an answer to what they said) especially if I'm very invested and i don't realize I did anything weird until just after I do it. This happens with animated stuff for me too.""",0.112929314
"b""People who've been banned from a country, how did it happen?""",2021-10-04 23:43:53,,-0.057228804
b' ',2021-10-03 08:47:13,"""Yes I'm extremely easy to gaslight for this reason which is not great""",0.10446131
b' ',2021-10-03 08:43:32,"""I grew up with my mom being pretty sick and in and out of hospitals. My dad would work til the evenings most days and I never really had a super emotional relationship or support from him, my mom was the one for that and with her always sick, my dad would tell me to take care of her don't bother her let her sleep. I also asked my dad at one point jokingly if he loved my mom more than me and he just said 'yes, I do' adamantly and with a serious face. I think both of those things plus a bunch of relationship abuse really made me wary of people. I grew up really naive.""",0.16622539
b' ',2021-10-03 08:29:24,"""I say the truth. I do feel really ashamed of it and I hate when people bring it up but I'm not that good a liar honestly so I just have to bite the bullet and pretend I'm not bothered by it as much as I am.""",0.08211092
b' ',2021-09-29 00:59:52,I had to do that the other day and I had my boyfriend talk to the lady to get her info cause I was too panicky,0.023569886
b'The turning point in realizing I had a personality disorder',2021-09-28 12:30:28,"""I have driving anxiety not because I'm afraid of getting in an accident or dying or anything but because if my car breaks down or I get into a wreck, I'll have to talk to other people.""",0.09339351
"b""To anyone who has actually been stung by insects like the velvet ant, bullet ant, tarantula hawk, etc: How much do you relate to Coyote Peterson's experiences/reactions to getting stung?""",2021-05-14 09:28:40,,-0.057228804
b' ',2021-04-24 02:39:11,You can be friends with black people and still be a racist; just like you can be friends with gay people and still be a homophobe,0.092070915
b' ',2021-04-18 10:00:57,"Whats the reason mainly young Asian woman are diagnosed with it, if you know?",0.1425981
b'Should I worry about possibly damaging my teeth?',2021-04-17 10:19:56,"""I've had a steady increase in the amount that I have to chomp my teeth, and its starting to get in the way of my life. I've ended up putting myself in a shutdown because of the emotional overwhelm that happens when I just can't bring myself to stop. Its more compulsive than involuntary and my teeth are starting to feel sensitive because of it. The chewelry i have doesn't seem to help because I need the sensation of hard clicking against my teeth.\n\nI probably do it at least 100 times if not more on bad days which are becoming more frequent. I have to really chomp down hard and I'm worried that I might be doing damage? Or is it not that high of a chance?""",0.22805244
b' ',2021-04-15 01:01:49,"""I've heard this called sensory tics where basically you feel the premonitory urge but nothing will come out.""",0.100188255
"b""Any chewlery that doesn't squeak if you chew it really hard?""",2021-04-15 01:00:27,"""I've bought two different chew necklaces for when my teeth chomping becomes too much and they both squeak so much when I chew on them that I'd honestly rather deal with the tic than the sound because it drives me crazy. I need the hard continuous pressure to satisfy the feeling so chewing lightly or briefly won't help. Are there any options out there that don't really squeak if you chew on them continuously?""",0.30999976
b' ',2021-04-08 23:47:51,From the title I thought you were starting some new medication trying to be introduced lol,0.18109308
b' ',2021-04-08 06:36:27,"""Mormons haven't practiced bigamy in a really long time""",0.15071815
b' ',2021-04-08 04:38:21,"""I don't understand why some people think their reaction was normal. Its a sexual orientation just like being gay and I don't get why they were so heartbroken over the possibility of you guys not having sex? Why should they care? I don't think its wrong of them to be curious, but it would weird me out too if people in my family started crying because there was a possibility I wouldn't be having sex with their son anymore. Weird.\n\nNTA""",0.12932056
b' ',2021-04-07 02:44:46,"My parents thought I was autistic from a young age but I have an older brother who needed more support than I did growing up so I think they already knew how to help me so didn\'t see a need in a diagnosis. It was never like a ""he\'ll be weird if he gets a diagnosis"" but I still kinda wish they did, as now I\'m trying to get one in adulthood since I don\'t have the same support anymore.",0.11474551
b' ',2021-04-06 22:15:42,"I think its probably the same reason you yawn while seeing others yawn, sympathetic response maybe?",0.15916982
b' ',2021-04-06 03:41:00,Confusing people when they look at me lol,0.10916838
b' ',2021-04-06 03:40:19,I think the name was changed due to people mistakenly thinking its a personality disorder and not a dissociative disorder,0.15787748
b' ',2021-04-06 03:26:20,"""They weren't able to even get it into my bladder apparently because I've got polyps (growths of some sort) in the way which could possibly be causing a stricture, or a narrowing of the urethra. So that was kind of a bummer. He said he'd refer me to a different specialist since I've had work done by him and he knows my anatomy better, but most likely ill have to have some sort of surgery to correct it which sucks.""",-0.024762874
b' ',2021-04-06 03:23:16,"Its a procedure used to look into the bladder via the urethra, so they put a scope (camera) up there to take a look around.",-0.037357986
b' ',2021-04-05 20:30:55,Unrelated but who else was scared shitless by this episode? Am I just a pussy? Lol,0.11615107
b' ',2021-04-05 20:25:05,Eyebrow man,0.037994117
b' ',2021-04-04 10:28:38,Ever seen anything shitty done by one of the employees? I hear a lot of people complain about misconduct and harassment when staying in a psych ward.,0.09335637
b' ',2021-04-04 10:18:32,"""My boyfriend once ejaculated into my eye on accident. I guess I wasn't so much embarrassed as in pain and he felt bad lol. We still bring it up sometimes as a joke""",0.045528017
b' ',2021-04-03 06:08:37,"""Thats awesome, I'm glad you two are friends :)""",0.06749076
b' ',2021-04-03 05:57:50,"""How does your ODD impact you? I don't really hear much representation or first hand experiences about it.""",0.29892337
b' ',2021-04-03 05:55:01,"What impact has this had on her life? I remember watching a video done by SBSK on YouTube where he interviewed a woman who was an abortion survivor, and she had a few conditions that arose because of it.",0.18273672
b' ',2021-04-03 05:47:37,"Yeah its fine for you to use, intrusive thoughts happen in a lot of different mental health issues, including cptsd",0.17264561
b' ',2021-04-03 02:34:44,"""Gender can be confusing and the reasons someone says they feel they fit better into one gender can differ vastly from others in the same gender or like you said you relate to a lot of what he says but you don't think of yourself as nb. Its more about individual feeling I guess. \n\nI would say that his 'reasoning' behind it doesn't matter as much as how connected he feels to gender. Some people like me still enjoy femininity or masculinity while not feeling connected to female or male labels. \n\nMe personally, I was assigned female at birth and even though I love dressing feminine and stereotypical girl interests, I still feel heavily disconnected from she/her pronouns and labeling myself a girl, so thats why I feel more connected to nb as a label. \n\nIt can get really gray and everyone's reasoning can be different, but if he says he feels nb, id be inclined to believe him and ask how I could help during his time contemplating this. I hope this helps!""",0.090451226
b' ',2021-04-03 01:09:28,"""There's a distinction because symptoms of personality disorders can occur outside of other disorders and the symptoms are either to a lesser or different degree.""",0.11996911
b' ',2021-04-03 01:06:52,3 year old me sitting on the couch in the morning watching PB  J on TV. All I remember about that shows is it was about otters.,0.089307666
b' ',2021-04-03 01:05:16,Mania can present as aggression/agitation or high anxiety and there can be symptoms of psychosis with bipolar as well,0.08261545
b' ',2021-04-02 10:27:07,Could be a mental tic,0.07971291
b' ',2021-04-01 22:13:28,Thats what I thought. A lot of electronics have the option to reduce blue light as well,0.19983804
b' ',2021-04-01 22:07:44,Most fruits,0.10636918
b' ',2021-04-01 21:41:14,"""Thanks, that's a good idea!""",0.047984403
b'Any tips on discerning between hypomania in bipolar and hyperactivity in ADHD?',2021-04-01 21:30:12,"""I have a close friend who's suspecting he has both and he asked if there was any way to tell between the two since the symptoms overlap a lot. Does anyone have any tips for this? One thing we've concluded is:\n\nADHD symptoms are constant even if they can fluctuate in intensity, while mania/hypomania is episodic.\n\nHe's scheduled to meet with his psychiatrist to talk about it but he's a bit anxious about not knowing how to articulate why he suspects that he has bipolar. I was gonna try and help him compile a list so he doesn't forget any symptoms, but we realized its really hard to differentiate between the two.""",0.104638174
b' ',2021-04-01 21:26:54,"""I know with autism, a lot of people have what are called special interests that they hyperfixate on for a prolonged amount of time. It ranges from person to person but I feel the same way a lot of the time where I'm worried I'm making them my whole personality. \n\nI'll go on and on if someone let's me about psychology/mental illness. I've only ever played like 4 video games but I have no desire to try new ones, thats how much I love them- I can play them forever. \n\nThats just my 2 cents as someone getting evaluated for autism.""",0.1248242
b' ',2021-04-01 21:10:37,"""Why did you even post this here? You clearly aren't going to change, did you think people in the trans subreddit would really take your side?""",0.13911939
b' ',2021-04-01 05:38:23,Gilbert,-0.031671975
b' ',2021-04-01 02:33:15,"Wait so why did you bring up questioning your gender, or did I read it wrong? Not trying to come off as combative, I was just genuinely curious how it ties into the rest of your post",0.21891314
b' ',2021-03-31 22:56:57,"""You'd be surprised""",0.20265858
b'Any way to discern between hypomania and hyperactivity in ADHD?',2021-03-31 22:15:22,"""I have a close friend who's suspecting he has both or one or the either and he asked if there was any way to tell between the two since the symptoms overlap a lot. Does anyone have any tips for this? One thing we've concluded is:\n\nADHD symptoms are constant even if they can fluctuate in intensity, while mania/hypomania is episodic.\n\nHe's scheduled to meet with his psychiatrist to talk about it but he's a bit anxious about not knowing how to articulate why he suspects that he has bipolar. I was gonna try and help him compile a list so he doesn't forget any symptoms, but we realized its really hard to differentiate between the two.""",0.11990161
b' ',2021-03-31 22:09:53,"""Yesterday my friend told me he appreciated me and respected my opinions on things and told me I didn't have to worry so much about things, to reassure me. Felt pretty nice""",0.12251835
b' ',2021-03-31 10:50:36,"""I've heard trixic to mean nonbinary attracted to women and toric for nonbinary attracted to men""",0.0931851
b'Can stimming trigger ticcing?',2021-03-31 10:42:44,"""CW: mention of specific, intense tic\n\n\n\nLast year is when I started having tics semi frequently and at one point I had a one off tic that was me just headbanging as hard as I could for only about five seconds but it still hurt the crap out of my neck. It started right after I was stimming and it just happened again but months later and again right after stimming.\n\nNow I'm wondering if this is just a really big stim that is involuntary? I guess I'm asking if anyone has any experience with differentiating between intense stimming and ticcing.""",0.16342428
b' ',2021-03-30 21:17:49,"""I think they have to rule out other reasons you could be ticcing before diagnosing tic disorders/TS so that could be why he hasn't diagnosed you yet, but I agree with the person saying to keep a log so you can show him""",0.10235705
b' ',2021-03-30 21:11:26,"One of my pet peeves is when people don\'t use the word tic correctly. I told one of my friends I had tics and he said he didn\'t mind and had friends with tics before but then proceeded to explain a compulsion that someone has and I was like ""well he tried lol""",0.05958657
b' ',2021-03-30 10:44:35,Fidget spinners. Ruined it for all the neurodiverse people who actually needed them.,0.19643572
b' ',2021-03-29 20:31:53,Those drivable kids monster trucks or cars. I wanted one so bad,0.15966116
b' ',2021-03-29 04:07:19,"""He's not being creepy, it was stated that he has some sort of disability. Autism impacts your social skills. He just wanted to try and make friends and probably can't realize or understand why someone wouldn't want to talk to him. I'm not saying she has to befriend everyone who talks to her, but its not Ben's fault in any way.""",0.17087713
b' ',2021-03-28 20:55:09,"""No she's not a good friend. She's clearly crossing the boundaries you're trying to lay down and feels entitled to doing so which is why she gets angry when you call her out. \n\nHonestly, if I were in your position I would just ghost her. You've tried to explain things to her and be patient, but she's not respecting you.""",0.12614243
b' ',2021-03-27 07:08:17,"""What the fuck, I paid money for that.""",0.102028534
b' ',2021-03-27 05:03:24,Inception lol I completely forgot about it until recently and remembered why I loved it so much,0.086838335
b' ',2021-03-27 02:22:58,"I guess its because we\'re taught that people only act out when they have something like a disability and/or mental illness and I think a lot of people equate that to mean when someone who isn\'t diagnosed with something is acting out, they\'re doing it deliberately to be an ass or something. \n\nThats my best guess, but yeah I find that annoying too. Like, why can\'t we all just be empathetic and try to look at the underlying issue behind the ""behavioral issues""?",0.17263219
b' ',2021-03-27 01:20:38,"""Exactly, like I always try and find something new to love about it every time I watch it haha. I'm happy for you and your screening!""",0.09173906
b' ',2021-03-27 00:59:25,"""If he can't handle the consequence of you being upset- you telling HR- maybe he shouldn't have made you upset. Like what did he think would happen? At the workplace is not the time to poke fun at people and no one is obligated to be your friend or take inappropriate comments lightly like your friend suggested you do. \n\nNTA.""",0.12534358
b' ',2021-03-27 00:51:22,"""When I was really young I had a severe fear of toilets, especially ones that weren't mine, and especially automatic toilets. I'm over it now but it took until I was 13 to be able to use an automatic toilet by myself""",0.058834694
"b""I'm scheduled for an autism screening!!""",2021-03-27 00:44:48,"""I've been on a waiting list for an autism screening for a few months and with one specialist in my area, it took way quicker than I expected. I'm honestly really nervous that she's gonna say I don't seem autistic enough for a full evaluation. I have been since bringing it up to my therapist. I'm super excited cause I know this is a step I personally need to take but I'm also just so anxious. \n\nOn the other hand, I just watched my favorite movie for the 4th or 5th time this month and was still enamored and enraptured by it the whole time; I can watch it forever. Its stuff like that that makes me realize maybe I have nothing to worry about.. lol""",0.07605632
b' ',2021-03-27 00:36:22,"How many times have you experienced uneducated people telling you ""just stop"" or that its bad for you? I always find it frustrating cause it\'s like.. yeah obviously it\'s bad for me thats why I have a disorder",0.30834326
b' ',2021-03-26 08:37:32,Have you like never looked into the traits of autism before?,0.29050332
b' ',2021-03-26 03:32:01,"""Of course, I'm not a monster.""",0.18644151
b' ',2021-03-26 03:29:41,God reading this gave me whiplash I would be so irritated trying to explain this to them,0.09883575
b' ',2021-03-26 03:18:13,"""The compulsive ones feel like I can not do them if I ignore the feeling whereas the regular ones I can tell that they HAVE to come out. And the compulsive ones are more related to how the tics make me feel rather than actually doing them. Like if I don't do it enough or hard enough, that's when I feel like rubbing or hitting the area affected by it but I never get that feeling with regular tics""",0.13103835
b' ',2021-03-26 02:19:29,"""Wow I really didn't even think about it lmao""",0.100975044
b' ',2021-03-26 02:14:18,"""Well for me I stim vocally as well so it can be hard to tell sometimes but generally with stimming I feel that it has a purpose to regulate me or soothe me/express emotions whereas ticcing can be really uncomfortable and can get in my way. \nAlso, stimming doesn't do the thing that ticcing does where my breathing stops or my throat tightens. This is just my experience though""",0.118337676
b'DAE think compulsive tics are worse than regular tics?',2021-03-26 01:50:53,"""Just to preface, I started getting tics last year but they've died off kinda suddenly. However, I've had some compulsive tics my whole life which have now been amped up due to getting tics last year, and a lot of times when I do the compulsive ones, the 'normal' ones are triggered.\n\nDoes anyone else get more bothered by compulsive tics? I'd honestly just rather have 'normal' tics that I don't have as much of a choice doing because feeling this need to do something while being able to not do it is draining. \n\nEspecially when I have to keep doing them to get the right pressure and sometimes I just want to punch myself in the eye or the eyebrow just to satisfy the sensation. It gives me this horrible restless feeling, and I'm getting so fed up with it.""",0.17540666
b' ',2021-03-26 01:39:52,"""For me its almost comparable to when you're about to puke and you don't know when its gonna come up you just know its coming and then it happens. It has this intense pressure beforehand as well and my breathing pauses and throat tightens""",0.14259507
b' ',2021-03-25 21:02:05,"Oh I see, thank you!",0.17851412
b' ',2021-03-25 20:29:35,Thats breath taking dude,0.009453733
b' ',2021-03-25 20:10:09,"""Isn't aspergers under the umbrella of autism spectrum disorder now? At least in the DSM-5""",0.17906652
b' ',2021-03-25 20:07:51,Can I ask what the main difference is between the 2 surgeries? They always register as the same thing in my mind but i know thats incorrect lol,0.10912714
b' ',2021-03-25 19:57:05,Well we know who still believes in freuds teachings,0.08538084
b' ',2021-03-25 09:50:14,"How do you tell between mood swings in bpd and bipolar? I know bipolar mood swings last longer, but do they feel different to you at all from bpd mood swings?",0.25787854
b' ',2021-03-25 09:47:12,"Apology accepted! I used to be really homophobic/transphobic because of how I was raised and I felt the exact same way, especially since it turned out I was trans and pan- felt really embarrassed.",0.069879144
b' ',2021-03-25 09:42:47,Yeah! I use he and they,0.0018067826
b' ',2021-03-24 06:25:42,I noticed that too!! Also love the obvious shout outs to sokka from callums lines,-0.020089505
b'I have a hard time regulating my temperature lately.',2021-03-23 13:11:26,"""I know getting cold frequently is a symptom of eating disorders but I never knew getting too hot could happen as well. I'll be super cold and layer up to get warm and then 10 minutes later I'm burning up and sweating and have to take off my clothes. So annoying.""",0.2689073
b' ',2021-03-23 11:38:59,"""Honestly binging is more about losing control when eating than the amount you eat. This sounds most like bulimia or anorexia binge/purge subtype from what you said but I can't say for sure obviously.\n\nEating disorders often go in cycles or are not very specific which can make it seem like they never fit neatly into a category. There's also OSFED which is Otherwise Specified Feeding/Eating Disorder which encompasses an array of things like: Purging Disorder, Atypical Anorexia, Night Feeding Syndrome, Diabulimia, Orthorexia, etc. \n\nI'm sorry she's going through this as I'm currently dealing with this shit as well and know it's no fun for anyone involved. My best advice to give is just be supportive and patient. Don't watch her like a hawk or anything, but just passively pay attention to her physical and mental state as eating disorders can have a quick downward spiral. I would recommend she seek therapy, but I know it isn't a realistic choice for some people. I wish you both the best of luck",0.41432607
