Title,Date,Text,Similarity
b' ',2022-10-18 18:09:53,"Smile. I love when people smile, relieves A LOT of pressure personally. And I mean a genuine, I feel good kinda smile, not the \xe2\x80\x9cI wanna sell u this, so I smile\xe2\x80\x9d type",0.116260454
b' ',2022-10-18 18:08:53,"Still haven\xe2\x80\x99t started riding, a good jacket with secure armor is 2nd on my list, after the helmet. I cannot risk that. Wish you luck mate",0.029486863
b' ',2022-10-18 18:07:22,The little toes aaaww,0.05247527
b' ',2022-10-18 18:04:57,"I mean underwear is supposed to be comfy, it\xe2\x80\x99s UNDERwear for a reason, style shouldn\xe2\x80\x99t matter. Talking about smex, perhaps some lingerie/boxers or whatever you\xe2\x80\x99re into, might spice it up, but you shouldn\xe2\x80\x99t wear \xe2\x80\x9cstylish\xe2\x80\x9d uncomfortable undies everyday, it\xe2\x80\x99s not practical. If you feel comfortable in your briefs, tell her that, if you\xe2\x80\x99re fine with boxers too, you can add some boxers too",0.08975521
b' ',2022-10-18 10:55:57,A soda,0.1132897
b' ',2022-10-17 13:48:39,Vaping underaged. You\xe2\x80\x99re lame mate,0.02611204
b' ',2022-10-17 11:42:01,"\xe2\x80\x9cIt\xe2\x80\x99s a sin against God, what you\xe2\x80\x99re doing\xe2\x80\x9d it\xe2\x80\x99s a sin against me for u not minding your business",0.083061635
b' ',2022-10-17 09:18:40,Audi vs bmw,0.045273297
b' ',2022-10-17 08:50:48,nice,0.01786803
b' ',2022-10-17 08:49:58,"""I only ate one poptart in my life (we don't eat that stuff in eastern europe), and it was untoasted""",0.25107437
b' ',2022-10-17 08:48:49,Kids between ages 10-14,0.13258868
b' ',2022-10-17 08:45:01,"""the first test is far fetched. why do I need to say a woman is FAT if she's not? and using ASOS models? hm..""",0.1603289
b' ',2022-10-17 08:38:54,"Never. I love my bed being messy, it\xe2\x80\x99s especially nice when you lay back down in it and just need to fold over the sheet and you\xe2\x80\x99re all comfy. I seriously don\xe2\x80\x99t mind messy sheets, mine don\xe2\x80\x99t even become that messy",0.07004936
b' ',2022-10-17 08:37:44,"Don\xe2\x80\x99t wanna get political, but I agree on this one",0.032592133
b' ',2022-10-17 08:37:24,XD \xe2\x80\x9cI\xe2\x80\x99m a peace sign\xe2\x80\x9d,-0.006565997
b' ',2022-10-16 12:12:04,Hands. No context,0.021166049
b' ',2022-10-16 08:10:22,"Weirdly, shoulders and neck. Djm",0.051597044
b' ',2022-10-16 08:09:34,"Degrading women. Seriously, it\xe2\x80\x99s not that age anymore, thankfully.",0.008706711
b' ',2022-10-16 08:08:01,Bad grades. Seriouslyy??,0.09321737
b' ',2022-10-16 08:02:10,Im steamy,0.056629397
b' ',2022-10-16 08:00:09,"Yup. Still can\xe2\x80\x99t believe humanists and pro-lifers make you carry out a pregnancy, but throw away the child the second it\xe2\x80\x99s born, absurd",0.05652314
b' ',2022-10-16 07:56:32,"Option 9 was personally my fave, nice balance of colour, has water, snow, trees, perfect",0.15970229
b' ',2022-10-15 08:21:45,What would you do? DJM \xf0\x9f\xa4\xb7\xe2\x80\x8d\xe2\x99\x80\xef\xb8\x8f\xf0\x9f\x98\x82,0.09145038
b' ',2022-10-15 08:17:37,Please smile back yall \xf0\x9f\x98\xad,0.06332549
b' ',2022-10-15 08:16:57,Your dad told me otherwise the other night,0.14881244
b' ',2022-10-15 08:13:01,"R/lithuania, the amount of times I was shat on for literally existing in there is astronomical:D",0.03418282
b' ',2022-10-15 08:10:24,"It was on the news yesterday and my dad was laughing so loud, because of course the painting was covered with glass smh. Although I tried to understand what that was about (solely for more attention), I also support the idea of acknowledging our climate change, tho I wouldn\xe2\x80\x99t pour soup on a painting, wth. It\xe2\x80\x99s like disarming a plastic store mannequin because you love and believe in Jesus \xf0\x9f\xa4\xb7\xe2\x80\x8d\xe2\x99\x80\xef\xb8\x8f\xf0\x9f\xa4\xa6\xe2\x80\x8d\xe2\x99\x80\xef\xb8\x8f",0.09996095
b' ',2022-10-15 08:07:24,It had glass smh,0.02034897
b' ',2022-10-15 08:04:13,Big boy,0.100733325
