Title,Date,Text,Similarity
b' ',2022-10-17 09:58:43,Hey thanks for ur answer and the resources thats really helpful!\nI just contacted my therapist and will tell him everything in the next session!,-0.064712785
b' ',2022-10-16 22:09:07,Wow thank u so much on taking the time for responding in such depth! I really like your perspective and definitely feel now better to tell my therapist about the Situation!,0.012543863
b' ',2022-10-16 22:05:56,"Actually they didn\xe2\x80\x99t they just asked for his name, I\xe2\x80\x98m from Germany so maybe here\xe2\x80\x98s diffrent?",-0.01509699
b'Suicide Responsibility Question',2022-10-16 18:31:34,Do therapists get into trouble if a patient attempts suicide?\nTwo days after my last therapy session i attempted and I am now in a psychward. Last Session i did share that i am very desperate and my future feels hopeless but i didnt communicated that i am suicidal. Can i just tell my therapist what happened?,0.06404534
b' ',2022-10-14 15:32:49,"I take 300mg at night and after half a year i complelty adjusted to it to the point that im not feeling sedated anymore, in the contrary i cant fall asleep anymore and need to get a higher dosage bc of it. So i guess it really depends on how ur body reacts to it",0.24187328
b'Overdose Question',2022-10-14 00:19:41,I\xe2\x80\x98m really depressed and i am thinking a lot about commiting suicide but i am not sure. If I overdose and decide not to die and call an ambulance about what for a time frame are we talking here? Is it realisitic that i can decide to not die if i get scared? Is it like an hour until the Meds kick in and i will be uncontious?,0.072410636
b'Seroquel Insomnia',2022-10-12 12:39:07,"So i\xe2\x80\x98ve been taking 300mg at night fir psychotic depression. I could ALWAYS fall alseep immediatly but for weeks now i cant fall asleep anymore, I can literally go without sleep for days. Is it because my body adjusted to the seroquel and now needs a higher dose or is this unrelated?",0.15576321
b' ',2022-09-27 20:26:44,"I was clean for a while and then binged on an MASSIVE amount of pizza, when i purged the vomit landed all over the floor I slipped fell on the floor with my head and passed out. When i woke i there was vomit everywhere and my roomate knocked because she wanted to shower. Very humbling experience \xf0\x9f\xa4\xa1",0.21603286
b' ',2022-06-12 13:34:19,"TW:Purge\nMy mum told me i cant eat oats in the evening because they are too high i calorie, now i feel guilty everytime i eat them and have to purge :)",0.310731
b' ',2022-06-09 15:57:19,"a person that had cancer for a year still had cancer compared to a person that had it for years! Don\xe2\x80\x98t compare your suffering to others, it does not matter for how long u struggeld IT IS ALWAYS VALID.  Hope you feel better soon!",0.10929685
b'Sleepwalking on seroquel?',2022-06-09 12:30:18,So i\xe2\x80\x98m now on seroquel now for almost a year (300mg in the evening) for psychotic depression. I\xe2\x80\x98m doing really great on it but for the past two weeks i sleepwalk a lot. Has anyone experienced this? Or is this unrelated?,0.10472484
b' ',2022-06-08 10:46:46,Did u ever try anti-nausea medication? Maybe it would help with keeping the food down!,0.47140872
b' ',2022-06-05 11:16:43,Ur profile is cute but i would delete the topless pic and do one with a shirt on,0.054625977
b' ',2022-05-30 14:41:04,Last sunday i had a huge binge and couldn\xe2\x80\x98t use the bathroom since my roommate was cleaning it so i went to the graveyeard around the corner to purge there. Lowest point off my life.,0.116217546
b'Should i go inpatient?',2022-05-21 21:38:25,I struggle with bulimia now for a couple of months and it is getting worse every week. My Therapist has suggested going inpatient for treatment since nothing seems to help. But i work part time and study atm so i am really not sure. Also i dont know how to tell my parents but i am scared that that it will only get worse.\nHas anybody been inpatient and can suggest it?,0.13707459
