Title,Date,Text,Similarity
b' ',2022-10-17 01:23:46,I get it. I never lost weight but I always had the feeling of an empty stomach and that felt like such an accomplishment for me I miss it,0.1702055
b' ',2022-10-15 03:50:34,"Same, here you go \xf0\x9f\xab\x82",0.009321278
b' ',2022-10-13 23:15:51,That\xe2\x80\x99s what it feels like,0.018434584
b' ',2022-10-13 23:15:31,Yeah I can kinda see the connection between them all.,0.041810825
b' ',2022-10-13 23:14:41,Yeah and thank you,0.1723797
b'Restriction and purging',2022-10-13 03:10:25,So I\xe2\x80\x99ve been restricting but not enough to make me lose weight so I started purging again. I never really stopped I just did it less frequently. But I know this is really fucked up of me to say but I wish I was just anorexic. Idc how unhealthy anything is I just wanna not eat. I like the feeling of an empty stomach and I just wanna be skinny.,0.40811518
b' ',2022-10-12 02:58:43,My headaches don\xe2\x80\x99t last hours but they last for at least an hour after I purge.,0.1284648
b' ',2022-10-12 02:11:18,I\xe2\x80\x99m so proud of you!!\xe2\x9d\xa4\xef\xb8\x8f,0.026585286
b' ',2022-10-12 01:56:57,I\xe2\x80\x99m so sorry \xe2\x9d\xa4\xef\xb8\x8f,-0.020527078
b' ',2022-10-05 04:16:00,I understand how you feel. About a year ago I was purging at least 2x a day for months and I stopped for a while and I relapsed a while ago and now I do it off and on and now I can\xe2\x80\x99t purge like I used to and it\xe2\x80\x99s very frustrating,0.15872514
b' ',2022-10-05 04:14:31,I\xe2\x80\x99m actually in the same position. I\xe2\x80\x99ve been on Wellbutrin for a couple of months and at the start I hadn\xe2\x80\x99t been purging but now I\xe2\x80\x99ve been purging off and on again and my mom noticed but I lied about it and my psychiatrist still doesn\xe2\x80\x99t know. I\xe2\x80\x99m too scared to actually bring up any of my eating problems bc now I\xe2\x80\x99m restricting as well,0.23364097
b' ',2022-07-15 19:18:56,"Yeah you\xe2\x80\x99re right, thank you and I hope your doing okay",0.10994901
b' ',2022-07-15 06:27:02,Thank you it\xe2\x80\x99s just hard to keep going sometimes but I hope your doing okay,0.101012304
b' ',2022-07-15 04:13:06,Thank you and I have a few things coming up so hopefully I won\xe2\x80\x99t feel so lonely.,0.043556012
b'Relapse',2022-07-15 04:12:41,So last night I relapsed after being 132 days clean. I was crying a lot last night and now I just feel an overwhelming amount of guilt bc I was doing so good and now I\xe2\x80\x99m not anymore. I was feeling overwhelmed and really lonely so that was my trigger. I don\xe2\x80\x99t wanna tell anyone bc I feel like everyone would be disappointed. I already am in myself. Now I\xe2\x80\x99m anxious bc I wanna tell my therapist about it and how I feel but I really don\xe2\x80\x99t want her to tell my mom so idk what to do.,0.034043297
b'Summer sadness',2022-07-12 05:31:02,I\xe2\x80\x99ve recently been feeling really alone. It\xe2\x80\x99s summer and I don\xe2\x80\x99t have a lot of friends and the friends I do have I feel like I annoys them bc I ask them to hang out a lot so I don\xe2\x80\x99t ask them anymore. I\xe2\x80\x99m also 130 days clean of self harm and today I had really bad urges and almost did it again and I feel bad for telling anyone bc I\xe2\x80\x99ve been doing so good and I don\xe2\x80\x99t wanna disappoint anyone.,0.094134934
b' ',2022-05-14 01:27:29,Me too I\xe2\x80\x99m never even a second choice,0.03211955
b' ',2022-03-25 01:02:37,Love them!!!,0.045842938
b' ',2022-02-20 19:02:13,I\xe2\x80\x99m so sorry I promise that 2 months is amazing and so is one day. I love you and I\xe2\x80\x99m so so proud of you \xe2\x9d\xa4\xef\xb8\x8f\xe2\x9d\xa4\xef\xb8\x8f,0.04457016
b' ',2022-02-16 18:09:19,I\xe2\x80\x99m so so sorry babe. I love you so much. He shouldn\xe2\x80\x99t of done anything of that. Stay strong I believe in you \xe2\x9d\xa4\xef\xb8\x8f\xe2\x9d\xa4\xef\xb8\x8f,0.016963173
b'Hey',2022-02-14 02:31:52,Hey looking for some new people to talk to. Ages 14-17 please. I\xe2\x80\x99m so tired of you creeps I\xe2\x80\x99m 15 btw. Just looking to talk about anything whenever here or on snap.,-0.011142441
b' ',2022-02-13 04:32:15,Thank you so much \xe2\x9d\xa4\xef\xb8\x8f\xe2\x9d\xa4\xef\xb8\x8f\xe2\x9d\xa4\xef\xb8\x8f,0.10471335
b'Nothings gonna change',2022-02-13 02:32:02,I just keep getting used or thrown away so easily like I\xe2\x80\x99m not even a person. So I don\xe2\x80\x99t think I deserve good things or think of myself like that. It\xe2\x80\x99s exhausting hating yourself too. I feel like no one\xe2\x80\x99s ever gonna truly want me.,0.0043249894
b' ',2022-01-30 03:09:22,Yep,0.009491054
b' ',2022-01-30 02:36:30,It\xe2\x80\x99s in sunsets and it\xe2\x80\x99s a Minnesota Vikings color,-0.018614348
b' ',2022-01-25 02:21:39,Bro the number of times this has happened to me,0.13409248
b' ',2022-01-22 04:26:31,:)),-0.022722552
b' ',2022-01-22 04:26:20,Popcorn and sour candy and my fav movie perks of being a wallflower,0.15706667
b' ',2022-01-16 20:04:54,"Guys - taller than me and I\xe2\x80\x99m 5\xe2\x80\x991, preferably plays a sport, a little older than me \nGirls - idm im attracted to everything girls do",-0.012269631
b' ',2022-01-16 18:05:41,\xf0\x9f\x98\xad\xf0\x9f\x98\xad\xf0\x9f\x98\xad,-0.009514053
b' ',2022-01-15 03:46:21, Wow congrats!!!,0.07378775
b' ',2022-01-15 03:45:54,"Burn, go hard, or juice wrld speaks 2",0.13837728
b' ',2022-01-14 03:36:42,Yeah that too,0.10302015
b' ',2022-01-13 18:42:17,Betttt omw \xf0\x9f\x8f\x83\xf0\x9f\x8f\xbe\xe2\x80\x8d\xe2\x99\x80\xef\xb8\x8f\xf0\x9f\x92\xa8,0.059265066
b' ',2022-01-13 02:51:08,Bet what\xe2\x80\x99s the @,-0.07888979
b' ',2022-01-13 02:39:16,I am so touch deprived that if someone hugged or even held my hand I would cry,0.058375727
b' ',2022-01-13 02:38:45,This is exactly how I feel,0.0106919315
b' ',2022-01-12 04:56:37,\xf0\x9f\x98\x9f\xf0\x9f\x92\x80,0.035324372
b' ',2022-01-12 04:55:35,I mean it\xe2\x80\x99s kinda funny but also hella messed up,0.01996495
b' ',2022-01-12 04:54:14,Burn or rich and blind,0.09827057
b' ',2022-01-12 04:53:21,LMFAOOO I saw that. That\xe2\x80\x99s her fault she set herself up,0.06574136
b' ',2022-01-12 04:52:24,Yeah I feel sick that\xe2\x80\x99s how much I miss some ppl in my life,0.03816458
b' ',2022-01-12 04:51:31,"Yb, drake he\xe2\x80\x99s good but hes overrated and not all that",0.021206487
b' ',2022-01-09 04:41:14,SoundCloud is free guys,-0.071165696
b' ',2022-01-08 01:25:59,Sometimes you still need someone just to listen and let you know your not alone and it\xe2\x80\x99s okay to feel this way. I\xe2\x80\x99m proud of you for getting through it,0.06174525
b' ',2022-01-07 20:56:28,Im here,-0.0061824955
b' ',2022-01-07 06:07:09,Dark place,0.047506668
b' ',2022-01-07 05:21:17,Yeah it\xe2\x80\x99s so mf weird,0.008323804
b' ',2022-01-06 16:55:35,I\xe2\x80\x99m sorry that happened,-0.003830092
b' ',2022-01-05 20:08:09,Tysmm,0.025370823
