Title,Date,Text,Similarity
b' ',2022-10-18 06:52:13,"""I think that if he's curious about what you're doing on your phone he should show a bit of the same trust. I don't think it means that he's cheating or anything and if he's embarrassed about something I understand if he doesnt want to let it show. But openess is important regardless if you've been cheated on in the past or not""",0.1361185
b' ',2022-10-18 06:46:35,"""Just remember to ask her and in time you know what she likes. I'm pretty sensitive about shopping as well but it helps to make a list. Be considerate when you're out and about. :)""",0.14114778
b' ',2022-10-18 06:38:31,"""I think it's great that you met at church so you already have that in common, which is really important in a relationship. What other people say doesn't really matter. They don't know your relationship and neither is it any of their business. Sure its nice when people are supportive and in time they might acknowledge that this is the real thing.""",0.15742959
b' ',2022-10-15 14:49:11,"""Yes it's mean. I would back off till she's off it and can talk properly and tell her to be aware and not do it again. Rather some distance in those times than regrettable bial""",0.08831066
b' ',2022-10-15 05:55:51,You know there are other forms of transportation right?,0.13921869
b' ',2022-10-10 15:48:27,"""Seems like he's punishing you for not moving in when he wanted you to.""",0.17312361
b' ',2022-10-09 07:27:57,"""You could've texted her saying you were at your cousin watching a movie and that you guys were just watching things on your phone sporadically. Takes 2 seconds to write.""",0.15503217
b' ',2022-10-06 05:52:03,"""Depression and coping mechanisms can just as much cause an eating disorder. You're not hungry cause you've gotten use to not eating.""",0.460981
b' ',2022-10-03 06:16:19,"Well eventho the ""concerns"" of your friends might seem like acting in his best interests but really it\'s no one\'s business. If they\'re both going through divorce it might be a good opportunity to share some well needed support for one another. Don\'t try to control what a grown man wants to do",0.12476228
b' ',2022-09-29 22:03:17,In order to answer that she has to specify what it is that she wants...\n\nBut honestly a month into a relationship and that kind of high maintenance have red flags written all over it,0.104065314
b' ',2022-09-24 17:08:25,"""This sounds so ideal. Landing a great job in the country your partner lives in. It'll be hard with your exams but sounds like it will be worth it in the end. Good luck to you.""",0.03090775
b' ',2022-09-23 06:26:50,"""So you didn't tell her right away that it was a joke? Embarrassing yea""",0.17820238
b' ',2022-09-20 15:32:51,"\xf0\x9f\x98\x84 maybe in time you could cook something ""together"" that she likes to try",0.20216419
b' ',2022-09-20 15:31:20,Well either you walk away or you keep feeding your ego and self pleasure,0.23242518
b' ',2022-09-20 10:30:01,"Yeah could be fun. I found pineapple boxers for my partner ^ ^\n\nI know. Hopefully she gets better at using other tools than this coping mechanism. Expressing feelings, stuff like that. Sounds like you already know a lot.\n\nIt\'s kind of dormant, which means that stress and other things can ""trigger"" the defense mechanism but I\'m a 100% aware. And I always find a way back. Especially when my bf and I have virtual dinners together and when I visit he makes it fun to eat whatever we want. :)",0.19101675
b' ',2022-09-20 06:43:55,"""That's a really hard situation im sorry about that but good on you for seeking advice, shows howmuch you care. I have some thought about the gift thing\n\nPineapple jumpers or nightwear\nA pineapple magnet\nSeeds for planting, a book about plants/gardening \nA pillow case (with one those terrible shows) \n\nAnd seek out information about ED and books on those affected around it. Maybe online groups for you. It is really hard, even for you to be alone with it.\nTell her how much you appreciate her and how she makes a difference being in this world. Be patient but let her know you'll always be there for her (as much as you are able""",0.091623515
b' ',2022-09-15 06:37:04,"Maybe he\'s gotten used to you doing it, or that it\'s something you like do and even inspires how he plan things with his own friends. Only way around is to say ""I would like you to plan our visits more often. It\'s becoming straining for me"" or something like that",0.15759426
b' ',2022-09-14 06:19:26,"""I don't understand your post. You see each other every month and it is a mutual decision you say. Is it because you have to plan it, that's upsetting? Is it only you visiting him?""",0.23404276
b' ',2022-09-12 06:46:31,"Maybe he feels like he should spare you, cause he doesn\'t want upset you. Guys have that whole ""must protect woman"" and we make the nest. The nest is just a symbol for the emotional growth, foundation and stability of the relationship. Tell him that you don\'t need protecting and you need him to bring a bit of depth and intimacy, to make his feelings for you more romanticised.",0.053439572
b' ',2022-09-12 06:41:07,""" Omg that's a great idea. My bf's grandma died a week ago, I'll do the same!""",0.0342713
b' ',2022-09-11 08:30:58,"""Yeah. It's all gonna be okay:)""",-0.029739328
b' ',2022-09-11 06:45:42,"""At least you're aware of it. I've heard that people with past trauma tend to run away from comfortable and healthy relationships.""",0.20394064
b' ',2022-09-09 20:07:54,"""I thank you for your reply. I know I should be totally honest. I asked him some time ago, hey so what should we do if I couldn't get to live in UK(because of visa and what not) and he said, that we could just keep doing ldr...and I went, forever?! And he said yeah why not \xf0\x9f\x98\x9f I'm still really nervous""",0.00404991
b' ',2022-09-09 02:46:18,I feel the exact same way \xf0\x9f\x98\x94,-0.036594454
b' ',2022-09-09 00:31:13,"""Sounds like he can't be bothered. Let him know what's on your mind and what you need. If he doesn't live up to it and change I don't think the relationship will go anywhere and you'll just keep being alone in it""",0.07248166
b' ',2022-09-07 05:40:53,"""Hmm...some people might be able to have sex with other people for experience purposive solely while in other situations it can turn into actual affairs. If she really wants to find out, if she's been missing out or whatever you should ask yourself if you'd be okay with that- and not just the action of having done it but your partner having the thoughts to begin with.""",0.092913136
b' ',2022-09-07 05:37:07,"Yea, I\'d say its possible. For me it\'s like ""I\'m an alcoholic"" - ""im eating-disordered"" (if you catch my drift) and I have to be attentive and fight the urge to use a bad habit as a coping mechanism. What matters is that you put in the work. You chose to have a better life and work at it for a really long time. Which also means protecting yourself from vulnerable situations or relationships that are tocix or codependant ect.",0.32331398
b' ',2022-09-06 22:00:11,""">She has always been the needy one that tells me how much she misses me and wants to be together all the time. But after she moved, I feel like our roles have switched. I\xe2\x80\x99m always the one that has to take initiative to facetime or to ask if I can come visit her, and she often rejects it.\n\nMaybe it's time the roles switch a bit. But it seems hard for you?""",0.10996956
b' ',2022-09-05 16:27:19,Like others have said it sounds pretty innocent. However you should be clear with what your own boundaries are in the matter,0.23066409
b' ',2022-09-05 16:25:20,Sounds crazy but romantic \xf0\x9f\x98\x85,-0.0076530017
b' ',2022-09-03 20:21:21,Okay...?:),0.09597443
b' ',2022-09-03 20:16:55,"""You don't owe him anything. You owe yourself to not be troubled so much about someone else's state of mind. Block him.""",0.13764334
b' ',2022-09-03 09:02:02,"""You would have been angry at him for hanging up while you argued with your mother. Why would anyone want to hear that anyways?! You want him to hear and validate how unfair your mother treats you, some sort of proof, ok. You want him to wait for a setup of how you guys are suppose to say goodnight with a kiss, which is an emoji of some sort I could imagine- that doesn't really need lighting. You want everything your way. He was tired, forced to listen to some fight that is disturbing and then you lash out on him. Yes that is annoying. I don't know the context of this bying food for to be delivered, which I guess is weird if you didn't want to texts for a few days...just sounds messy and accusatory and you guys need boundaries""",0.111616194
b' ',2022-09-02 23:11:45,What other respons are you looking for?,0.11284554
b' ',2022-09-02 07:29:49,"""Cheerfully good morning text, gif or fun picture. Maybe it'll help""",0.12697357
b' ',2022-09-01 06:11:18,"""I guess you could try for a while. To compliment her, listen to her, be attentive and show your love in any way possible. If it doesn't work after a while (let's say 1-2 months) then I don't think it will""",0.19115385
b' ',2022-09-01 06:02:40,"""I understand why she feels that way. Don't know how you could regain her trust and boost her confidence cause the reassurance might not feel sincere anymore""",0.14408992
b' ',2022-09-01 05:59:24,"""Then stop running to him if he's not coming to you. He needs to buckle up if this is to be a serious relationship""",0.058882862
b' ',2022-09-01 05:52:41,"""Ok maybe set some realistic goals. If it's too hard not seeing each other even one month apart...dude..some of us are lucky if we see our partner once a year""",0.09388839
b' ',2022-08-31 15:38:07,"""Look into if the medicin you use applies to those.ask your doctor. I've never had problems""",0.14574012
b' ',2022-08-31 15:35:29,In the end we figured out just hitting play at the same was the easiest \xf0\x9f\x98\x84,0.02874154
b' ',2022-08-31 07:16:33,I think that if you are seeking out platonic relationship you are not having enough emotional intimacy..do you mean friends? Or romantic relationships without sex?,0.13379487
b' ',2022-08-31 07:14:11,Every other two weeks you see each other?,0.10930705
b' ',2022-08-29 05:55:51,"""When something like this happens I think for many it's the closest to feel like wanting to go with them in death. Only thing I can say to try to reassure you is that the dead don't miss us or are in pain. It is us who misses them.""",-0.007525492
b' ',2022-08-28 06:16:40,"Can you get someone to stay with you for a bit? Or go somewhere else, till you feel better?",-0.015731454
b' ',2022-08-28 06:12:10,"""Does blind date count? Definitely been in that situation where there's no attraction but you go through the motion, cause you don't want to hurt someone.\n\nYou guys agreed beforehand that if it didn't feel right, you would have the option to walk away. And who knows, she might feel the same way. Talk about it. 3 weeks is a veeeery long time. Say you're sorry, you didn't expect it to be this way and that you will help her get home if that is what she wants.\n\nMaybe she wants to stick around and explore the city. Maybe you could be friends for the rest of the trip.""",0.14228892
b' ',2022-08-27 23:11:04,"""Think you should take a closer look at why you, keep wanting to be in a relationship with him and not what's wrong with you, for him not to be commiting fully.""",0.09784722
b' ',2022-08-26 07:53:27,"""How to even react in a situation like that? It sounds like he was shocked and didn't know what to do. You can't blame someone for struggling with boundaries you can however encourage them to try to find ways to do. Some people go their whole life without being able to. I suggest helping him not judging him""",0.117691405
b' ',2022-08-26 07:49:22,"Happens to me all the time. He just makes me so relaxed. He thinks it\'s very cute so the situation is way different in that sense. School is exhausting sometimes and sleep is important. I think the whole ""waited all day for me"" is an unhealthy thing. You both should have lives that are equally important. Having a bf just happens to icing on the cake (be it its a nice relationship) \n\nIf you like to change it. You could try to take a nap in the afternoon so you don\'t fall asleep straight away.",0.16669334
b' ',2022-08-24 17:23:51,"""Probably can't do anything now. Take it as a lesson""",0.0130043775
b' ',2022-08-24 17:07:59,"""Or you could regret getting back together with him. Don't let yourself get manipulated. Block him and move on""",0.07706516
b' ',2022-08-24 17:02:47,"If the it was the other way around, what would you have done? Would you find it rude to not get involved with someone who build a whole fantasy life about themselves?",0.08618306
b' ',2022-08-24 07:12:59,""">but now a lot of things are happening at work and in his life and that he does not communicate so much online now. \n\nIs it fair to say that this is reasonable? Seems like things are more demanding right now and therefore they can't be the same, but he's not saying he doesn't like you or not want to see you some day. You need some perspective and understand that this might be frustrating for him as well""",0.07756365
b' ',2022-08-24 07:06:26,"""How to make something that hasn't happened yet better? If you wish for him to express certainty, hope, safety, excitement or whatever...try telling him that and find a way to show it too. It's a two way street""",0.1123093
b' ',2022-08-24 07:02:01,"""You need to ask her, okay what do you want, what would make you happy, how should things be different? Is she doesn't know exactly what she needs from you, there's no way to change it""",0.2079964
b' ',2022-08-23 16:37:02,"""Grief takes on a lot different colors, there's no right or wrong. Heartfelt message is a good idea. There's a grief support group on reddit, you can express and share your loss where others can relate and sympathise - it might help r/GriefSupport. I'm so sorry. It's a tragedy. Let yourself feel the things you feel and try not to be too hard on yourself or judge your reactions.""",0.08829247
b' ',2022-08-22 18:15:38,"It seems like a temporarily situation and the best is to wait it out and have patience. With that said, talk about what is possible and how much communication you would like",0.15287587
b' ',2022-08-20 18:43:59,Like with others or in a game?,0.07292806
b' ',2022-08-19 11:37:37,If he is badly depressed there is no surplus to give,0.07907214
b' ',2022-08-19 08:19:16,He was going to bed and he will call you tomorrow,0.0038251877
b' ',2022-08-19 02:35:58,"""This happened once for us after I had a really long stay. After 1-2 weeks I asked him what was wrong cause he felt so distanced and he said that he was sad I wasn't there anymore. Maybe that's the issue. So just ask him""",0.00042405678
b' ',2022-08-18 05:59:23,"This is not a ""we"" problem. In Asia they have different beauty standards, some of which is light skin and plastic surgery and also there\'s genetics. It\'s like how big buts and small waists are the very in thing right now. If this is how he is constructed to view women and actually holds you to those standards it\'s a great loss for him. You\'re young and I\'m sure you look your age. Nothing wrong with that. It\'s not worth the time and effort to be with someone who compares you to others. Looks fade, personality doesn\'t. Love and compassion are qualities that will define you as a human being. ""Beauty"" is a social construction. He\'s naive and if he views this as a problem and somehow can\'t get past it I would take a look at the values he represents and think about if that\'s really something you can get on board with.",0.06984934
b' ',2022-08-16 06:19:21,"""Sounds like he doesn't care as much as you do. If you broke off and the problems are unresolved, they will keep being there.""",0.042617567
b' ',2022-08-12 20:36:50,"""If you have concerns it's best to tell him. Hey, it happens in games, if it happens in life - not so good""",0.07035949
b' ',2022-08-08 08:38:07,"""That's what I mean. It's not a healthy way to bond with people and when it makes you feel wrong, it's because it doesn't reflect your internal being and the values that you hold and wish transpired. Good on you for being genuine with him and owning up to your mistakes and flaws. And no, no one is perfect - self improvement is definitely a sign of wanting to be better and more authentic to your true self.""",0.13104
b' ',2022-08-08 08:33:15,"I am not from America lol \xf0\x9f\x98\x85\nDifferent opinions. Banter with people you know is already established through experiences you have together and the dynamic in a group/relationship. Dating 1 month, they barely know each other",-0.0004434567
b' ',2022-08-08 07:01:51,"That is very contradicting yes. If you love him, why ""take the piss"". If that\'s part of how you interact with others then it\'s fair for others to say - I don\'t want to participate and if you want to show him possitive affection be positively affectionate",0.109214455
b' ',2022-08-08 06:51:18,"""Culture or not for him it sounds demeaning and rude. Making fun of something he's passionate about? How is that not downsizing someone and you might joke a lot with your friends and calling someone you know well lazy for fun might be casual in that dynamic but this a guy you've just getting to know and right now he's pulling away because of it. If you think that's ridiculous then yes maybe you should be single""",0.056791157
b' ',2022-08-07 08:16:51,Why no video call?,0.074528344
b' ',2022-08-07 06:55:27,Well done  \xf0\x9f\x91\x8f,0.048304807
b' ',2022-08-07 06:53:58,"""Seems like your needs and values around sex are not the same. I would seriously reconsider the relationship. There's a million other people out there who are monogamous and want real connections""",0.122937605
b' ',2022-08-06 06:52:01,Congratulations! Can you then live in UK,0.13790649
b' ',2022-08-06 06:51:08,"""If you've expressed worries and he might already now, gather a little courage and go all the way. This is for the sake of both of you. Just say, so I am looking for long term partner who I wish to marry down the road. If he scarres off, then he is not the partner for you.""",0.022575399
b' ',2022-08-05 08:23:48,"""Seems like it's not the right time to move yet. He's taking care of his sister and you're dependent on your parents""",0.13591303
b' ',2022-08-05 08:22:15,"""Maybe he wants space. Often a lot of the things we take out on others are the things we feel ourselves in other words projection. It's sad his dog died and he might be acting out, now is a good time to tell him to  stop it and make it clear that it's not okay. The other route is to endure it, till its passes. Up to you""",0.1100193
b' ',2022-08-04 07:27:43,"""My partner and I have a 10 year age gap. I think it's important to lay down the land. For example I told him after a couple of months that I didn't want kids but was still looking for a life time partner. To which he never really wanted either (kids) but wanted to spend his life with me as well. \nWe've been together for 3,5 years now.""",0.04673087
b' ',2022-08-02 13:23:08,You should look into getting mood stabilisers (pills) ask your therapist. When your mood swings so violently they can really help.\n\nI have no comments on the rest:/,0.17408165
b' ',2022-07-29 13:01:43,Fifty fifty as much as possible,0.07819638
b' ',2022-07-29 12:57:01,Somehow you just have to accept it and adjust. Maybe you could leave each other voice messages for the night.,0.097486645
b' ',2022-07-29 12:55:45,"We went for most practical. My passport wasn\'t ready so he stayed at mine. We\'ve never needed a ""just in case place""",-0.073025316
b' ',2022-07-05 14:44:06,"I do everything. Wax, face mask, hair mask, feet mask, nails. I clean the house, eat healthy fruits beforehand. \xf0\x9f\x98\x8b",0.13906816
b' ',2022-06-28 05:07:22,"""Three months is not the same as three years. You barely know each other. I wouldn't spend more time on this relationship. Pursue your masters, focus on yourself""",0.15991397
b' ',2022-06-28 05:04:33,No. Awkward and performance failure \xf0\x9f\x98\x85 but we got around to it second time;),0.035189733
b' ',2022-06-28 05:03:09,"It\'s not your job to keep her sane. When you insert love as ""love"" what does it really matter.",0.15920192
b' ',2022-06-28 05:01:01,"""I understand what you're going through. Some relationships can withstand it, forgive and move on. Maybe you need time, maybe this is it. Its up to you. Is it something you think you can move past? Do you imaging yourselves still having a future together?""",0.16618668
b' ',2022-06-28 04:55:53,"""I understand that you're terrified. That sounds very overwhelming. She really needs help. She needs to tell someone. No matter how conservative a family is, no one wants to lose their child. Keep telling her she needs to keep moving on, for you guys, for herself so she won't do something she'll regret.""",0.14871415
b' ',2022-06-27 17:41:28,Yeah I think so. :/,0.0243473
b' ',2022-06-27 16:37:55,Then I would decline his advances. Sounds sketchy,-0.0015306436
b' ',2022-06-27 16:35:50,"After 1,5 year it should be more than enough time to know wether or not you love someone. He seems out of touch with his feelings.",0.102146514
b' ',2022-06-27 16:34:09,"""So he's asked you on dates and stuff but doesn't have feelings for you? Does he want to date you to get to know you better? Think I'm a bit confused too""",0.15894583
b' ',2022-06-27 16:31:29,Using you in which way?,0.11561524
b' ',2022-06-27 05:41:47,"""Video call nooow!\n\nBe brave, your needs are important. If he's scared of genuine  commitment  I would be worried""",0.06805773
b' ',2022-06-27 05:39:33,"""Like a bikini braw?\n\nEveryone is going to met new people, when they start school a new work place, whatever. That you cannot judge her for. You're not going to be the only thing in her life.""",-0.024579834
b' ',2022-06-27 05:36:58,"You can start by writing them down. Look at the 2-3  most important things and just try saying them out loud, then to your bf",0.08703037
b' ',2022-06-27 05:35:41,I do this too. Makes the time go faster :),0.110754006
b' ',2022-06-26 06:22:25,"""Maybe you're not compatible. Some people have a hard time expressing themselves especially when they're going through stuff. Think you're focusing a lot on yourself and your needs, which might leave little room for him in the relationship, maybe you should think about that""",0.16631979
b' ',2022-06-26 06:08:57,You could try to read up on the matter and find out people affected by loved ones with depression go through/how to act. Information can be of great help. She might not know how you should help her.,0.124055594
b' ',2022-06-26 06:05:54,"""If you're unhappy and it is messing with your health and the relationship isn't going anywhere you are right to choose yourself. Doesn't sound like you are compatible. Don't waste anymore time on this""",0.17070276
b' ',2022-06-26 06:01:24,"""Just get it out the way. Ask her why she didn't tell you. There's nothing wrong with sharing past experiences. She won't know where you're coming from or what's on your mind""",0.0780992
b' ',2022-06-25 16:47:14,"""I think you should her, either by text or in person. Maybe it'll more comfortable over text, if you want to avoid a rejection in person. But if she's spending that much time with you and wants to introduce you to people I think she sees you like more than a friend""",0.16066718
b' ',2022-06-24 06:44:43,"All those things are gonna push your partner away. He\'s with you now, yes? Stop comparing yourself to these other girls. Looks don\'t last forever. Casual sex is nothing but that. You don\'t know these girls, they might be terrible unhappy, they can be perfectionists who will never be satisfied with their bodies.  it sounds like he wants more of an authentic and substantial relationship. If he thinks your great and ""perfect"" believe him.\n\nAnd by the way you don\'t need to go to the gym in order to be totally fit. Eating healthy food, going for a walk and nutrition your mind, is all your body and well-being needs. Doesn\'t take a stair master to be able to clime the steps and travel the world.",0.20063254
b' ',2022-06-23 05:45:39,"""That sounds awful. If I was in that situation I would wire him some money and look into government help for housing, a social security worker, they might be able to find him a cheap youth home and welfare until finding a job...no one should live like that and if he lives in Canada I'm sure there are loads of options  for help""",0.05397658
b' ',2022-06-22 22:44:17,"""Hopefully you can talk the day before just to see were each others at. Not that expectations should be high, she properly can't handle pressure right now but let her know there's a safe place when talking to you""",0.1320804
b' ',2022-06-22 12:39:46,"""If you feel unsure about saying it, wait till he's comfortable saying it""",0.02644021
b' ',2022-06-20 19:44:27,"""Put on your brave shoes! There's always gonna be what ifs but we cant draw an outline for every situation, you just have to see what happens. I'm sry you went through abuse. Let her know if you need to take things slow. I like to keep my expectations right in the middle, not too high and not too low just level grounded.""",0.11853254
b' ',2022-06-20 19:38:24,"""Yea..some people just want some moments by themselves sometimes. Especially when it's that time of the month (not saying she is) but I get extremely annoyed with my partner so I chill by myself for a few days""",0.05392082
b' ',2022-06-12 07:17:20,How does she feel about covering all the expenses?,0.09832665
b' ',2022-06-08 18:35:17,"Yes sometimes we slip and with your current issues, balance is very important. Try to stay grounded - medication and not watching those videos (she just has to watch them by herself or with someone else). You have to proof to her that you can be trusted and not have those outbursts.",0.2926709
b' ',2022-06-08 18:28:53,Take your medication. Lay off your girlfriend and be patient and kind to her.,0.18795156
b' ',2022-06-08 18:28:43,Take your medication. Lay off your girlfriend and be patient and kind to her.,0.18795156
b' ',2022-06-08 18:26:35,Yes. They know their country better than you.,0.09761077
b' ',2022-06-08 07:14:59,What other comments are you looking for?,0.14141807
b' ',2022-06-07 17:35:34,"""Yes life can be busy and he has a lot on his plate. Eventho he might be tired on his days off, he should try a bit harder. I would ask him if he can't make room for you on those days.""",0.22205095
b' ',2022-06-07 17:32:28,Sounds like a plan. Your friends can f*off.,0.16885354
b' ',2022-06-07 15:16:07,"""I think it's sweet that he cuddled up next to you when you were sad. Saying, no I'm not fine can be very difficult at times. Especially when you don't feel its safe to do so. A lot of trust has to be put into it. I find myself not speaking up from experiencing people not handleling it well or responding the way I wish they did. Which you can't control and things that are out of our control are scary. I think he will listen to you and if he knows what hurt you he can put an effort to not making it happen again.\n\nI remember my bf and I was going out to shop for food. I need a lot of time and I don't know the Isle cause they're completely different in his countrie and I know he hates shopping anyways, I asked him to maybe eat something beforehand cause when he is hungry, more likely to snap at people (which everyone can do). I'm at the Isles trying to find something and he loses his patience and snaps at me. I went silent and tried to hurry up. I was all quite and he asks me are you al right? I don't say anything but start crying and he says no you're not. I think he gave me a hug when we came home. He said he was sry and would eat before next time. I didn't say much cause it was already clear. But he has never done it again. And I have learnt that I should/can speak up around him and he won't get mad at me. Cause I know he can handle it and showing my emotions helps my partner understand me/the situation.""",0.14413938
b' ',2022-06-05 23:44:37,Yeah. All the adrenalin and dopamine crazying it up ;),0.1791428
b' ',2022-06-05 09:44:07,"""Sounds like communication went off? But it's a bit disturbing she kinda threats to take a week break because it. If she is that emotionally unstable, how does she handle her emotions at all. I don't know if I would break up, depends on how much you cared for each other and if it is a repetitive behaviour. In ant case it isn't good.""",0.18099529
b' ',2022-06-05 07:15:20,"""Well we gamed every night and after some time we started texting on discard, wasn't till 3 month we told about our feelings but it was very much constant communication that first year almost. Is it too much you feel?""",0.14624886
b' ',2022-06-04 22:50:11,"""Same for me. We met gaming. But didn't met irl till 8 months :)""",-0.01961328
b' ',2022-06-04 17:21:20,"""I forget my bf's dad's name all the time \xf0\x9f\x98\x85""",-0.0004857732
b' ',2022-06-04 08:00:23,"""It's okay to not always have the time, life is like that sometimes. When things settle down I'm sure you're be able to put more into the relationship if that's what you want.""",0.23752113
b' ',2022-06-04 06:01:32,"""Are you running an updating service?\nJeez..you have so many things going on and I don't really see you mentioning that the relationship makes you happy or a potential long term.""",0.118805066
b' ',2022-06-03 10:17:52,"""I just want to say (as a fellow BDP) if you're struggling this hard after one month, you will not make it and it will devour you. Time to be realistic and take care of yourself and things that give you structure in your everyday life. A partner is not EVERYTHING in life. It's nice, but it won't help you cope with your issues, only interrupt when you aren't in a good state of mind yet.""",0.15413383
b' ',2022-06-03 07:58:47,"""3 years of being dishonest back and fourth is a long time. I'd ask myself why I am willing to minimise myself for my partner...if you know what I mean""",0.115117386
b' ',2022-06-03 07:54:09,"""I'd ask him. Why he feel the need to hide things from you. If he thinks you'll have trouble trusting him he is avoiding conflict but it's not sustainable in the long run.""",0.07616694
b' ',2022-06-03 07:49:39,Do you feel he has changed? Is committed solely to you?,0.13290334
b' ',2022-06-01 06:38:48,"Your parents sound very traditional and believing relationships should be socially constructed in a certain way in terms of were people ""should"" be at a certain age and accomplished so and so... as you said he\'s build his his career successfully he treats you very well and cares for you- takes care of you..I mean what\'s not positive about that? Might be a situation of your bf having to proof himself to your parents and that it might take a while. It\'s ultimately up to you. Yes you\'re young, doesn\'t mean you won\'t have a great life with an older partner.",0.15524697
b' ',2022-05-30 21:42:03,"""Oh my. Hard read. I feel for you. You have to stand up for yourself. This is your life and you're the one who has to live it. So many people will be grateful and happy to have you in their life, don't waste any more time on someone who isn't.""",0.16089305
b' ',2022-05-30 17:35:49,Very good reply \xf0\x9f\x91\x8d,0.024406714
b' ',2022-05-30 06:26:10,"""I'm kinda the same as your bf. I fall asleep almost instantly but we text throughout the day and make time to do something in the weekends or when I don't have so much homework. I suggest making dates and try to stick with it.""",0.15151484
b' ',2022-05-30 06:20:26,"""He sounds like a tired guy! But honestly it's straining and I can understand you're not satisfied with the way things are right now.""",0.07104176
b' ',2022-05-29 13:36:32,Okay good!.,0.046775896
b' ',2022-05-29 13:08:01," Yeah maybe he\'s just trying to ""change up the lingo""\nWhy are you panicking about this?",0.07693886
b' ',2022-05-27 22:39:50,Every person is different ofc...and there are different types of BDP,0.103151314
b' ',2022-05-27 22:26:11,"As a recovering BDP I am blessed to say that I have an amazing supportive bf. He\'s patient, knows when to listen and how to cheer me up. Communication in general comes a long way. If your gf is prone to push away she probably isn\'t good at handling her feelings or know how to. I\'m lucky to have a therapist as that is really the only way to work through it, so seeking professional help is really important. I\'m not sure if you\'re seeking any particular advice? There will be hard times and good times. It\'s not easy.\n\nI\'m sure my bf spares me a lot, he doesn\'t want to ""burden"" me. But you\'re welcome to DM me.",0.08645723
b' ',2022-05-27 06:35:50,""" Sounds like the argument was really rough \xf0\x9f\x98\x95 I bet he was very tired and that made him blow up cause he didn't have energy or reserves to deal with it calmly. And I get that waiting for hours upset you. At least he texted you when it kept getting longer.\nI think you guys just need to chill and when he has had some time he is hopefully capable of you two sitting down and resolving it without heated emotions.""",0.06738424
b' ',2022-05-26 12:17:12,"""Hehe yes, I find it pretty satisfying and easier in other people's houses""",0.06780949
b' ',2022-05-25 17:07:21,"""It happens to be me more traveling for longer periods as I am still in school and have holidays more often but we try to do 50 50 visits as much as possible, I think that's a good compromise. I'm going for a month this time and he has to work everyday. Honestly I might get bored too but we've talked about this and made my hobbies available for me there. Like a yoga mat, painting stuff and gardening tools. I am also gonna visit his family sometimes so in reality there are many options. I also like to clean and bake so I can spend many hours doing that. Lots of possibilities!""",0.12364352
b' ',2022-05-25 07:29:19,"""I think that is really weird...you told him it made you uncomfortable and I could see in the comments that he pushes you when it comes to initiating sex, even though you're not in the mood. How else is your communication? Do you feel like you know him and trust him?""",0.1977548
b' ',2022-05-24 05:48:38,"""Sounds like he still likes your body even if you have put on weight...I feel when you love someone and still feel connection with them attraction doesn't go away, their still sexy even with a bit more tummy! Maybe you feel a bit more let down cause you've stopped your habits and miss being active, which can put a person down.""",0.22242464
b' ',2022-05-24 05:42:26,What advice are you looking for??,0.06259271
b' ',2022-05-24 05:37:46,"Have you tried to initiate the ""sex date"". Sometimes we schedule it when we\'re busy. If it\'s truly not for him then there\'s not much to do but wait it out in person or accept its not enough for you.",0.17943048
b' ',2022-05-22 13:10:36,I think a week is a good idea. First time I met my partner was only a weekend and from there we extended our visits giving if the circumstances were right.,0.10797748
b' ',2022-05-20 20:12:20,"""Depends...are you looking for approval? Since you're already going and they are against it""",0.13218898
b' ',2022-05-20 10:31:45,If you had sex with a monkey in your dream does that mean you cheated on your gf? Just think about the absurdity.,0.1745533
b' ',2022-05-20 06:19:37,"""Omg it's just dreams. Get over it, life is too short to be obsess with those things. :)""",0.14669392
b' ',2022-05-19 22:19:16,"If a person gets upset by everything their partner does, there is something wrong with them - not you",0.027795576
b' ',2022-05-19 19:05:25,"""I feel sporadic crushes wear out...I wouldn't read too much into it.""",0.20381895
b' ',2022-05-19 06:59:13,"""I don't think spending time with your friends is wrong. If you have told him that you want more time together and he straight out ignores it, it's not a good relationship.""",0.15084562
b' ',2022-05-19 06:56:42,If you like each other and grow feelings for each other you eventually want to be together.,0.07193446
b' ',2022-05-18 20:04:32,"""Hm...if I have a shitty job I will have a shitty attitude and that will affect my relationship and then my life. If I have a nice job, but can't see my bf it'll will be hard.. So..neither \xf0\x9f\x98\x81 but mostly finding both in the end:)""",0.03842944
b' ',2022-05-18 18:05:12,Sounds like a dead end. Break up sounds like what your heating towards,0.18494713
b' ',2022-05-18 06:22:00,"""It's complicated when you still live at home (I assume you do) if you were 18 and didn't have that in the way you could just go. But I'd still stand my ground and hold her to when she did give you permission. Narcissistic are hard to argue against and really unpleasant but all they care about are themselves and you are not accountable for that. Fight! You can do it!""",0.15866959
b' ',2022-05-18 06:17:41,"As lovely as it is being together for as long as possible, sometimes finances get in the way. How about she stays for the 3 months and you guys save up money for another 3 months for the next time. Living expenses for two people is also a matter to take into account",0.10995571
b' ',2022-05-18 06:11:38,Pretty normal given the circumstances,0.08578441
b' ',2022-05-17 20:47:06,Always good to start by meeting the person. Friends and family you can introduce later on,0.048223507
b' ',2022-05-14 19:18:04,"""Uni is very demanding. She probably doesn't have the same time or energy to be available. You can make some ground rules, text at least once a day, video call once or day etc.""",0.15225971
b' ',2022-05-14 19:15:30,"""I think it will always be in the back of your mind then..but it's your choice!""",0.16838422
b' ',2022-05-14 13:39:22,"""He says you're jealous, yeah thats right but it doesn't really matter if you haven't resolved further. Truly you probably want him not to be friends with this girl and he feels like you don't trust him...so how to go from here? Well you won't, not as long as you keep being uncomfortable with it and he is reluctant to give it up for you.""",0.060942695
b' ',2022-05-14 13:34:00,"So you kissed someone else 10 months ago and you told him back then, is that correct?",0.16513565
b' ',2022-05-13 16:36:58,No way...why is he so interest In a friendship with someone who is 15 years younger than him?,0.042834524
b' ',2022-05-11 18:14:56,Being in your 30s does not mean you are naturally emotional mature,0.15601927
b' ',2022-05-09 15:57:24,If you want something to gift him something special that he likes I think we need more info on what he likes,0.14484665
b' ',2022-05-04 00:36:29,"Okay, first of your intentions to cut ties with your abusive family is totally valid as it would probably improve your life and help you progress as an individual person. Secondly his dad calling your boyfriend to ""call"" you out seems dramatic and manipulative, like what is he basing all of this on and do you actually intend to do does thing and does your boyfriend have suspicions of it and reason to think so? Does he not know you fully, trust you or in any way or at any point  interpreteded that you would act on those alleged actions? Have you guys talked about it after the call, have you reassured him? And convinced him otherwise?",0.14237775
b' ',2022-05-02 06:15:52,Have you tried talking to him about it?,0.18084484
b' ',2022-04-30 16:11:28,...As if having one child to take care off isnt enough of a struggle,0.15815811
b' ',2022-04-30 10:47:47,"""That's normal...I just mean that parents are always more highly alart. \n\nJust feel it out, you haven't been there for long""",0.12675583
b' ',2022-04-30 09:31:26,"At first it is kinda anew, cause you meet for the first time so you have to get to know each other in person. I say your parents are jumping a fast into conclusion, first impressions jump to the gun kinda",0.015785476
b' ',2022-04-30 07:51:35,"""If he doesn't know by now and feel the the need for a break up before a huge decision as married that's a major red flag and sounds really really freaking dumb""",0.0028135348
b' ',2022-04-29 09:31:47,"I don\'t think it\'s selfish at all. Your girlfriend needs help and it is gonna be very hard once you live together and she hasn\'t sought treatment yet, cause eventho you\'ll support her, she needs a professional. \n\nI\'m in a long distance relationship as well and in periods i struggle with ed reoccurring, while we don\'t live together yet my bf is very supportive and helps me get through meals when I\'m there and suggest diating plan I\'m comfortable with and bought me yoga equipment so that I have it when I visit.\n\nPatience is key. ED is a combination of many unresolved problems, coping mechanisms and trauma respons strategies. When not dealt with emotions can run really high and especially in a relationship. She might need lots of validation, feel insecure, it might affect going out for meals and socialising. Read all you can about it and being there even when there\'s nothing to say, or solve right away. You might experience anger at times and helplessness. If she\'s open for change that\'s good. And there might be fall-backs so what I\'m saying is its not gonna go away just like that...it can take years...keep communicating and don\'t censor your emotions. We learn best from others behaviour and their ability to resolve issues in a healthy way. But we\'re also human, so it\'s ok if you ""fail"" sometimes. \nThis is important for her to see as well.",0.12650195
b' ',2022-04-28 21:16:39,Can see how that looked like a+,0.105808854
b' ',2022-04-28 17:16:24,""" If you think he's more attractive on video than on pictures that's just a + anyone can be un-photogenic. Guess you won't fully know till you meet. Stop obsessing :)""",0.14364389
b' ',2022-04-27 15:33:46,I know...good:)\nIt takes two is really good as well \xf0\x9f\x91\x8c,0.055526346
b' ',2022-04-27 06:53:51,"First off, depression makes you lose ""spark"" for anything really and I think she is projecting her state of being and lack of emotions on to you, which is not to say she means to but it can definitely take a toll on you and cause a codependant situation. It sounds like you\'re doing everything you can and unfortunately we can\'t save our partners. Acknowledge that your there, (she needs to as well) communicate with each other and keep a positive open mind set. I can recommend stardew Valley. Wish you the best:)",0.1332331
b' ',2022-04-25 15:58:23,"We don\'t owe our parents to stick with them through obnoxious and controlling behaviour. The way she inflicts damage on you like that, is reason enough not to have her opinions weigh any matter on your decisions in life. We want to be around people who lift us up, that\'s how love shows their true colour - if someone is only there to bring you down to make themselves feel better they do not have intentions to care for your best interests. They don\'t deserve to be part of it. \n\nI keep my mother at a distance, so that whatever she thinks or does can\'t affect my life and happiness. Sometimes you just have to let go - when they\'re not a parent but a parasite..to put it blunt\n\nYou don\'t have to explain anything. If you really feel like you need to say something you can say ""that\'s not up to you"" and ""this is what I want and you\'re not a part of it or get to have a say in it"".\n\nFace your fears, you will be stronger for it",0.15952091
b' ',2022-04-21 16:37:24,Can I borrow you haha,0.05865784
b' ',2022-04-20 06:46:33,"""Financial talks are important before moving together, to set the terms. I would ask my partner to share expenses, he makes more than me but if he couldn't I would just spend more time saving up or get the money elsewhere. I don't think it's unfair to ask/talk about I think it all depends on how you communicate it and what expectations are in the future""",0.070534475
b' ',2022-04-13 06:11:02,"However hard it might be, not meeting each other yet...quitting a new job at this point in time, to see your partner once, is a bit crazy yeah. Hope you can wait just a bit longer. Your time will come...",0.06679201
b' ',2022-04-13 04:50:54,"""You've been through real struggle and it's been hard on your body. Be a bit more gentle with yourself, things will heal in time.\n\nIf you guys haven't video called I suggest doing it right away! It helps with expectations and chemistry""",0.16174412
b' ',2022-04-13 04:47:46,"""If he just moved it's pretty understandable that he wants to catch up with his friends? And starting a new job is a lot of work. And you see each other every weekend?! Yes I think you are being selfish and self involved.  People should be allowed to develop and be opportunistic if you have a hard time fitting in, I think you need to focus on your self development and take responsibility for your own lacks and enjoyment in life""",0.12918755
b' ',2022-04-12 06:44:53,"""With theraphy that'll get better over time. I know it's a bit haunting but you shouldn't be so hard on yourself""",0.14266981
b' ',2022-04-12 05:09:52,"Have you told your partner? Are you going to theraphy? \n\nI deal with the same. My partner is very supportive and he understands why I go silent sometimes but tries to take my mind of things or ask me if I need to talk about it.\n\nI don\'t really look at other people and compare. I\'m pretty satisfied so it doesn\'t really bother me. I think when you\'re content with your relationship and focus on meetings, your time together and the excitement of it, you don\'t focus so much on other people\'s life. On top of that, it might seem nice but you never know what people are going through behind closed doors.\n\nI also have theraphy, it keeps me stable and helps me with intrusive thoughts. It also helps not to ""use"" my bf as one, cause some things you need to do yourself and handle with the help of a professional",0.09894516
b' ',2022-04-12 05:04:07,Sry...ED means eating disorder,0.3062528
b' ',2022-04-12 05:02:59,Not flowers or signs but I had snacks and drinks ready in the car. I jazzed up my apartment with balloons and made a cake and dinner ready \xf0\x9f\x98\x8b,0.23482013
b' ',2022-04-12 05:00:53,Why? Lol,0.00012948737
"b'In an ldr, currently struggling with ED'",2022-04-11 05:54:29,"""I've tried to post on an ED sub but they won't let me post, and I really need advice/venting as I'm meeting my partner in two days (we've been together for nearly 3 years). So I'm trying to reach out here. Please DM me if you're in the same situation or can add any advice/relate.""",0.032139152
b' ',2022-04-10 06:01:58,"""I totally understand your feelings. It seems like your gf is really honest and shares a lot of her experiences with you, also ensures you that you can trust her when she goes out with some guys. Solo trips is all about trying new things, finding yourself and meeting new people - having an adventure. Maybe you're a bit jealous that she gets to do it and without you as well. The whole getting home late at night by herself in a foreign country is valid to be concerned about and I would to. Maybe it doesn't feel fair to ask her to be a bit more safe, getting home earlier but I think it's a good idea to really share those feelings you have about it.""",0.03032724
b' ',2022-04-10 05:54:27,"My bf was kind of distance for two weeks after our last visit. I finally confronted him, and he said that it was hard being back home away from me and he didn\'t wanna ""bother"" me with his feelings. I told him that his feelings were really important to me and that  he can tell me anything and urged him that it was essential in order for us to be in a harmonic relationship. After that it\'s been good and he\'s more open.",0.06279688
"b""in an ldr relationship and meeting my bf after 3 months apart and I've lost a lot of weight""",2022-04-09 08:24:28,[eliminado],0.0033504413
b' ',2022-04-07 05:00:03,How to accept others as they are.,0.0907238
b' ',2022-04-07 04:54:58,"""No...you're not moving to be with your bf and his roommate..you're moving to be with HIM. If you don't get along I don't see how that would be fair to you. You just have to tell him that you rather save up money for when you guys can get an apartment or house. Be firm, tell him what you need and why. If you're nervous you can try to write it down beforehand.""",0.017880302
b' ',2022-04-06 05:09:35,"""I would just let them know that you've been talking to a girl for some time and started a relationship with her and you're really happy about it...why are you so concerned about how they will react? Is it the age, is it her nationality? Is it because its a long distance relationship? Like what are you afraid of? Dating is pretty normal \xf0\x9f\x98\x85""",0.17071001
b' ',2022-04-06 05:01:42,"""That's a bit fucked up""",0.05795284
b' ',2022-04-06 05:00:14,"""I thought so...if you haven't told her yet that that's what you meant and it made you really sad and was hard to see, but you still love her/care about her I suggest you tell her as soon as possible""",0.17011659
b' ',2022-04-05 17:11:46,"""That's very insensitive of him.\nYou need a supportive partner. You won't get anything out of this relationship except heartache and feeling bad about yourself""",0.026163068
b' ',2022-04-05 05:52:25,"""Ok, regrouping can be a valid reaction but leaving you unread for days is not acceptable. If he hasn't figured out how to feel about your break down, how is he going to handle it in the future? Some people just can't deal with it and that's ofcourse sad and hard for the other partner but I can imaging that, that's making you feel even worse and that's not what you need right now.""",0.10230449
b' ',2022-04-05 05:39:24,Did you in a sense mean they were gross because you were sad that someone you cared about hurt themselves?,0.28468
b' ',2022-04-04 07:40:16,"I always get emotional a week before my period, I think it\'s very normal. I also draw and paint and the inspiration just isn\'t always there. Sometimes it helps to just start a line, whatever the outcome might be.\n\nTry not to focus so much on your ""failures"" regarding work right now. You need to nurture your body and mind. Have you tried mindfulness? \n\nAbout your bf, sounds like he\'s very supportive and wants to cheer you up. Sometimes they don\'t always get to say the ""right"" things or what you want to hear. Maybe it\'ll help if you express what you want and need - it\'ll definitely help him to understand you better.\n\nI know being in the worldwind of your emotions can be overwhelming but try to take one day at a time...\n\nI wish you the best",0.1926919
