Title,Date,Text,Similarity
b' ',2022-10-15 21:03:09,"Kindly from the rest of the first world: the rest of the first world, where guns are pretty much impossible to get.",0.019746078
b' ',2022-10-15 16:46:52,"""That's a jupiter djinn from golden sun! It simply invoked the wind and moved!""",-0.00032057613
b' ',2022-10-12 16:19:12,"Never knew ""maki"" is short for Makima, huh",0.051506117
b' ',2022-10-06 23:40:03,"""I live in Barcelona and wasps are seen very rarely, only sometimes in sumer near fresh water like fountains in parks and the like. Inland like you said they are more common, although it is still rare to have any problem, just don't get to close or annoy them. l have never seen these hornet you were talking about.""",0.039542824
b' ',2022-10-04 02:27:21,"""That is a beautiful room if I've ever seen one. Well done my friend!""",0.053392522
b' ',2022-10-03 13:23:28,"""I really like the idea, and the transformation makes a lot of sense. However I'm not convinced of the automatic opening of mega satan's door. \n\nI'd would rather prefer enabling opening this or other event locked doors (boss rush, hush) with keys. Or maybe even better, as some other user pointed out, you use your head key to open them, but then the key breaks and you lose the transformation. I don't know, ideas.\n\nBut your idea is a really neat concept, I love it!""",0.08520358
b' ',2022-09-29 17:00:46,"Bollos, boller\xc3\xada, pastas, dulces",-0.016659394
b' ',2022-09-22 21:12:38,C-section is better. The c stands for card.,0.04347497
b' ',2022-09-20 17:38:10,"Depends on the region. Here in Catalonia is just like in France, clara is always with lemon fanta (or equivalent). In Madrid however, you have to specify a ""clara con limon"", otherwise you get casera.",-0.015354753
b' ',2022-09-20 00:31:43,"Wow wow wait, this is sudden harmony",0.088266805
b' ',2022-09-18 01:40:19,Floquet de Neu,-0.0064671934
